CBSA_Code,horizon,year,y_true,y_pred,y_base,abs_err_model,abs_err_base,mape_model
10100,1,2017,51652.234375,50506.625,53124.87125,1145.609375,1472.6368749999965,2.2179280119476923
10100,2,2018,54317.15625,51998.90625,53124.87125,2318.25,1192.2850000000035,4.267988532628675
10100,3,2019,54190.0,52666.2265625,53124.87125,1523.7734375,1065.1287500000035,2.8119089084701976
10140,1,2017,39149.953125,37475.55078125,38393.355,1674.40234375,756.5981249999968,4.27689488772536
10140,2,2018,39713.4375,38026.98046875,38393.355,1686.45703125,1320.0824999999968,4.246565236892424
10140,3,2019,40470.0,38673.86328125,38393.355,1796.13671875,2076.644999999997,4.438193028786755
10180,1,2017,42102.34375,41977.1015625,41700.40833333333,125.2421875,401.93541666666715,0.2974708207307343
10180,2,2018,43536.2109375,42614.8671875,41700.40833333333,921.34375,1835.8026041666672,2.116269951288753
10180,3,2019,45049.0,43222.58203125,41700.40833333333,1826.41796875,3348.591666666667,4.054291923794091
10220,1,2017,42772.109375,38296.5234375,41797.36125,4475.5859375,974.7481249999983,10.463795222865366
10220,2,2018,43676.73828125,38572.71484375,41797.36125,5104.0234375,1879.3770312499983,11.685907964631847
10220,3,2019,45106.0,38946.81640625,41797.36125,6159.18359375,3308.6387499999983,13.654909754245557
10300,1,2017,38631.4609375,36650.8046875,38875.98875,1980.65625,244.5278124999968,5.127055001115307
10300,2,2018,39636.046875,36763.32421875,38875.98875,2872.72265625,760.0581250000032,7.247752696704822
10300,3,2019,40119.0,37041.90625,38875.98875,3077.09375,1243.0112500000032,7.669916373787982
10420,1,2017,49208.94921875,44047.2578125,48442.365,5161.69140625,766.584218750002,10.489334741338572
10420,2,2018,49997.4453125,44909.41796875,48442.365,5088.02734375,1555.080312500002,10.176574646860862
10420,3,2019,50915.0,45381.04296875,48442.365,5533.95703125,2472.635000000002,10.869011158303055
10460,1,2017,34666.07421875,34674.06640625,35259.964583333334,7.9921875,593.8903645833343,0.023054781021836123
10460,2,2018,35091.28515625,34878.54296875,35259.964583333334,212.7421875,168.6794270833343,0.6062536226665074
10460,3,2019,35102.0,35374.6875,35259.964583333334,272.6875,157.9645833333343,0.7768431998176741
10500,1,2017,36824.5546875,35380.21875,36691.88458333333,1444.3359375,132.67010416666744,3.922208835264683
10500,2,2018,36780.6796875,35541.0078125,36691.88458333333,1239.671875,88.79510416666744,3.370443084610275
10500,3,2019,37905.0,35879.66796875,36691.88458333333,2025.33203125,1213.1154166666674,5.343179082574858
10540,1,2017,42357.94140625,37702.9453125,41575.754583333335,4654.99609375,782.1868229166648,10.989665548437502
10540,2,2018,43872.25390625,37926.72265625,41575.754583333335,5945.53125,2296.499322916665,13.551916577399743
10540,3,2019,44306.0,38325.88671875,41575.754583333335,5980.11328125,2730.245416666665,13.497298969101251
10580,1,2017,57070.86328125,54144.296875,55412.32083333333,2926.56640625,1658.5424479166686,5.127951879451403
10580,2,2018,57214.2734375,54634.97265625,55412.32083333333,2579.30078125,1801.9526041666686,4.508142158036121
10580,3,2019,58358.0,54853.3515625,55412.32083333333,3504.6484375,2945.6791666666686,6.0054293113197845
10620,1,2017,39213.59375,35974.9921875,38479.65375,3238.6015625,733.9400000000023,8.258874672765742
10620,2,2018,39412.015625,36270.07421875,38479.65375,3141.94140625,932.3618750000023,7.972039380439579
10620,3,2019,40243.0,36729.015625,38479.65375,3513.984375,1763.3462500000023,8.731914556568844
10660,1,2017,44222.22265625,43453.59765625,42764.75958333333,768.625,1457.4630729166674,1.7380967166094465
10660,2,2018,44321.33203125,43813.61328125,42764.75958333333,507.71875,1556.5724479166674,1.14554036787978
10660,3,2019,44553.0,44349.94921875,42764.75958333333,203.05078125,1788.2404166666674,0.45575108578546897
10700,1,2017,36050.46484375,33695.81640625,35815.04666666667,2354.6484375,235.4181770833311,6.531534191599254
10700,2,2018,36301.05078125,33917.76171875,35815.04666666667,2383.2890625,486.0041145833311,6.565344559477607
10700,3,2019,37674.0,34350.1171875,35815.04666666667,3323.8828125,1858.953333333331,8.822749940277113
10740,1,2017,42582.23828125,39520.9453125,42682.7225,3061.29296875,100.48421875000349,7.18913117842836
10740,2,2018,42969.00390625,39838.73828125,42682.7225,3130.265625,286.2814062499965,7.284938770816354
10740,3,2019,44616.0,40192.38671875,42682.7225,4423.61328125,1933.2774999999965,9.914858528890981
10760,1,2017,38095.23046875,35333.87109375,38244.19666666667,2761.359375,148.96619791667035,7.248569810504699
10760,2,2018,38590.23046875,35650.203125,38244.19666666667,2940.02734375,346.03380208332965,7.6185793866424465
10760,3,2019,40133.0,36210.71875,38244.19666666667,3922.28125,1888.8033333333296,9.773207211023347
10780,1,2017,42042.87890625,43065.9453125,42479.22791666667,1023.06640625,436.34901041667035,2.4333880858427923
10780,2,2018,42639.0703125,43498.50390625,42479.22791666667,859.43359375,159.84239583332965,2.015601155117235
10780,3,2019,43553.0,44053.25,42479.22791666667,500.25,1073.7720833333296,1.1486005556448466
10820,1,2017,51323.61328125,49457.9296875,53385.89833333333,1865.68359375,2062.285052083331,3.635136878469911
10820,2,2018,51049.37109375,50674.7421875,53385.89833333333,374.62890625,2336.527239583331,0.7338560656545796
10820,3,2019,51249.0,51673.67578125,53385.89833333333,424.67578125,2136.898333333331,0.8286518395480887
10860,1,2017,41625.58203125,37590.453125,39970.17166666667,4035.12890625,1655.410364583331,9.693867831615343
10860,2,2018,42148.23828125,38153.109375,39970.17166666667,3995.12890625,2178.066614583331,9.47875657243607
10860,3,2019,43343.0,38795.79296875,39970.17166666667,4547.20703125,3372.828333333331,10.491214339685763
10900,1,2017,52293.83203125,50955.63671875,52083.95916666667,1338.1953125,209.87286458333256,2.558992639323725
10900,2,2018,53073.7890625,51335.55859375,52083.95916666667,1738.23046875,989.8298958333326,3.2751203549892582
10900,3,2019,54955.0,51482.859375,52083.95916666667,3472.140625,2871.0408333333326,6.318152351924302
10940,1,2017,35867.8984375,35236.984375,35827.831666666665,630.9140625,40.066770833334886,1.7589936683894962
10940,2,2018,36283.73828125,35438.39453125,35827.831666666665,845.34375,455.9066145833349,2.3298143742725657
10940,3,2019,36084.0,35897.91796875,35827.831666666665,186.08203125,256.1683333333349,0.5156912516627868
10980,1,2017,40267.2734375,37536.21484375,39671.855,2731.05859375,595.4184374999968,6.782328080864366
10980,2,2018,39995.51171875,37941.77734375,39671.855,2053.734375,323.6567187499968,5.134912110743676
10980,3,2019,40432.0,38482.1328125,39671.855,1949.8671875,760.1449999999968,4.822584060892362
11020,1,2017,44617.6171875,40152.53515625,44339.44541666667,4465.08203125,278.1717708333308,10.007441707355296
11020,2,2018,45818.26171875,40561.54296875,44339.44541666667,5256.71875,1478.8163020833308,11.472977264540827
11020,3,2019,46395.0,41004.328125,44339.44541666667,5390.671875,2055.554583333331,11.619079372777238
11060,1,2017,40007.50390625,39587.19921875,38845.09166666667,420.3046875,1162.4122395833328,1.050564635286681
11060,2,2018,40361.08984375,39913.44921875,38845.09166666667,447.640625,1515.9981770833328,1.1090895382977823
11060,3,2019,42435.0,40273.90625,38845.09166666667,2161.09375,3589.908333333333,5.0927153293272065
11100,1,2017,45932.109375,41205.26953125,45272.75041666667,4726.83984375,659.3589583333305,10.290926996535307
11100,2,2018,46582.00390625,42000.41015625,45272.75041666667,4581.59375,1309.2534895833305,9.835544557552362
11100,3,2019,48372.0,42711.09375,45272.75041666667,5660.90625,3099.2495833333305,11.702857541552964
11140,1,2017,35782.3515625,33150.96875,34623.910833333335,2631.3828125,1158.4407291666648,7.353856573411168
11140,2,2018,35476.2109375,33130.43359375,34623.910833333335,2345.77734375,852.3001041666648,6.612254470700546
11140,3,2019,36688.0,33372.6015625,34623.910833333335,3315.3984375,2064.089166666665,9.036738000163542
11180,1,2017,42464.3515625,42481.6171875,42590.03125,17.265625,125.6796875,0.04065910431856721
11180,2,2018,43621.74609375,43024.23828125,42590.03125,597.5078125,1031.71484375,1.3697475823545935
11180,3,2019,44051.0,43589.421875,42590.03125,461.578125,1460.96875,1.0478266668180063
11220,1,2017,41966.72265625,38805.71484375,40779.888333333336,3161.0078125,1186.834322916664,7.532176954564354
11220,2,2018,40751.10546875,38941.03515625,40779.888333333336,1810.0703125,28.78286458333605,4.441769840791321
11220,3,2019,41971.0,39130.7265625,40779.888333333336,2840.2734375,1191.111666666664,6.767228413666579
11260,1,2017,60634.59375,61474.2890625,61103.776666666665,839.6953125,469.1829166666648,1.3848452847925612
11260,2,2018,61806.89453125,62237.46484375,61103.776666666665,430.5703125,703.1178645833352,0.6966379976950641
11260,3,2019,62030.0,62331.828125,61103.776666666665,301.828125,926.2233333333352,0.48658411252619704
11380,1,2017,47686.8515625,37013.12890625,43329.43041666667,10673.72265625,4357.42114583333,22.382946884762685
11380,2,2018,52478.0703125,37328.51953125,43329.43041666667,15149.55078125,9148.63989583333,28.868345750970683
11380,3,2019,52905.0,37758.078125,43329.43041666667,15146.921875,9575.56958333333,28.630416548530384
11420,1,2017,43266.609375,38166.9609375,41907.09916666667,5099.6484375,1359.5102083333331,11.786568236258981
11420,2,2018,44558.6015625,38345.66015625,41907.09916666667,6212.94140625,2651.502395833333,13.943304296781925
11420,3,2019,45147.0,38601.890625,41907.09916666667,6545.109375,3239.900833333333,14.497329556781184
11460,1,2017,57890.85546875,54100.8359375,56740.895416666666,3790.01953125,1149.9600520833337,6.546836284524914
11460,2,2018,58823.21875,54390.390625,56740.895416666666,4432.828125,2082.3233333333337,7.535847611195197
11460,3,2019,60743.0,54121.20703125,56740.895416666666,6621.79296875,4002.1045833333337,10.901326850418979
11500,1,2017,36195.4765625,34859.8515625,36238.01708333333,1335.625,42.540520833332266,3.690032918046346
11500,2,2018,36295.95703125,35058.15625,36238.01708333333,1237.80078125,57.939947916667734,3.4102993349487423
11500,3,2019,36761.0,35448.63671875,36238.01708333333,1312.36328125,522.9829166666677,3.5699879797883622
11540,1,2017,50240.71875,45999.05078125,49711.27625,4241.66796875,529.4424999999974,8.442689663451521
11540,2,2018,50886.4375,46413.01171875,49711.27625,4473.42578125,1175.1612499999974,8.790998153977668
11540,3,2019,51944.0,46569.95703125,49711.27625,5374.04296875,2232.7237499999974,10.345839690339597
11580,1,2017,27125.482421875,25467.60546875,27016.83583333333,1657.876953125,108.64658854166919,6.11188006664916
11580,2,2018,27177.92578125,25571.873046875,27016.83583333333,1606.052734375,161.0899479166692,5.909401428577794
11580,3,2019,28404.0,26116.91796875,27016.83583333333,2287.08203125,1387.1641666666692,8.051971663322067
11620,1,2017,41896.82421875,38551.6015625,41806.95,3345.22265625,89.87421875000291,7.984430129558411
11620,2,2018,43006.68359375,39257.2265625,41806.95,3749.45703125,1199.733593750003,8.718312406202125
11620,3,2019,42877.0,40109.54296875,41806.95,2767.45703125,1070.050000000003,6.45440919665555
11660,1,2017,36853.765625,34333.27734375,36160.24166666667,2520.48828125,693.5239583333314,6.839160770969384
11660,2,2018,37097.375,34525.359375,36160.24166666667,2572.015625,937.1333333333314,6.933147224028654
11660,3,2019,38392.0,34903.4453125,36160.24166666667,3488.5546875,2231.7583333333314,9.086670888466347
11700,1,2017,44710.46484375,40013.31640625,44005.97,4697.1484375,704.4948437499988,10.505702532763102
11700,2,2018,45797.8984375,40345.22265625,44005.97,5452.67578125,1791.9284374999988,11.905951948190854
11700,3,2019,47747.0,40702.7265625,44005.97,7044.2734375,3741.029999999999,14.753332015624018
11740,1,2017,38903.75,35869.296875,38238.86958333333,3034.453125,664.8804166666669,7.799898788677185
11740,2,2018,39530.140625,35985.96875,38238.86958333333,3544.171875,1291.2710416666669,8.965745679028938
11740,3,2019,39165.0,36319.7421875,38238.86958333333,2845.2578125,926.1304166666669,7.264797172220094
11820,1,2017,43405.36328125,40041.2578125,42317.28458333333,3364.10546875,1088.0786979166733,7.750437306449655
11820,2,2018,44779.578125,40309.88671875,42317.28458333333,4469.69140625,2462.2935416666733,9.981539785330435
11820,3,2019,44885.0,40587.2109375,42317.28458333333,4297.7890625,2567.7154166666733,9.575112092012922
11860,1,2017,37533.96484375,34503.89453125,36667.38,3030.0703125,866.5848437500026,8.07287566105491
11860,2,2018,37789.83203125,34623.41796875,36667.38,3166.4140625,1122.4520312500026,8.379010681713428
11860,3,2019,38336.0,34948.953125,36667.38,3387.046875,1668.6200000000026,8.835159836707012
11900,1,2017,34855.9453125,31824.466796875,34237.16458333333,3031.478515625,618.7807291666686,8.697163391915968
11900,2,2018,35022.0390625,31782.939453125,34237.16458333333,3239.099609375,784.8744791666686,9.24874649244304
11900,3,2019,35685.0,32165.447265625,34237.16458333333,3519.552734375,1447.8354166666686,9.8628351810985
11940,1,2017,36397.8671875,34311.84375,35823.57,2086.0234375,574.2971875000003,5.731169430214296
11940,2,2018,37106.5390625,34435.1953125,35823.57,2671.34375,1282.9690625000003,7.199118585272937
11940,3,2019,37581.0,34740.94140625,35823.57,2840.05859375,1757.4300000000003,7.557166104547511
11980,1,2017,40927.6484375,35974.9296875,39735.78,4952.71875,1191.8684375000012,12.101156404241555
11980,2,2018,40328.50390625,36336.95703125,39735.78,3991.546875,592.7239062500012,9.897582326086244
11980,3,2019,42404.0,36988.35546875,39735.78,5415.64453125,2668.220000000001,12.771541673544947
12020,1,2017,40185.8984375,35760.07421875,39228.64166666667,4425.82421875,957.2567708333299,11.013376310681123
12020,2,2018,40615.66796875,35862.58203125,39228.64166666667,4753.0859375,1387.02630208333,11.702592066581447
12020,3,2019,41613.0,36243.5,39228.64166666667,5369.5,2384.35833333333,12.903419604450534
12060,1,2017,53123.21484375,49158.26171875,51512.895833333336,3964.953125,1610.3190104166642,7.4636919784731
12060,2,2018,54055.44921875,49124.46484375,51512.895833333336,4930.984375,2542.5533854166642,9.122085647730792
12060,3,2019,55471.0,48931.625,51512.895833333336,6539.375,3958.1041666666642,11.788817580357303
12100,1,2017,46306.6328125,46385.37109375,45959.94416666667,78.73828125,346.688645833332,0.17003672361326477
12100,2,2018,47032.09765625,46791.04296875,45959.94416666667,241.0546875,1072.153489583332,0.5125322907386137
12100,3,2019,49154.0,46828.55078125,45959.94416666667,2325.44921875,3194.055833333332,4.730946044574195
12140,1,2017,44206.57421875,38416.640625,43290.01,5789.93359375,916.564218749998,13.097449182782928
12140,2,2018,45105.4375,39395.80859375,43290.01,5709.62890625,1815.427499999998,12.658404890208635
12140,3,2019,45119.0,40483.75,43290.01,4635.25,1828.989999999998,10.273388151333142
12180,1,2017,42601.01953125,40930.12890625,41437.25041666667,1670.890625,1163.7691145833305,3.9221845941370423
12180,2,2018,42382.453125,41287.44921875,41437.25041666667,1095.00390625,945.2027083333305,2.5836255938760035
12180,3,2019,44266.0,41684.65234375,41437.25041666667,2581.34765625,2828.7495833333305,5.831445480165364
12220,1,2017,37192.8203125,35390.59375,36991.26666666667,1802.2265625,201.55364583332994,4.845630278525278
12220,2,2018,37185.96875,35499.58203125,36991.26666666667,1686.38671875,194.70208333332994,4.535008164201719
12220,3,2019,38989.0,35854.58984375,36991.26666666667,3134.41015625,1997.73333333333,8.039216589935624
12260,1,2017,42114.86328125,38527.28125,41376.52166666667,3587.58203125,738.3416145833326,8.518565066426872
12260,2,2018,42341.71875,38916.96875,41376.52166666667,3424.75,965.1970833333326,8.08835848214121
12260,3,2019,43465.0,39385.625,41376.52166666667,4079.375,2088.4783333333326,9.385425054641667
12300,1,2017,44164.84765625,42525.74609375,44029.409166666665,1639.1015625,135.43848958333547,3.711326200551361
12300,2,2018,44752.08203125,42864.85546875,44029.409166666665,1887.2265625,722.6728645833355,4.2170698587434785
12300,3,2019,45897.0,43103.9375,44029.409166666665,2793.0625,1867.5908333333355,6.085501231017278
12380,1,2017,46621.6953125,45034.3046875,46374.39125,1587.390625,247.30406249999942,3.4048324805863417
12380,2,2018,46288.7265625,46110.625,46374.39125,178.1015625,85.66468750000058,0.3847622860385316
12380,3,2019,45498.0,47109.16015625,46374.39125,1611.16015625,876.3912500000006,3.5411669881093677
12420,1,2017,58684.765625,50246.484375,55901.34708333333,8438.28125,2783.4185416666733,14.378997956507558
12420,2,2018,60936.23046875,51178.46484375,55901.34708333333,9757.765625,5034.883385416673,16.013077195518495
12420,3,2019,62444.0,52012.30078125,55901.34708333333,10431.69921875,6542.652916666673,16.70568704559285
12460,1,2017,32573.3203125,34555.4921875,33014.06625,1982.171875,440.7459375000035,6.0852619750874535
12460,2,2018,33318.390625,34508.078125,33014.06625,1189.6875,304.3243749999965,3.5706631613452973
12460,3,2019,33824.0,34702.8125,33014.06625,878.8125,809.9337499999965,2.5981921121097447
12540,1,2017,38162.0,36650.2109375,38538.25166666667,1511.7890625,376.25166666667064,3.961503753734081
12540,2,2018,38254.1875,36850.54296875,38538.25166666667,1403.64453125,284.06416666667064,3.669257205502012
12540,3,2019,39301.0,37151.62890625,38538.25166666667,2149.37109375,762.7483333333294,5.468998482863031
12580,1,2017,60032.640625,56779.04296875,59367.1475,3253.59765625,665.4931250000009,5.419714379338949
12580,2,2018,60527.88671875,57809.91015625,59367.1475,2717.9765625,1160.7392187500009,4.490453425425871
12580,3,2019,61797.0,58755.1015625,59367.1475,3041.8984375,2429.852500000001,4.922404708157354
12620,1,2017,41202.0234375,37263.6484375,40885.364583333336,3938.375,316.65885416666424,9.55869316946092
12620,2,2018,41924.2109375,37515.01953125,40885.364583333336,4409.19140625,1038.8463541666642,10.517052814239387
12620,3,2019,42732.0,37904.40625,40885.364583333336,4827.59375,1846.6354166666642,11.297373748010859
12660,1,2017,47251.81640625,43215.99609375,46419.13875,4035.8203125,832.6776562500017,8.54109031026833
12660,2,2018,48660.390625,43630.71875,46419.13875,5029.671875,2241.2518750000017,10.336275172472478
12660,3,2019,52252.0,43943.73046875,46419.13875,8308.26953125,5832.861250000002,15.900385690978336
12700,1,2017,66931.640625,61077.765625,66431.92541666667,5853.875,499.7152083333349,8.7460503662202
12700,2,2018,68268.1328125,62531.09765625,66431.92541666667,5737.03515625,1836.2073958333349,8.403679608473984
12700,3,2019,72787.0,62856.40625,66431.92541666667,9930.59375,6355.074583333335,13.643361795375547
12740,1,2017,58052.55859375,47882.65234375,58068.40458333334,10169.90625,15.845989583336632,17.518446208665303
12740,2,2018,58737.6796875,48716.94921875,58068.40458333334,10020.73046875,669.2751041666634,17.060140138430626
12740,3,2019,58793.0,49328.67578125,58068.40458333334,9464.32421875,724.5954166666634,16.097705881227355
12780,1,2017,61325.2265625,76674.109375,55487.965416666666,15348.8828125,5837.261145833334,25.02866059020114
12780,2,2018,67602.1484375,73333.3046875,55487.965416666666,5731.15625,12114.183020833334,8.477772352602976
12780,3,2019,62416.0,66050.734375,55487.965416666666,3634.734375,6928.034583333334,5.823401651820046
12860,1,2017,43258.265625,42450.109375,42335.39666666667,808.15625,922.8689583333326,1.8682123250289233
12860,2,2018,43187.9453125,42783.890625,42335.39666666667,404.0546875,852.5486458333326,0.9355728423205476
12860,3,2019,44308.0,43353.80078125,42335.39666666667,954.19921875,1972.6033333333326,2.153559670375553
12900,1,2017,35191.87109375,34000.9453125,35046.88125,1190.92578125,144.98984375000146,3.38409338360388
12900,2,2018,35272.546875,33987.88671875,35046.88125,1284.66015625,225.66562500000146,3.642096389587688
12900,3,2019,35612.0,34297.32421875,35046.88125,1314.67578125,565.1187500000015,3.691665116393351
12940,1,2017,47318.58203125,46944.16015625,46946.52,374.421875,372.0620312500032,0.7912787301038002
12940,2,2018,48309.0703125,47692.55859375,46946.52,616.51171875,1362.5503125000032,1.2761821222431542
12940,3,2019,49089.0,48253.625,46946.52,835.375,2142.480000000003,1.7017559942145897
12980,1,2017,39630.890625,37260.3359375,39813.55541666667,2370.5546875,182.66479166666977,5.981583179472136
12980,2,2018,39557.63671875,37636.6875,39813.55541666667,1920.94921875,255.91869791666977,4.856076798540105
12980,3,2019,40009.0,38216.00390625,39813.55541666667,1792.99609375,195.44458333333023,4.481481900947286
13020,1,2017,41137.33984375,40019.859375,41581.081666666665,1117.48046875,443.7418229166651,2.716462641956123
13020,2,2018,42454.75390625,40257.15234375,41581.081666666665,2197.6015625,873.6722395833349,5.1763380076417755
13020,3,2019,42643.0,40568.08203125,41581.081666666665,2074.91796875,1061.9183333333349,4.865787981028539
13060,1,2017,43299.9921875,38727.05859375,43226.085,4572.93359375,73.90718750000087,10.561049466124688
13060,2,2018,44043.33203125,39249.8515625,43226.085,4793.48046875,817.2470312500009,10.883555461582445
13060,3,2019,45748.0,39754.87890625,43226.085,5993.12109375,2521.915000000001,13.100290928018712
13100,1,2017,45767.2734375,47798.5234375,45668.02,2031.25,99.2534375000032,4.438215011374632
13100,2,2018,47146.15234375,48722.34375,45668.02,1576.19140625,1478.1323437500032,3.343202632439103
13100,3,2019,48612.0,49340.7578125,45668.02,728.7578125,2943.980000000003,1.4991315158808525
13140,1,2017,43828.921875,40953.50390625,43720.43833333333,2875.41796875,108.48354166666832,6.560549166485743
13140,2,2018,44109.5234375,41646.93359375,43720.43833333333,2462.58984375,389.0851041666683,5.582898321808694
13140,3,2019,44384.0,42407.62109375,43720.43833333333,1976.37890625,663.5616666666683,4.452908494615176
13180,1,2017,43448.13671875,40886.2109375,43027.9175,2561.92578125,420.2192187499968,5.8965147293517965
13180,2,2018,44038.2421875,41285.828125,43027.9175,2752.4140625,1010.3246874999968,6.250054329555545
13180,3,2019,44901.0,41716.8671875,43027.9175,3184.1328125,1873.0824999999968,7.091451888599363
13220,1,2017,38294.4921875,37640.24609375,36639.67916666667,654.24609375,1654.8130208333314,1.708460032702973
13220,2,2018,39483.296875,37864.08984375,36639.67916666667,1619.20703125,2843.6177083333314,4.100992468729855
13220,3,2019,40829.0,38113.46875,36639.67916666667,2715.53125,4189.320833333331,6.650986431213108
13260,1,2017,40634.49609375,36605.41796875,40116.13375,4029.078125,518.3623437499991,9.915413041432334
13260,2,2018,41496.515625,36843.17578125,40116.13375,4653.33984375,1380.3818749999991,11.213808614202172
13260,3,2019,42887.0,37191.97265625,40116.13375,5695.02734375,2770.866249999999,13.27914599703873
13300,1,2017,29684.568359375,29205.275390625,28616.02625,479.29296875,1068.542109375001,1.6146199700378308
13300,2,2018,30444.6953125,29233.669921875,28616.02625,1211.025390625,1828.669062500001,3.977787848406473
13300,3,2019,31065.0,29741.982421875,28616.02625,1323.017578125,2448.973750000001,4.2588687530178655
13340,1,2017,42206.671875,40099.421875,41429.7925,2107.25,776.8793749999968,4.992694060884183
13340,2,2018,42924.19921875,40486.296875,41429.7925,2437.90234375,1494.4067187499968,5.679552299452296
13340,3,2019,42592.0,40984.6953125,41429.7925,1607.3046875,1162.2074999999968,3.7737243789913597
13380,1,2017,47430.2109375,43101.609375,46888.9875,4328.6015625,541.2234374999971,9.126254083507892
13380,2,2018,49056.51953125,43816.38671875,46888.9875,5240.1328125,2167.532031249997,10.6818275380542
13380,3,2019,51191.0,44565.1484375,46888.9875,6625.8515625,4302.012499999997,12.9433915385517
13420,1,2017,41449.2734375,36578.296875,41253.99875,4870.9765625,195.27468750000116,11.751657287418524
13420,2,2018,42799.96484375,37084.46875,41253.99875,5715.49609375,1545.9660937500012,13.353973804921532
13420,3,2019,42687.0,37702.6875,41253.99875,4984.3125,1433.0012500000012,11.67641787897955
13460,1,2017,54912.3828125,43876.390625,53036.441666666666,11035.9921875,1875.9411458333343,20.097456388266252
13460,2,2018,56529.96484375,44089.28125,53036.441666666666,12440.68359375,3493.5231770833343,22.00723745032623
13460,3,2019,57770.0,44173.26171875,53036.441666666666,13596.73828125,4733.558333333334,23.53598456162368
13540,1,2017,50937.609375,48659.37109375,50496.488333333335,2278.23828125,441.1210416666654,4.472605426920862
13540,2,2018,51388.46875,49171.7890625,50496.488333333335,2216.6796875,891.9804166666654,4.3135741177343405
13540,3,2019,52804.0,49193.84765625,50496.488333333335,3610.15234375,2307.5116666666654,6.8368917956026065
13660,1,2017,36317.5390625,31945.5546875,35155.55375,4371.984375,1161.9853125000009,12.038217588135899
13660,2,2018,36538.31640625,31945.453125,35155.55375,4592.86328125,1382.7626562500009,12.569991540344688
13660,3,2019,36991.0,32347.283203125,35155.55375,4643.716796875,1835.4462500000009,12.553639525492688
13700,1,2017,40822.28125,39632.64453125,38467.934166666666,1189.63671875,2354.347083333334,2.914184808694394
13700,2,2018,46594.22265625,40300.3125,38467.934166666666,6293.91015625,8126.288489583334,13.50791964635503
13700,3,2019,46426.0,40998.5078125,38467.934166666666,5427.4921875,7958.065833333334,11.690630654159309
13740,1,2017,51625.109375,48638.5,50322.82541666667,2986.609375,1302.2839583333334,5.785187501116069
13740,2,2018,52530.0078125,49315.3046875,50322.82541666667,3214.703125,2207.1823958333334,6.119746139148739
13740,3,2019,52851.0,50005.84765625,50322.82541666667,2845.15234375,2528.1745833333334,5.383346282473369
13780,1,2017,42911.90625,41163.28515625,41464.95125,1748.62109375,1446.9550000000017,4.07490891586761
13780,2,2018,42865.13671875,41635.45703125,41464.95125,1229.6796875,1400.1854687500017,2.868717521113412
13780,3,2019,43922.0,42218.3828125,41464.95125,1703.6171875,2457.0487500000017,3.878733180410728
13820,1,2017,50196.90234375,45600.15234375,49017.69,4596.75,1179.2123437499977,9.157437581548972
13820,2,2018,51004.5625,45996.8984375,49017.69,5007.6640625,1986.8724999999977,9.818070809841767
13820,3,2019,51900.0,45993.12109375,49017.69,5906.87890625,2882.3099999999977,11.381269568882466
13900,1,2017,55971.28125,59117.2421875,57633.71458333333,3145.9609375,1662.433333333327,5.620669863618675
13900,2,2018,56944.421875,60233.7421875,57633.71458333333,3289.3203125,689.292708333327,5.776369667463587
13900,3,2019,57622.0,60495.94140625,57633.71458333333,2873.94140625,11.714583333327028,4.987576630887508
13940,1,2017,34071.42578125,32710.587890625,34547.200833333336,1360.837890625,475.77505208333605,3.9940738006153205
13940,2,2018,35090.26953125,32858.09375,34547.200833333336,2232.17578125,543.068697916664,6.36123863130237
13940,3,2019,37017.0,33225.84765625,34547.200833333336,3791.15234375,2469.799166666664,10.241652061890482
13980,1,2017,37359.7421875,34354.92578125,36701.473333333335,3004.81640625,658.2688541666648,8.042925968732636
13980,2,2018,38096.34765625,34441.38671875,36701.473333333335,3654.9609375,1394.8743229166648,9.593993026521469
13980,3,2019,38417.0,34811.4765625,36701.473333333335,3605.5234375,1715.5266666666648,9.38522903271989
14010,1,2017,49000.296875,45939.58984375,49319.20291666667,3060.70703125,318.9060416666689,6.246303035791556
14010,2,2018,49872.19140625,46241.140625,49319.20291666667,3631.05078125,552.9884895833311,7.280712314548415
14010,3,2019,49833.0,46344.90234375,49319.20291666667,3488.09765625,513.7970833333311,6.99957388929023
14020,1,2017,42997.453125,36812.2890625,41627.96,6185.1640625,1369.4931250000009,14.384954486766476
14020,2,2018,43963.90234375,37101.9765625,41627.96,6861.92578125,2335.942343750001,15.60809076409366
14020,3,2019,44928.0,37555.4609375,41627.96,7372.5390625,3300.040000000001,16.409675619880698
14100,1,2017,45111.0703125,43961.44140625,44521.63166666667,1149.62890625,589.438645833332,2.548440766947276
14100,2,2018,45763.2734375,44163.5390625,44521.63166666667,1599.734375,1241.641770833332,3.495672959638247
14100,3,2019,46249.0,44747.57421875,44521.63166666667,1501.42578125,1727.368333333332,3.2463962058639106
14140,1,2017,37059.28515625,36942.90625,35783.08416666667,116.37890625,1276.2009895833326,0.31403440665226334
14140,2,2018,37437.49609375,37197.2578125,35783.08416666667,240.23828125,1654.4119270833326,0.6417049918306544
14140,3,2019,37878.0,37554.8359375,35783.08416666667,323.1640625,2094.9158333333326,0.8531708709541159
14180,1,2017,31615.619140625,32222.857421875,31054.765,607.23828125,560.8541406250006,1.9206907780266098
14180,2,2018,32951.796875,32027.6796875,31054.765,924.1171875,1897.0318750000006,2.8044515781811974
14180,3,2019,35221.0,32276.1796875,31054.765,2944.8203125,4166.235000000001,8.360978712983732
14220,1,2017,33799.13671875,32961.19921875,33633.073333333334,837.9375,166.06338541666628,2.4791683496908843
14220,2,2018,34083.1484375,33154.29296875,33633.073333333334,928.85546875,450.0751041666663,2.7252631031234964
14220,3,2019,35650.0,33605.07421875,33633.073333333334,2044.92578125,2016.9266666666663,5.736117198457223
14260,1,2017,45230.0,40559.33984375,44295.763333333336,4670.66015625,934.236666666664,10.326465081251381
14260,2,2018,46454.7109375,40909.68359375,44295.763333333336,5545.02734375,2158.947604166664,11.936415557961947
14260,3,2019,47979.0,41159.33203125,44295.763333333336,6819.66796875,3683.236666666664,14.213860165384856
14300,1,2017,38759.78125,33987.34765625,38519.074166666665,4772.43359375,240.7070833333346,12.312849659722989
14300,2,2018,39080.04296875,34207.2421875,38519.074166666665,4872.80078125,560.9688020833346,12.468770275269376
14300,3,2019,40834.0,34593.203125,38519.074166666665,6240.796875,2314.9258333333346,15.283334659842287
14380,1,2017,37312.796875,34867.203125,36703.60416666666,2445.59375,609.192708333343,6.554302959901073
14380,2,2018,38351.9453125,35136.78125,36703.60416666666,3215.1640625,1648.341145833343,8.38331416125608
14380,3,2019,40161.0,35523.88671875,36703.60416666666,4637.11328125,3457.395833333343,11.546309308159659
14420,1,2017,41452.40234375,42156.94921875,42941.61875,704.546875,1489.2164062500015,1.6996526984309468
14420,2,2018,42762.28515625,42494.90234375,42941.61875,267.3828125,179.33359375000146,0.6252771841425322
14420,3,2019,43235.0,42757.44140625,42941.61875,477.55859375,293.38124999999854,1.104564805712964
14460,1,2017,76074.6640625,69634.7265625,74291.50416666667,6439.9375,1783.1598958333343,8.465285492038712
14460,2,2018,77996.1328125,72059.640625,74291.50416666667,5936.4921875,3704.6286458333343,7.611264781256683
14460,3,2019,80093.0,72875.921875,74291.50416666667,7217.078125,5801.495833333334,9.010872516949046
14500,1,2017,71324.7578125,58870.53125,68350.74083333333,12454.2265625,2974.0169791666704,17.461295270346277
14500,2,2018,72864.828125,59919.06640625,68350.74083333333,12945.76171875,4514.08729166667,17.766818438851566
14500,3,2019,78583.0,60074.9453125,68350.74083333333,18508.0546875,10232.25916666667,23.55223736367917
14540,1,2017,37083.28125,35964.93359375,37033.88333333333,1118.34765625,49.39791666666861,3.015773196310669
14540,2,2018,36664.58984375,36202.26171875,37033.88333333333,462.328125,369.2934895833314,1.2609663082834415
14540,3,2019,37501.0,36640.17578125,37033.88333333333,860.82421875,467.1166666666686,2.2954700374656674
14580,1,2017,54432.48828125,50129.53515625,52420.630833333336,4302.953125,2011.8574479166637,7.905119278705122
14580,2,2018,56026.9140625,50451.05859375,52420.630833333336,5575.85546875,3606.2832291666637,9.952101703352671
14580,3,2019,59028.0,50446.58984375,52420.630833333336,8581.41015625,6607.369166666664,14.537863651572136
14620,1,2017,43402.23046875,44942.91015625,43340.08458333334,1540.6796875,62.14588541666308,3.5497707626093167
14620,2,2018,43707.28515625,45579.4453125,43340.08458333334,1872.16015625,367.2005729166631,4.283405271128553
14620,3,2019,44181.0,46240.53515625,43340.08458333334,2059.53515625,840.9154166666631,4.661585650505874
14660,1,2017,45038.04296875,39780.9765625,44563.182916666665,5257.06640625,474.8600520833352,11.672501866694466
14660,2,2018,45345.76171875,40169.7578125,44563.182916666665,5176.00390625,782.5788020833352,11.414526319688607
14660,3,2019,46220.0,40665.9609375,44563.182916666665,5554.0390625,1656.8170833333352,12.01652761250541
14700,1,2017,36032.73046875,35476.76171875,36800.55708333333,555.96875,767.8266145833331,1.5429548157117134
14700,2,2018,36462.9609375,35589.57421875,36800.55708333333,873.38671875,337.59614583333314,2.395270971677381
14700,3,2019,37494.0,35956.1484375,36800.55708333333,1537.8515625,693.4429166666669,4.1015937550008
14720,1,2017,65667.21875,55721.07421875,64301.09208333334,9946.14453125,1366.1266666666634,15.146285651468983
14720,2,2018,69691.7421875,57870.6875,64301.09208333334,11821.0546875,5390.650104166663,16.961915883371674
14720,3,2019,74900.0,59468.46875,64301.09208333334,15431.53125,10598.907916666663,20.60284546061415
14740,1,2017,53582.2421875,50407.5234375,52599.62083333333,3174.71875,982.621354166673,5.9249456916915255
14740,2,2018,54946.4765625,51534.796875,52599.62083333333,3411.6796875,2346.855729166673,6.209096380582865
14740,3,2019,57692.0,52388.55859375,52599.62083333333,5303.44140625,5092.379166666673,9.19268079846426
14780,1,2017,51842.10546875,53106.48046875,50030.90125,1264.375,1811.2042187499974,2.438895929414277
14780,2,2018,55090.0625,53344.78515625,50030.90125,1745.27734375,5059.161249999997,3.168043862266448
14780,3,2019,54953.0,52543.48828125,50030.90125,2409.51171875,4922.098749999997,4.384677303786873
14820,1,2017,42584.32421875,36880.859375,42762.62875,5703.46484375,178.3045312500035,13.393343556309736
14820,2,2018,43087.12890625,37098.3125,42762.62875,5988.81640625,324.5001562499965,13.899316474023157
14820,3,2019,45277.0,37459.9453125,42762.62875,7817.0546875,2514.3712499999965,17.264957235461715
14860,1,2017,111583.6875,106737.0078125,110480.51208333332,4846.6796875,1103.1754166666797,4.343537837912016
14860,2,2018,114952.984375,109609.375,110480.51208333332,5343.609375,4472.47229166668,4.648517308231042
14860,3,2019,113656.0,107546.484375,110480.51208333332,6109.515625,3175.4879166666797,5.3754448731259235
15020,1,2017,38293.44921875,37051.8671875,37854.254166666666,1241.58203125,439.1950520833343,3.2422830969273773
15020,2,2018,38253.16796875,37226.66015625,37854.254166666666,1026.5078125,398.9138020833343,2.683458304260135
15020,3,2019,38938.0,37562.0859375,37854.254166666666,1375.9140625,1083.7458333333343,3.533602297241769
15060,1,2017,41699.65234375,38570.2109375,41071.8125,3129.44140625,627.83984375,7.504718217918296
15060,2,2018,43105.4609375,38964.640625,41071.8125,4140.8203125,2033.6484375,9.606254572950535
15060,3,2019,44545.0,39649.86328125,41071.8125,4895.13671875,3473.1875,10.989194564485352
15100,1,2017,46372.359375,42826.8671875,47169.192083333335,3545.4921875,796.8327083333352,7.645701524109695
15100,2,2018,46854.91015625,43724.73046875,47169.192083333335,3130.1796875,314.2819270833352,6.680579851848171
15100,3,2019,47486.0,44382.29296875,47169.192083333335,3103.70703125,316.8079166666648,6.536046479488691
15180,1,2017,28938.646484375,26281.291015625,29165.78125,2657.35546875,227.134765625,9.18272203983279
15180,2,2018,29460.998046875,26392.96484375,29165.78125,3068.033203125,295.216796875,10.413880745803294
15180,3,2019,30204.0,26905.583984375,29165.78125,3298.416015625,1038.21875,10.920460917842007
15220,1,2017,38576.16796875,35736.04296875,37521.84416666667,2840.125,1054.3238020833305,7.36238239708191
15220,2,2018,39349.8984375,35805.31640625,37521.84416666667,3544.58203125,1828.0542708333305,9.007855603185126
15220,3,2019,40209.0,36007.99609375,37521.84416666667,4201.00390625,2687.1558333333305,10.447919386828818
15260,1,2017,42316.2109375,38055.75390625,41195.40083333333,4260.45703125,1120.8101041666669,10.06814394970899
15260,2,2018,43845.77734375,38282.47265625,41195.40083333333,5563.3046875,2650.376510416667,12.688347714498946
15260,3,2019,44160.0,38623.61328125,41195.40083333333,5536.38671875,2964.599166666667,12.537107605865035
15340,1,2017,37733.22265625,37272.91015625,37085.02333333333,460.3125,648.1993229166692,1.2199130304703922
15340,2,2018,38640.12890625,37605.21875,37085.02333333333,1034.91015625,1555.1055729166692,2.6783299785591668
15340,3,2019,38007.0,38072.94921875,37085.02333333333,65.94921875,921.9766666666692,0.17351861170310734
15380,1,2017,48474.5,45893.83203125,47289.58416666667,2580.66796875,1184.9158333333326,5.323763976420592
15380,2,2018,48386.46484375,46491.671875,47289.58416666667,1894.79296875,1096.8806770833326,3.9159566107354244
15380,3,2019,49460.0,47395.35546875,47289.58416666667,2064.64453125,2170.4158333333326,4.174372283158108
15420,1,2017,39991.85546875,35708.60546875,42383.340416666666,4283.25,2391.484947916666,10.710305760499086
15420,2,2018,40511.80078125,36332.10546875,42383.340416666666,4179.6953125,1871.539635416666,10.317229132985075
15420,3,2019,42077.0,37051.375,42383.340416666666,5025.625,306.340416666666,11.943876702236377
15460,1,2017,48415.03515625,46205.99609375,50628.6,2209.0390625,2213.5648437499985,4.562712916288837
15460,2,2018,48324.34765625,46693.40234375,50628.6,1630.9453125,2304.2523437499985,3.3749970596634897
15460,3,2019,48839.0,46784.88671875,50628.6,2054.11328125,1789.5999999999985,4.2058872647883865
15500,1,2017,39547.43359375,38308.58984375,39311.74416666666,1238.84375,235.68942708334362,3.1325515651053135
15500,2,2018,40037.26171875,38540.0,39311.74416666666,1497.26171875,725.5175520833436,3.739670632991396
15500,3,2019,41186.0,38830.73046875,39311.74416666666,2355.26953125,1874.2558333333436,5.718616838853008
15540,1,2017,56187.23046875,54595.3515625,56077.14083333333,1591.87890625,110.0896354166689,2.8331684850267984
15540,2,2018,56470.90234375,55232.43359375,56077.14083333333,1238.46875,393.7615104166689,2.193109545976769
15540,3,2019,58201.0,55333.140625,56077.14083333333,2867.859375,2123.859166666669,4.927508762736036
15580,1,2017,48397.30078125,53442.9921875,47135.09875,5045.69140625,1262.2020312500026,10.425563667395254
15580,2,2018,47512.74609375,53723.35546875,47135.09875,6210.609375,377.6473437500026,13.0714595252935
15580,3,2019,47941.0,53440.91796875,47135.09875,5499.91796875,805.9012500000026,11.472263759099727
15620,1,2017,36151.66015625,37252.86328125,35485.832916666666,1101.203125,665.8272395833337,3.046065160605414
15620,2,2018,36190.0546875,37467.84765625,35485.832916666666,1277.79296875,704.2217708333337,3.530784851760249
15620,3,2019,37206.0,37759.25,35485.832916666666,553.25,1720.1670833333337,1.4869913454819115
15660,1,2017,37642.4609375,34276.078125,34946.732083333336,3366.3828125,2695.728854166664,8.94304657203312
15660,2,2018,35891.68359375,34241.87109375,34946.732083333336,1649.8125,944.951510416664,4.596642828667113
15660,3,2019,36443.0,34487.40625,34946.732083333336,1955.59375,1496.267916666664,5.366171143978268
15700,1,2017,44695.859375,40791.68359375,43857.87708333333,3904.17578125,837.9822916666672,8.734983141265532
15700,2,2018,44855.94921875,41311.16015625,43857.87708333333,3544.7890625,998.0721354166672,7.902606285763899
15700,3,2019,46023.0,42039.609375,43857.87708333333,3983.390625,2165.122916666667,8.65521722834235
15740,1,2017,40228.671875,40465.94140625,38797.14791666667,237.26953125,1431.5239583333314,0.5898020496109158
15740,2,2018,41288.77734375,40869.015625,38797.14791666667,419.76171875,2491.6294270833314,1.0166484593507599
15740,3,2019,41708.0,41593.546875,38797.14791666667,114.453125,2910.8520833333314,0.2744152800421981
15780,1,2017,36991.4765625,35221.640625,36816.53833333333,1769.8359375,174.93822916666977,4.7844425309969
15780,2,2018,38252.1484375,35255.14453125,36816.53833333333,2997.00390625,1435.6101041666698,7.8348642590540765
15780,3,2019,39428.0,35554.54296875,36816.53833333333,3873.45703125,2611.4616666666698,9.824127602845694
15820,1,2017,34532.5390625,33327.4296875,34036.86625,1205.109375,495.6728125000009,3.4897792276985133
15820,2,2018,34138.140625,33322.1640625,34036.86625,815.9765625,101.27437500000087,2.3902197001978633
15820,3,2019,35059.0,33624.015625,34036.86625,1434.984375,1022.1337500000009,4.093055634787073
15860,1,2017,33296.29296875,31138.013671875,33817.39041666667,2158.279296875,521.0974479166689,6.482040805265132
15860,2,2018,34412.06640625,31340.91015625,33817.39041666667,3071.15625,594.6759895833311,8.924649318479199
15860,3,2019,34700.0,31742.908203125,33817.39041666667,2957.091796875,882.6095833333311,8.521878377161384
15940,1,2017,44068.8671875,40722.62890625,43330.49583333333,3346.23828125,738.371354166673,7.593202400716918
15940,2,2018,44420.109375,41217.80859375,43330.49583333333,3202.30078125,1089.613541666673,7.209124034827975
15940,3,2019,45058.0,41547.6640625,43330.49583333333,3510.3359375,1727.504166666673,7.790705174441831
15980,1,2017,53027.234375,48776.3359375,51898.57666666667,4250.8984375,1128.6577083333323,8.016443790823288
15980,2,2018,54061.55859375,49408.8515625,51898.57666666667,4652.70703125,2162.9819270833323,8.606313159065849
15980,3,2019,55393.0,49754.3359375,51898.57666666667,5638.6640625,3494.4233333333323,10.179380178903472
16020,1,2017,42244.2265625,40354.6484375,42093.54708333333,1889.578125,150.6794791666689,4.472985491175662
16020,2,2018,42851.8984375,40765.8671875,42093.54708333333,2086.03125,758.3513541666689,4.868001946384012
16020,3,2019,42516.0,41179.08203125,42093.54708333333,1336.91796875,422.4529166666689,3.144505524390818
16060,1,2017,40692.91796875,42012.66015625,40178.99333333333,1319.7421875,513.924635416668,3.243174128022699
16060,2,2018,41211.38671875,42436.1484375,40178.99333333333,1224.76171875,1032.393385416668,2.971901254156945
16060,3,2019,41899.0,43047.15234375,40178.99333333333,1148.15234375,1720.006666666668,2.740285791427003
16100,1,2017,47125.58203125,48006.86328125,47015.77208333334,881.28125,109.80994791666308,1.8700697413468617
16100,2,2018,52434.28515625,49708.26171875,47015.77208333334,2726.0234375,5418.513072916663,5.198933158670261
16100,3,2019,57344.0,51023.5859375,47015.77208333334,6320.4140625,10328.227916666663,11.021927424839564
16140,1,2017,51231.8046875,51328.21875,50836.35625,96.4140625,395.4484375000029,0.18819181383146547
16140,2,2018,53053.421875,52191.9765625,50836.35625,861.4453125,2217.065625000003,1.6237318575409987
16140,3,2019,51238.0,52430.4140625,50836.35625,1192.4140625,401.6437500000029,2.327206492251844
16180,1,2017,47698.32421875,37715.22265625,45770.3,9983.1015625,1928.024218749997,20.929669387788863
16180,2,2018,48879.33203125,38424.90625,45770.3,10454.42578125,3109.032031249997,21.388233731521076
16180,3,2019,49979.0,39111.37109375,45770.3,10867.62890625,4208.699999999997,21.74439045649173
16220,1,2017,65593.1484375,71504.5625,65136.37875,5911.4140625,456.7696874999965,9.012243204231387
16220,2,2018,68702.953125,76289.3515625,65136.37875,7586.3984375,3566.5743749999965,11.04231782249171
16220,3,2019,64535.0,78904.90625,65136.37875,14369.90625,601.3787500000035,22.266841636321377
16260,1,2017,31089.822265625,27815.3046875,30288.730416666665,3274.517578125,801.0918489583346,10.532442257624378
16260,2,2018,32315.34765625,27965.302734375,30288.730416666665,4350.044921875,2026.6172395833346,13.461235101500362
16260,3,2019,33858.0,28550.6484375,30288.730416666665,5307.3515625,3569.2695833333346,15.67532507088428
16300,1,2017,51537.4765625,49861.43359375,51713.19416666667,1676.04296875,175.71760416666802,3.2520858228622163
16300,2,2018,52073.796875,50300.5546875,51713.19416666667,1773.2421875,360.602708333332,3.405248501000533
16300,3,2019,52106.0,50689.49609375,51713.19416666667,1416.50390625,392.805833333332,2.718504406882125
16340,1,2017,32177.9296875,30395.5703125,32585.76875,1782.359375,407.8390624999993,5.539074117911272
16340,2,2018,32658.521484375,30259.962890625,32585.76875,2398.55859375,72.75273437500073,7.344357566516156
16340,3,2019,33342.0,30495.216796875,32585.76875,2846.783203125,756.2312500000007,8.53812969565413
16380,1,2017,50445.1953125,50619.8515625,47998.08625,174.65625,2447.1090624999997,0.346229703181903
16380,2,2018,52189.88671875,51730.4375,47998.08625,459.44921875,4191.80046875,0.8803414754010875
16380,3,2019,49966.0,52743.44140625,47998.08625,2777.44140625,1967.9137499999997,5.558662703138134
16460,1,2017,40981.8984375,40334.13671875,40000.00333333333,647.76171875,981.8951041666733,1.580604470380692
16460,2,2018,41339.6953125,40657.0859375,40000.00333333333,682.609375,1339.6919791666733,1.6512201404483924
16460,3,2019,42063.0,40936.70703125,40000.00333333333,1126.29296875,2062.9966666666733,2.677633475382165
16500,1,2017,41522.30078125,38967.1796875,40891.75708333333,2555.12109375,630.5436979166698,6.153611542893602
16500,2,2018,42471.046875,39221.04296875,40891.75708333333,3250.00390625,1579.2897916666698,7.65228113122653
16500,3,2019,44592.0,39540.9296875,40891.75708333333,5051.0703125,3700.2429166666698,11.327301561939361
16540,1,2017,45542.9765625,44275.078125,44855.107083333336,1267.8984375,687.869479166664,2.7839604110197422
16540,2,2018,46694.015625,44610.47265625,44855.107083333336,2083.54296875,1838.908541666664,4.46211991164553
16540,3,2019,47430.0,44932.69921875,44855.107083333336,2497.30078125,2574.892916666664,5.265234622074636
16580,1,2017,45875.7734375,53434.015625,46209.25166666667,7558.2421875,333.47822916667064,16.47545451805223
16580,2,2018,45910.9296875,54560.328125,46209.25166666667,8649.3984375,298.32197916667064,18.839519252547266
16580,3,2019,46761.0,55136.4609375,46209.25166666667,8375.4609375,551.7483333333294,17.911210062872907
16620,1,2017,42763.765625,41246.140625,42322.61166666666,1517.625,441.1539583333433,3.548857257586282
16620,2,2018,44232.73828125,41686.1953125,42322.61166666666,2546.54296875,1910.1266145833433,5.757145199915115
16620,3,2019,44794.0,42272.90625,42322.61166666666,2521.09375,2471.3883333333433,5.628195182390499
16660,1,2017,48295.0625,43143.2265625,46746.221666666665,5151.8359375,1548.8408333333355,10.667417476683045
16660,2,2018,48501.53515625,43723.21875,46746.221666666665,4778.31640625,1755.3134895833355,9.85188693689061
16660,3,2019,48768.0,44200.5703125,46746.221666666665,4567.4296875,2021.7783333333355,9.365628460260826
16700,1,2017,51310.046875,44698.92578125,50323.89083333333,6611.12109375,986.1560416666689,12.884652219975193
16700,2,2018,51969.9296875,45240.296875,50323.89083333333,6729.6328125,1646.038854166669,12.949089700459297
16700,3,2019,54545.0,45811.16015625,50323.89083333333,8733.83984375,4221.109166666669,16.012173148317903
16740,1,2017,52190.55078125,48439.1640625,50872.58041666666,3751.38671875,1317.9703645833433,7.1878657392857495
16740,2,2018,53028.984375,49069.3515625,50872.58041666666,3959.6328125,2156.4039583333433,7.466921833725955
16740,3,2019,54534.0,48817.359375,50872.58041666666,5716.640625,3661.4195833333433,10.4827091814281
16820,1,2017,64454.96875,56020.0703125,61427.66333333334,8434.8984375,3027.3054166666625,13.086498374107117
16820,2,2018,66074.671875,57089.30078125,61427.66333333334,8985.37109375,4647.0085416666625,13.598813037995129
16820,3,2019,67653.0,56866.81640625,61427.66333333334,10786.18359375,6225.3366666666625,15.943392892776373
16860,1,2017,46086.5078125,41542.125,45213.08708333333,4544.3828125,873.420729166668,9.86054927613203
16860,2,2018,46683.8359375,41915.33203125,45213.08708333333,4768.50390625,1470.748854166668,10.214464622474555
16860,3,2019,47669.0,42250.19921875,45213.08708333333,5418.80078125,2455.912916666668,11.367557073255155
16940,1,2017,51482.18359375,53294.375,51197.5325,1812.19140625,284.65109374999884,3.52003601974257
16940,2,2018,52902.7109375,54250.7265625,51197.5325,1348.015625,1705.1784374999988,2.5481031143991175
16940,3,2019,52555.0,54632.3828125,51197.5325,2077.3828125,1357.4674999999988,3.9527786366663493
16980,1,2017,59436.94921875,56714.046875,58636.27166666667,2722.90234375,800.6775520833326,4.581161011021461
16980,2,2018,61529.9140625,58213.8125,58636.27166666667,3316.1015625,2893.6423958333326,5.389413609665725
16980,3,2019,62232.0,59529.1953125,58636.27166666667,2702.8046875,3595.7283333333326,4.34311075893431
17020,1,2017,43365.71875,38896.265625,43312.38375,4469.453125,53.33499999999913,10.306420033681558
17020,2,2018,43392.625,39070.9609375,43312.38375,4321.6640625,80.24124999999913,9.959443713073362
17020,3,2019,45912.0,39373.828125,43312.38375,6538.171875,2599.616249999999,14.240660121536852
17060,1,2017,36683.71875,34430.1015625,36211.38166666667,2253.6171875,472.337083333332,6.143371676297131
17060,2,2018,37372.3203125,34578.328125,36211.38166666667,2793.9921875,1160.938645833332,7.476100397666471
17060,3,2019,38440.0,35052.29296875,36211.38166666667,3387.70703125,2228.618333333332,8.812973546436004
17140,1,2017,53250.48828125,48575.3046875,52454.72416666667,4675.18359375,795.7641145833331,8.779606994507459
17140,2,2018,53857.89453125,49036.1875,52454.72416666667,4821.70703125,1403.1703645833331,8.952646725638889
17140,3,2019,55282.0,49687.2890625,52454.72416666667,5594.7109375,2827.275833333333,10.120312104301581
17220,1,2017,44702.1171875,41531.06640625,42748.778333333335,3171.05078125,1953.3388541666645,7.09373734570388
17220,2,2018,46868.1484375,42109.875,42748.778333333335,4758.2734375,4119.3701041666645,10.152467285634916
17220,3,2019,48014.0,42591.30859375,42748.778333333335,5422.69140625,5265.2216666666645,11.293979685612529
17260,1,2017,35787.56640625,36231.08984375,35682.935,443.5234375,104.63140625000233,1.2393227090807222
17260,2,2018,35554.62109375,36432.4375,35682.935,877.81640625,128.31390624999767,2.4689235301801817
17260,3,2019,37030.0,36814.23046875,35682.935,215.76953125,1347.0650000000023,0.5826884451795842
17300,1,2017,40752.3828125,40481.8828125,40907.738333333335,270.5,155.3555208333346,0.6637648680435673
17300,2,2018,40437.46484375,40830.03515625,40907.738333333335,392.5703125,470.2734895833346,0.9708084174339023
17300,3,2019,41100.0,41314.84765625,40907.738333333335,214.84765625,192.2616666666654,0.5227436891727494
17340,1,2017,39810.33203125,35588.1796875,39002.77333333333,4222.15234375,807.5586979166692,10.60566975536835
17340,2,2018,39675.76171875,35890.20703125,39002.77333333333,3785.5546875,672.9883854166692,9.541227498881314
17340,3,2019,40193.0,36379.02734375,39002.77333333333,3813.97265625,1190.2266666666692,9.489146508720424
17380,1,2017,37674.80078125,34953.4140625,37339.65791666667,2721.38671875,335.14286458332936,7.223360607932876
17380,2,2018,37882.5,35045.48828125,37339.65791666667,2837.01171875,542.8420833333294,7.48897701775226
17380,3,2019,37310.0,35338.234375,37339.65791666667,1971.765625,29.657916666670644,5.2848180782632
17420,1,2017,38274.66796875,37787.28125,38385.89708333334,487.38671875,111.22911458333692,1.2733924149203204
17420,2,2018,38736.87109375,37955.57421875,38385.89708333334,781.296875,350.9740104166631,2.016933358167016
17420,3,2019,39136.0,38227.8828125,38385.89708333334,908.1171875,750.1029166666631,2.320413909188471
17500,1,2017,33347.41015625,30143.119140625,33069.46791666667,3204.291015625,277.9422395833317,9.608815199175066
17500,2,2018,33364.21484375,30157.203125,33069.46791666667,3207.01171875,294.7469270833317,9.612130043428126
17500,3,2019,34697.0,30625.634765625,33069.46791666667,4071.365234375,1627.5320833333317,11.73405549291005
17540,1,2017,43537.85546875,43929.38671875,43802.47541666667,391.53125,264.619947916668,0.8992892410169993
17540,2,2018,44531.10546875,44521.484375,43802.47541666667,9.62109375,728.630052083332,0.021605333280467664
17540,3,2019,44915.0,45004.44140625,43802.47541666667,89.44140625,1112.524583333332,0.19913482411221198
17580,1,2017,43373.01953125,41623.01171875,43095.03875,1750.0078125,277.9807812500003,4.03478436920706
17580,2,2018,42745.9921875,41931.62109375,43095.03875,814.37109375,349.0465624999997,1.9051402297035522
17580,3,2019,44188.0,42179.38671875,43095.03875,2008.61328125,1092.9612500000003,4.545608041210284
17660,1,2017,44381.83984375,38372.09375,43535.05583333333,6009.74609375,846.784010416668,13.541002614825832
17660,2,2018,45614.59765625,38593.1328125,43535.05583333333,7021.46484375,2079.541822916668,15.393021542497232
17660,3,2019,47798.0,38890.33984375,43535.05583333333,8907.66015625,4262.944166666668,18.63605204454161
17740,1,2017,35714.5390625,33657.89453125,34948.862916666665,2056.64453125,765.6761458333349,5.758563837687777
17740,2,2018,35859.09765625,33754.1953125,34948.862916666665,2104.90234375,910.2347395833349,5.869925573498444
17740,3,2019,36033.0,34278.28125,34948.862916666665,1754.71875,1084.1370833333349,4.869754808092582
17780,1,2017,39499.44140625,35045.79296875,38503.09291666667,4453.6484375,996.3484895833317,11.275218785234008
17780,2,2018,41264.33984375,35383.7734375,38503.09291666667,5880.56640625,2761.2469270833317,14.250964461123411
17780,3,2019,41695.0,35892.734375,38503.09291666667,5802.265625,3191.9070833333317,13.915974637246672
17820,1,2017,48244.98828125,44749.28125,47516.51791666666,3495.70703125,728.4703645833433,7.24574127963583
17820,2,2018,48954.6875,45283.875,47516.51791666666,3670.8125,1438.1695833333433,7.498388177843031
17820,3,2019,50605.0,45581.8828125,47516.51791666666,5023.1171875,3088.4820833333433,9.926128223495702
17860,1,2017,46034.34765625,44273.43359375,45621.14166666667,1760.9140625,413.20598958332994,3.8252178039953693
17860,2,2018,45682.82421875,44369.56640625,45621.14166666667,1313.2578125,61.68255208332994,2.8747299120814604
17860,3,2019,47505.0,44519.70703125,45621.14166666667,2985.29296875,1883.85833333333,6.284165811493526
17900,1,2017,45637.91015625,41790.21875,44803.96708333334,3847.69140625,833.9430729166634,8.430910602778923
17900,2,2018,45518.87890625,42339.97265625,44803.96708333334,3178.90625,714.9118229166634,6.983709455031235
17900,3,2019,46720.0,42938.21875,44803.96708333334,3781.78125,1916.0329166666634,8.094566031678083
17980,1,2017,40110.78515625,37727.8828125,39559.98625,2382.90234375,550.7989062499983,5.940802042312303
17980,2,2018,40028.09765625,37929.38671875,39559.98625,2098.7109375,468.11140624999825,5.243094377162604
17980,3,2019,39994.0,38317.04296875,39559.98625,1676.95703125,434.01374999999825,4.193021531354703
18020,1,2017,51774.29296875,47419.40234375,50588.114166666666,4354.890625,1186.1788020833337,8.41129907390243
18020,2,2018,54203.10546875,47927.61328125,50588.114166666666,6275.4921875,3614.9913020833337,11.577735506534847
18020,3,2019,54331.0,48583.375,50588.114166666666,5747.625,3742.8858333333337,10.578905229058917
18060,1,2017,38244.4140625,38363.51171875,38210.10333333333,119.09765625,34.31072916666744,0.31141189940932956
18060,2,2018,38375.3671875,38544.12890625,38210.10333333333,168.76171875,165.26385416666744,0.43976574328380813
18060,3,2019,40193.0,38904.2265625,38210.10333333333,1288.7734375,1982.8966666666674,3.2064624126091608
18100,1,2017,44975.44921875,49080.58984375,46814.40833333333,4105.140625,1838.9591145833328,9.127514446900935
18100,2,2018,45534.15234375,49772.30859375,46814.40833333333,4238.15625,1280.2559895833328,9.307642795247352
18100,3,2019,48246.0,50540.171875,46814.40833333333,2294.171875,1431.5916666666672,4.755154572399785
18140,1,2017,51206.76953125,45308.625,50864.05708333333,5898.14453125,342.71244791666686,11.51829061907632
18140,2,2018,51496.41015625,45934.66015625,50864.05708333333,5561.75,632.3530729166669,10.800267403348277
18140,3,2019,52024.0,46679.66796875,50864.05708333333,5344.33203125,1159.9429166666669,10.272820296882209
18180,1,2017,57087.5546875,57000.6328125,56744.09166666667,86.921875,343.46302083333285,0.1522606380248979
18180,2,2018,57445.43359375,57295.0390625,56744.09166666667,150.39453125,701.3419270833328,0.26180415368361454
18180,3,2019,59617.0,56563.234375,56744.09166666667,3053.765625,2872.908333333333,5.122306766526327
18220,1,2017,39478.578125,38174.578125,38904.755,1304.0,573.8231250000026,3.3030571563929647
18220,2,2018,40097.34375,38444.140625,38904.755,1653.203125,1192.5887500000026,4.122974168332535
18220,3,2019,40296.0,38812.1640625,38904.755,1483.8359375,1391.2450000000026,3.682340523873337
18260,1,2017,37615.3359375,40264.9921875,37193.69583333333,2649.65625,421.6401041666686,7.044085035961271
18260,2,2018,38264.37109375,40563.72265625,37193.69583333333,2299.3515625,1070.6752604166686,6.009118918657911
18260,3,2019,39304.0,40951.60546875,37193.69583333333,1647.60546875,2110.3041666666686,4.191953665657439
18300,1,2017,42768.98046875,37770.59765625,42087.15458333334,4998.3828125,681.8258854166634,11.686934684244267
18300,2,2018,44138.03515625,37970.31640625,42087.15458333334,6167.71875,2050.8805729166634,13.973704828876244
18300,3,2019,45969.0,38295.02734375,42087.15458333334,7673.97265625,3881.8454166666634,16.693799421893015
18380,1,2017,34830.91015625,28302.47265625,33303.85958333333,6528.4375,1527.050572916669,18.743229708077404
18380,2,2018,35226.72265625,28150.15234375,33303.85958333333,7076.5703125,1922.863072916669,20.0886423115619
18380,3,2019,37185.0,28408.8125,33303.85958333333,8776.1875,3881.140416666669,23.601418582761866
18420,1,2017,37214.73046875,30642.63671875,36215.64333333333,6572.09375,999.0871354166666,17.659925699364468
18420,2,2018,38433.41015625,30741.90625,36215.64333333333,7691.50390625,2217.7668229166666,20.012546050377512
18420,3,2019,38560.0,31236.9609375,36215.64333333333,7323.0390625,2344.3566666666666,18.99128387577801
18460,1,2017,34243.5625,31913.2890625,33872.792083333334,2330.2734375,370.7704166666663,6.804997107120498
18460,2,2018,34602.4921875,31967.12890625,33872.792083333334,2635.36328125,729.7001041666663,7.616108305060217
18460,3,2019,34865.0,32436.361328125,33872.792083333334,2428.638671875,992.2079166666663,6.965835857952101
18500,1,2017,45213.30859375,43587.03515625,43669.29833333333,1626.2734375,1544.0102604166677,3.5968910218722763
18500,2,2018,45832.51953125,43764.55078125,43669.29833333333,2067.96875,2163.2211979166677,4.512011932030044
18500,3,2019,47075.0,44344.10546875,43669.29833333333,2730.89453125,3405.7016666666677,5.801156731279873
18580,1,2017,44720.8984375,43965.46875,43493.504583333335,755.4296875,1227.3938541666648,1.689209550554437
18580,2,2018,44762.265625,44923.94140625,43493.504583333335,161.67578125,1268.7610416666648,0.3611876632975948
18580,3,2019,46626.0,45285.69921875,43493.504583333335,1340.30078125,3132.495416666665,2.8745780921588815
18620,1,2017,37479.71484375,34803.88671875,37538.89083333333,2675.828125,59.1759895833311,7.139403637822
18620,2,2018,37961.9296875,34930.09765625,37538.89083333333,3031.83203125,423.0388541666689,7.98650662968883
18620,3,2019,39091.0,35322.0625,37538.89083333333,3768.9375,1552.109166666669,9.641445601289298
18660,1,2017,40970.421875,40534.7890625,39498.192083333335,435.6328125,1472.2297916666648,1.0632861282930102
18660,2,2018,41225.640625,41128.45703125,39498.192083333335,97.18359375,1727.4485416666648,0.2357358000425251
18660,3,2019,41276.0,42106.5859375,39498.192083333335,830.5859375,1777.8079166666648,2.0122733246923152
18700,1,2017,44093.90625,39474.7578125,44195.614166666666,4619.1484375,101.70791666666628,10.475707031513
18700,2,2018,45527.0234375,39756.51953125,44195.614166666666,5770.50390625,1331.4092708333337,12.674898270412541
18700,3,2019,46732.0,40022.1640625,44195.614166666666,6709.8359375,2536.3858333333337,14.358118500171187
18740,1,2017,34707.8046875,35216.78125,34317.07083333333,508.9765625,390.7338541666686,1.466461411439565
18740,2,2018,35506.76171875,35286.19921875,34317.07083333333,220.5625,1189.6908854166686,0.6211844992992642
18740,3,2019,35676.0,35721.75390625,34317.07083333333,45.75390625,1358.9291666666686,0.12824841980603208
18820,1,2017,39643.41015625,38552.57421875,40751.122083333335,1090.8359375,1107.7119270833355,2.7516198359338766
18820,2,2018,40237.87109375,38858.21484375,40751.122083333335,1379.65625,513.2509895833355,3.4287506085636252
18820,3,2019,40742.0,39301.08203125,40751.122083333335,1440.91796875,9.122083333335468,3.536689334716018
18860,1,2017,35810.51953125,34565.296875,36312.59625,1245.22265625,502.0767187500023,3.4772538141016307
18860,2,2018,35702.27734375,34904.0234375,36312.59625,798.25390625,610.3189062500023,2.235862711401354
18860,3,2019,36526.0,35429.4609375,36312.59625,1096.5390625,213.40374999999767,3.0020781429666537
18880,1,2017,52118.56640625,47076.953125,50791.60875,5041.61328125,1326.9576562500006,9.673353718043586
18880,2,2018,53552.3984375,47888.94140625,50791.60875,5663.45703125,2760.7896875000006,10.575543199731221
18880,3,2019,55955.0,48441.19921875,50791.60875,7513.80078125,5163.391250000001,13.428291986864444
18900,1,2017,37386.8671875,35026.703125,36976.35083333333,2360.1640625,410.51635416666977,6.312815809528704
18900,2,2018,37250.125,35256.296875,36976.35083333333,1993.828125,273.77416666666977,5.352540763286029
18900,3,2019,38695.0,35651.8515625,36976.35083333333,3043.1484375,1718.6491666666698,7.8644487336865225
18980,1,2017,38494.796875,38918.50390625,37769.020833333336,423.70703125,725.7760416666642,1.1006864969981738
18980,2,2018,38703.265625,39284.86328125,37769.020833333336,581.59765625,934.2447916666642,1.5027095178095842
18980,3,2019,39863.0,39747.203125,37769.020833333336,115.796875,2093.9791666666642,0.29048710583749343
19060,1,2017,40344.47265625,36369.359375,39958.45208333334,3975.11328125,386.0205729166628,9.852931565420256
19060,2,2018,41034.19921875,36684.91015625,39958.45208333334,4349.2890625,1075.7471354166628,10.599181037539667
19060,3,2019,41916.0,37178.99609375,39958.45208333334,4737.00390625,1957.5479166666628,11.30118309535738
19100,1,2017,56336.41796875,49192.671875,54823.145416666666,7143.74609375,1513.2725520833337,12.680511738805722
19100,2,2018,58188.8046875,49776.6015625,54823.145416666666,8412.203125,3365.6592708333337,14.456738147788576
19100,3,2019,59432.0,50255.2265625,54823.145416666666,9176.7734375,4608.854583333334,15.44079525760533
19140,1,2017,35841.81640625,31680.689453125,35890.69125,4161.126953125,48.87484375000349,11.609698866710879
19140,2,2018,36913.05859375,31557.87109375,35890.69125,5355.1875,1022.3673437499965,14.50756914764772
19140,3,2019,37689.0,31737.76171875,35890.69125,5951.23828125,1798.3087499999965,15.790385208548912
19180,1,2017,38971.55859375,39726.41796875,38463.6725,754.859375,507.8860937499994,1.9369494119259048
19180,2,2018,39316.29296875,40192.7109375,38463.6725,876.41796875,852.6204687499994,2.2291470089680336
19180,3,2019,39800.0,40745.890625,38463.6725,945.890625,1336.3274999999994,2.376609610552764
19220,1,2017,35462.07421875,33686.6015625,35326.020416666666,1775.47265625,136.05380208333372,5.006680222081447
19220,2,2018,35376.4140625,33813.078125,35326.020416666666,1563.3359375,50.39364583333372,4.419147556159968
19220,3,2019,36770.0,34149.23046875,35326.020416666666,2620.76953125,1443.9795833333337,7.127466769785151
19260,1,2017,36069.24609375,33597.01171875,35620.07541666667,2472.234375,449.17067708333343,6.854133764188609
19260,2,2018,36476.19921875,33663.18359375,35620.07541666667,2813.015625,856.1238020833334,7.711920883341417
19260,3,2019,37218.0,34048.69921875,35620.07541666667,3169.30078125,1597.9245833333334,8.515505350233758
19300,1,2017,46398.4375,43042.25390625,45794.80458333333,3356.18359375,603.6329166666692,7.233397878430712
19300,2,2018,46679.76171875,43449.21875,45794.80458333333,3230.54296875,884.9571354166692,6.920650084322041
19300,3,2019,47921.0,43727.33984375,45794.80458333333,4193.66015625,2126.195416666669,8.75119500062603
19340,1,2017,48516.23046875,46553.8046875,47798.85333333333,1962.42578125,717.3771354166674,4.044885108116605
19340,2,2018,48631.87890625,46792.65625,47798.85333333333,1839.22265625,833.0255729166674,3.781928022554007
19340,3,2019,48428.0,46951.2890625,47798.85333333333,1476.7109375,629.1466666666674,3.0492916029982653
19430,1,2017,47247.640625,43746.60546875,46287.02708333333,3501.03515625,960.613541666673,7.4099682226195815
19430,2,2018,47718.4453125,43858.2578125,46287.02708333333,3860.1875,1431.418229166673,8.089508102622135
19430,3,2019,48387.0,44148.74609375,46287.02708333333,4238.25390625,2099.972916666673,8.759075591067848
19460,1,2017,37739.484375,36624.59375,37313.0225,1114.890625,426.4618750000009,2.9541755629776008
19460,2,2018,38323.43359375,36786.73046875,37313.0225,1536.703125,1010.4110937500009,4.009826314859779
19460,3,2019,39415.0,37106.6171875,37313.0225,2308.3828125,2101.977500000001,5.856609951795002
19500,1,2017,46672.8125,42329.83984375,46667.380833333336,4342.97265625,5.431666666663659,9.305144523377502
19500,2,2018,48048.3828125,42534.99609375,46667.380833333336,5513.38671875,1381.0019791666637,11.474656161196894
19500,3,2019,47288.0,42809.61328125,46667.380833333336,4478.38671875,620.6191666666637,9.470450682519878
19540,1,2017,38743.08984375,34473.49609375,37731.73125,4269.59375,1011.3585937500029,11.020271659331184
19540,2,2018,39230.75390625,34595.25,37731.73125,4635.50390625,1499.022656250003,11.81599496488774
19540,3,2019,39764.0,34870.3671875,37731.73125,4893.6328125,2032.268750000003,12.30669151116588
19580,1,2017,40614.67578125,37709.6953125,40492.22583333333,2904.98046875,122.44994791666977,7.152538861558759
19580,2,2018,40916.07421875,37990.65234375,40492.22583333333,2925.421875,423.84838541666977,7.14981075496097
19580,3,2019,41239.0,38425.2109375,40492.22583333333,2813.7890625,746.7741666666698,6.823126318533427
19620,1,2017,37066.58984375,33307.78515625,37085.02333333333,3758.8046875,18.43348958333081,10.14068114532471
19620,2,2018,37646.25,33584.67578125,37085.02333333333,4061.57421875,561.2266666666692,10.788788308928513
19620,3,2019,39619.0,34237.83984375,37085.02333333333,5381.16015625,2533.976666666669,13.582271526918902
19660,1,2017,43569.15234375,39856.4609375,42454.723333333335,3712.69140625,1114.4290104166648,8.521376264008463
19660,2,2018,44397.70703125,40094.84765625,42454.723333333335,4302.859375,1942.9836979166648,9.691625227337456
19660,3,2019,46639.0,40374.734375,42454.723333333335,6264.265625,4184.276666666665,13.431389234331784
19700,1,2017,29698.130859375,30187.4921875,30684.0,489.361328125,985.869140625,1.6477849412213772
19700,2,2018,30345.91796875,30236.193359375,30684.0,109.724609375,338.08203125,0.36157947005588553
19700,3,2019,31285.0,30637.4921875,30684.0,647.5078125,601.0,2.069706928240371
19740,1,2017,61507.79296875,54552.55859375,58721.505,6955.234375,2786.2879687500026,11.307891308234252
19740,2,2018,64705.03125,55385.67578125,58721.505,9319.35546875,5983.526250000003,14.402829716197688
19740,3,2019,67590.0,55298.5,58721.505,12291.5,8868.495000000003,18.185382453025596
19760,1,2017,43907.1640625,43938.13671875,42633.71333333333,30.97265625,1273.4507291666669,0.07054123606323498
19760,2,2018,44128.87109375,44593.4765625,42633.71333333333,464.60546875,1495.1577604166669,1.0528378751474619
19760,3,2019,44084.0,45236.6640625,42633.71333333333,1152.6640625,1450.2866666666669,2.614699352372743
19780,1,2017,53980.76171875,50367.7421875,53907.9525,3613.01953125,72.80921875000058,6.693161445321051
19780,2,2018,54199.03125,50908.83984375,53907.9525,3290.19140625,291.0787500000006,6.0705723522502995
19780,3,2019,54722.0,51216.71484375,53907.9525,3505.28515625,814.0475000000006,6.405623252530974
19820,1,2017,51434.1953125,48605.26953125,51230.56041666667,2828.92578125,203.63489583333285,5.500087566379189
19820,2,2018,52363.00390625,49424.2890625,51230.56041666667,2938.71484375,1132.4434895833328,5.612196827002963
19820,3,2019,52859.0,49855.6875,51230.56041666667,3003.3125,1628.4395833333328,5.6817429387616105
19860,1,2017,60049.3359375,69325.140625,60833.160833333335,9275.8046875,783.8248958333352,15.446972964287827
19860,2,2018,60684.70703125,69282.0390625,60833.160833333335,8597.33203125,148.45380208333518,14.167213540015519
19860,3,2019,63187.0,66585.421875,60833.160833333335,3398.421875,2353.839166666665,5.378356109642806
19940,1,2017,40632.41015625,42754.43359375,41312.596666666665,2122.0234375,680.1865104166645,5.222489705483529
19940,2,2018,41370.2421875,43603.9609375,41312.596666666665,2233.71875,57.64552083333547,5.399336895047033
19940,3,2019,42159.0,44407.09765625,41312.596666666665,2248.09765625,846.4033333333355,5.332426424369649
19980,1,2017,37739.484375,36082.25390625,38283.61708333333,1657.23046875,544.1327083333308,4.391237708186097
19980,2,2018,38215.4921875,36196.859375,38283.61708333333,2018.6328125,68.12489583333081,5.2822368546133225
19980,3,2019,38661.0,36593.79296875,38283.61708333333,2067.20703125,377.3829166666692,5.347008694162075
20020,1,2017,40811.84765625,38552.98828125,40721.29041666667,2258.859375,90.55723958332965,5.534812817165053
20020,2,2018,41403.84765625,38758.58984375,40721.29041666667,2645.2578125,682.5572395833296,6.3889178475921
20020,3,2019,42548.0,39086.3828125,40721.29041666667,3461.6171875,1826.7095833333296,8.1357929573658
20060,1,2017,32173.7578125,28822.1171875,30810.78458333333,3351.640625,1362.9732291666696,10.417311662916278
20060,2,2018,31983.375,28698.20703125,30810.78458333333,3285.16796875,1172.5904166666696,10.271486260439994
20060,3,2019,32353.0,28996.75390625,30810.78458333333,3356.24609375,1542.2154166666696,10.373832700985998
20100,1,2017,42636.48828125,38405.83203125,41941.1925,4230.65625,695.2957812500026,9.922618912919457
20100,2,2018,43202.19921875,38577.9140625,41941.1925,4624.28515625,1261.0067187500026,10.703818879301483
20100,3,2019,44271.0,38851.07421875,41941.1925,5419.92578125,2329.8075000000026,12.242609792527839
20140,1,2017,34220.609375,30964.728515625,33961.221666666665,3255.880859375,259.38770833333547,9.514385976287134
20140,2,2018,34647.30078125,30812.40625,33961.221666666665,3834.89453125,686.0791145833355,11.068378906230182
20140,3,2019,34947.0,30923.02734375,33961.221666666665,4023.97265625,985.7783333333355,11.514500976478667
20180,1,2017,43891.515625,42978.66796875,43752.40083333333,912.84765625,139.11479166666686,2.0797815779459086
20180,2,2018,45207.26953125,43894.73046875,43752.40083333333,1312.5390625,1454.8686979166669,2.9033805317365906
20180,3,2019,44982.0,44801.53125,43752.40083333333,180.46875,1229.5991666666669,0.4012021475256769
20220,1,2017,47641.9921875,45950.10546875,47467.50875,1691.88671875,174.48343749999913,3.5512509890254047
20220,2,2018,49323.31640625,46973.71875,47467.50875,2349.59765625,1855.8076562499991,4.763665194160121
20220,3,2019,49522.0,47593.09375,47467.50875,1928.90625,2054.491249999999,3.895049170065829
20260,1,2017,44581.1015625,41544.37109375,43961.2225,3036.73046875,619.8790624999965,6.81169904357946
20260,2,2018,46064.6953125,41929.8046875,43961.2225,4134.890625,2103.4728124999965,8.976268261298944
20260,3,2019,46579.0,42453.39453125,43961.2225,4125.60546875,2617.7774999999965,8.857222071641727
20300,1,2017,44107.46875,36177.98046875,42709.35791666667,7929.48828125,1398.1108333333323,17.977654365509245
20300,2,2018,43611.56640625,36665.33984375,42709.35791666667,6946.2265625,902.2084895833323,15.927486983142463
20300,3,2019,47123.0,37310.26953125,42709.35791666667,9812.73046875,4413.642083333332,20.823653987967656
20340,1,2017,40770.1171875,43951.87109375,40935.43916666667,3181.75390625,165.32197916667064,7.804132354138821
20340,2,2018,42841.71484375,45122.22265625,40935.43916666667,2280.5078125,1906.2756770833294,5.323101142933576
20340,3,2019,43654.0,46167.33984375,40935.43916666667,2513.33984375,2718.5608333333294,5.757410188642507
20420,1,2017,54812.23046875,53880.37890625,56124.019166666665,931.8515625,1311.7886979166651,1.7000796255340764
20420,2,2018,57427.1015625,54930.74609375,56124.019166666665,2496.35546875,1303.0823958333349,4.346998892209674
20420,3,2019,58995.0,55524.45703125,56124.019166666665,3470.54296875,2870.980833333335,5.882774758454106
20460,1,2017,36523.05859375,31528.13671875,36078.20458333333,4994.921875,444.85401041666773,13.676077709041474
20460,2,2018,36338.7265625,31754.314453125,36078.20458333333,4584.412109375,260.52197916666773,12.615775353300124
20460,3,2019,37821.0,32259.02734375,36078.20458333333,5561.97265625,1742.7954166666677,14.706043352238174
20500,1,2017,52519.171875,47606.13671875,51491.5875,4913.03515625,1027.5843749999985,9.35474604958249
20500,2,2018,52906.78515625,48256.01953125,51491.5875,4650.765625,1415.1976562499985,8.79048993671579
20500,3,2019,54941.0,48422.8671875,51491.5875,6518.1328125,3449.4124999999985,11.86387727289274
20540,1,2017,39642.3671875,39545.33984375,39453.44458333333,97.02734375,188.92260416666977,0.24475668491510919
20540,2,2018,40032.171875,39808.9140625,39453.44458333333,223.2578125,578.7272916666698,0.5576959781176
20540,3,2019,42038.0,40082.00390625,39453.44458333333,1955.99609375,2584.5554166666698,4.6529237683762315
20580,1,2017,30308.4296875,24259.009765625,29501.3875,6049.419921875,807.0421874999993,19.95952935948358
20580,2,2018,31467.087890625,24500.591796875,29501.3875,6966.49609375,1965.7003906249993,22.13899207312899
20580,3,2019,32525.0,25299.53515625,29501.3875,7225.46484375,3023.6124999999993,22.21511097232898
20660,1,2017,69333.1953125,69793.4921875,69648.41833333333,460.296875,315.2230208333349,0.6638910451557014
20660,2,2018,69879.109375,70773.109375,69648.41833333333,894.0,230.69104166666511,1.2793523100050244
20660,3,2019,74027.0,69866.4765625,69648.41833333333,4160.5234375,4378.581666666665,5.6202783275021275
20700,1,2017,42736.640625,40448.35546875,42441.93833333333,2288.28515625,294.7022916666683,5.354387061746269
20700,2,2018,43348.83984375,40840.046875,42441.93833333333,2508.79296875,906.9015104166683,5.787451239278589
20700,3,2019,44973.0,41262.94140625,42441.93833333333,3710.05859375,2531.0616666666683,8.249524367398218
20740,1,2017,46100.0703125,42470.13671875,44893.46208333333,3629.93359375,1206.608229166668,7.874030493106962
20740,2,2018,47376.29296875,42724.40234375,44893.46208333333,4651.890625,2482.830885416668,9.819026212262841
20740,3,2019,48125.0,43002.26953125,44893.46208333333,5122.73046875,3231.537916666668,10.64463474025974
20780,1,2017,74566.125,56521.515625,71256.13208333333,18044.609375,3309.9929166666698,24.199473118658105
20780,2,2018,81553.125,59731.6953125,71256.13208333333,21821.4296875,10296.99291666667,26.75731884890984
20780,3,2019,82532.0,61713.8984375,71256.13208333333,20818.1015625,11275.86791666667,25.22427853741579
20820,1,2017,48802.08203125,45114.0625,47061.585,3688.01953125,1740.4970312500009,7.5570946520035935
20820,2,2018,49431.26171875,46107.65234375,47061.585,3323.609375,2369.676718750001,6.723699253137426
20820,3,2019,49856.0,46351.03515625,47061.585,3504.96484375,2794.415000000001,7.030176596096759
20900,1,2017,43374.0625,44756.015625,43043.89875,1381.953125,330.1637499999997,3.18612794224659
20900,2,2018,44112.578125,45513.65625,43043.89875,1401.078125,1068.6793749999997,3.176142008816221
20900,3,2019,46520.0,45880.6875,43043.89875,639.3125,3476.1012499999997,1.374274505588994
20940,1,2017,37117.70703125,33416.50390625,37553.80666666666,3701.203125,436.0996354166564,9.971529550259927
20940,2,2018,35856.04296875,33498.8359375,37553.80666666666,2357.20703125,1697.7636979166564,6.5740858055764875
20940,3,2019,37662.0,33964.05078125,37553.80666666666,3697.94921875,108.19333333334362,9.818780783681163
20980,1,2017,43690.16796875,48478.140625,41262.52208333334,4787.97265625,2427.645885416663,10.958924808150575
20980,2,2018,43430.3046875,48531.73828125,41262.52208333334,5101.43359375,2167.782604166663,11.74625329123763
20980,3,2019,44846.0,48071.3359375,41262.52208333334,3225.3359375,3583.477916666663,7.19202590532043
21020,1,2017,40182.76953125,37785.28515625,39626.04208333333,2397.484375,556.7274479166736,5.966448811188798
21020,2,2018,38915.07421875,37967.24609375,39626.04208333333,947.828125,710.9678645833264,2.4356323199386805
21020,3,2019,40486.0,38240.65234375,39626.04208333333,2245.34765625,859.9579166666736,5.545985417798746
21060,1,2017,42124.25390625,39479.296875,42118.051666666666,2644.95703125,6.202239583333721,6.278940956762123
21060,2,2018,41693.05078125,40024.52734375,42118.051666666666,1668.5234375,425.0008854166663,4.001922157853607
21060,3,2019,42821.0,40712.12109375,42118.051666666666,2108.87890625,702.9483333333337,4.924870755587212
21120,1,2017,36252.85546875,36824.82421875,34798.63916666667,571.96875,1454.2163020833323,1.5777205480904468
21120,2,2018,37904.90234375,37189.8515625,34798.63916666667,715.05078125,3106.2631770833323,1.8864335139697361
21120,3,2019,36958.0,37612.19140625,34798.63916666667,654.19140625,2159.3608333333323,1.770094177850533
21140,1,2017,46422.43359375,39493.68359375,44037.9325,6928.75,2384.5010937499974,14.925434673749718
21140,2,2018,46662.44921875,39890.296875,44037.9325,6772.15234375,2624.5167187499974,14.513066624520002
21140,3,2019,45616.0,40228.2734375,44037.9325,5387.7265625,1578.0674999999974,11.811045603516309
21180,1,2017,37453.6328125,35526.23828125,36769.66,1927.39453125,683.9728124999965,5.146081665559395
21180,2,2018,37938.5078125,35835.90234375,36769.66,2102.60546875,1168.8478124999965,5.5421406638909305
21180,3,2019,39143.0,36366.32421875,36769.66,2776.67578125,2373.3399999999965,7.093671362057073
21220,1,2017,45460.55859375,44797.53125,44439.59458333333,663.02734375,1020.9640104166683,1.4584672169891777
21220,2,2018,46542.2890625,45145.62890625,44439.59458333333,1396.66015625,2102.6944791666683,3.0008411369163093
21220,3,2019,47293.0,45238.87890625,44439.59458333333,2054.12109375,2853.4054166666683,4.343393512253399
21260,1,2017,44201.359375,40236.75,43324.10333333333,3964.609375,877.2560416666674,8.969428612737094
21260,2,2018,44465.93359375,40641.95703125,43324.10333333333,3823.9765625,1141.8302604166674,8.59978921714912
21260,3,2019,46610.0,41089.1484375,43324.10333333333,5520.8515625,3285.8966666666674,11.844779151469641
21300,1,2017,43434.57421875,41103.859375,42147.88333333333,2330.71484375,1286.6908854166686,5.366035895763123
21300,2,2018,43932.3359375,41344.4609375,42147.88333333333,2587.875,1784.4526041666686,5.890592759924308
21300,3,2019,45198.0,41854.953125,42147.88333333333,3343.046875,3050.1166666666686,7.396448681357583
21340,1,2017,35347.31640625,31799.595703125,35026.638333333336,3547.720703125,320.67807291666395,10.036746955131518
21340,2,2018,35958.89453125,31869.32421875,35026.638333333336,4089.5703125,932.256197916664,11.372903327008475
21340,3,2019,36893.0,32322.767578125,35026.638333333336,4570.232421875,1866.361666666664,12.387803707681675
21380,1,2017,39296.0078125,35228.96484375,38817.39083333333,4067.04296875,478.6169791666689,10.349761197513503
21380,2,2018,40397.75,35581.54296875,38817.39083333333,4816.20703125,1580.359166666669,11.921968503815188
21380,3,2019,40636.0,36122.14453125,38817.39083333333,4513.85546875,1818.609166666669,11.108021135815534
21420,1,2017,43898.81640625,44031.4140625,45942.8975,132.59765625,2044.0810937499991,0.3020529187459407
21420,2,2018,43689.9765625,45130.96875,45942.8975,1440.9921875,2252.920937499999,3.2982214706355166
21420,3,2019,43353.0,45941.8828125,45942.8975,2588.8828125,2589.897499999999,5.971634748460314
21460,1,2017,41990.71875,40548.63671875,42163.864583333336,1442.08203125,173.14583333333576,3.4342875620579845
21460,2,2018,42406.89453125,40937.13671875,42163.864583333336,1469.7578125,243.02994791666424,3.4658463647153486
21460,3,2019,42823.0,41293.984375,42163.864583333336,1529.015625,659.1354166666642,3.570547661303505
21500,1,2017,43177.93359375,41595.90234375,43082.25375,1582.03125,95.67984374999651,3.6639809234154703
21500,2,2018,44651.26953125,42179.3984375,43082.25375,2471.87109375,1569.0157812499965,5.5359480697856
21500,3,2019,45267.0,42898.80078125,43082.25375,2368.19921875,2184.7462499999965,5.231623961716041
21540,1,2017,38674.234375,37102.11328125,38493.504166666666,1572.12109375,180.7302083333343,4.065034820097845
21540,2,2018,38866.1953125,37360.140625,38493.504166666666,1506.0546875,372.6911458333343,3.874973290775463
21540,3,2019,39536.0,37846.1796875,38493.504166666666,1689.8203125,1042.4958333333343,4.2741306973391335
21580,1,2017,33821.046875,35158.06640625,34408.69666666667,1337.01953125,587.6497916666704,3.95321746305347
21580,2,2018,34384.57421875,35355.7734375,34408.69666666667,971.19921875,24.122447916670353,2.824520125133329
21580,3,2019,35006.0,35771.140625,34408.69666666667,765.140625,597.3033333333296,2.1857413729075015
21640,1,2017,33107.46484375,32511.6640625,32834.010833333334,595.80078125,273.4540104166663,1.799596508104349
21640,2,2018,33683.96875,32893.8671875,32834.010833333334,790.1015625,849.9579166666663,2.345630849987058
21640,3,2019,34521.0,33468.890625,32834.010833333334,1052.109375,1686.9891666666663,3.0477372468931954
21660,1,2017,44772.015625,39313.2578125,43783.29791666667,5458.7578125,988.7177083333299,12.192343222206672
21660,2,2018,45494.4375,39559.40625,43783.29791666667,5935.03125,1711.13958333333,13.045619588108986
21660,3,2019,46304.0,39911.45703125,43783.29791666667,6392.54296875,2520.70208333333,13.805595561398585
21700,1,2017,44701.07421875,40202.77734375,44329.85666666667,4498.296875,371.21755208333343,10.063062138030626
21700,2,2018,44661.453125,40718.50390625,44329.85666666667,3942.94921875,331.59645833333343,8.828528726359036
21700,3,2019,45760.0,41240.25390625,44329.85666666667,4519.74609375,1430.1433333333334,9.87706751256556
21740,1,2017,39751.91015625,43529.16796875,39803.96666666667,3777.2578125,52.05651041666715,9.502078762134957
21740,2,2018,40311.19140625,43948.36328125,39803.96666666667,3637.171875,507.22473958333285,9.022734749626078
21740,3,2019,40648.0,44563.49609375,39803.96666666667,3915.49609375,844.0333333333328,9.632690645911238
21780,1,2017,47067.16015625,45301.125,46226.29833333333,1766.03515625,840.8618229166677,3.752159999429008
21780,2,2018,47407.859375,45699.58203125,46226.29833333333,1708.27734375,1181.5610416666677,3.603363168620182
21780,3,2019,48998.0,46135.44140625,46226.29833333333,2862.55859375,2771.7016666666677,5.842194770704927
21820,1,2017,55737.59375,51477.71875,55550.825,4259.875,186.7687500000029,7.642732155081595
21820,2,2018,57360.9140625,52136.87890625,55550.825,5224.03515625,1810.089062500003,9.107308071412412
21820,3,2019,58345.0,52564.37890625,55550.825,5780.62109375,2794.175000000003,9.907654629788327
21860,1,2017,48866.76171875,47258.734375,47532.49916666667,1608.02734375,1334.2625520833317,3.290636185399217
21860,2,2018,50588.0703125,48358.44140625,47532.49916666667,2229.62890625,3055.5711458333317,4.407420351234612
21860,3,2019,50715.0,49378.4921875,47532.49916666667,1336.5078125,3182.5008333333317,2.6353304002760525
21900,1,2017,42232.75,39052.74609375,40715.96333333333,3180.00390625,1516.7866666666669,7.529710725088942
21900,2,2018,42769.4140625,39564.1015625,40715.96333333333,3205.3125,2053.450729166667,7.494403583168097
21900,3,2019,42955.0,40165.07421875,40715.96333333333,2789.92578125,2239.036666666667,6.494996580724013
21980,1,2017,45314.50390625,40245.3984375,43394.42083333334,5069.10546875,1920.0830729166628,11.186496666138817
21980,2,2018,45207.26953125,40699.82421875,43394.42083333334,4507.4453125,1812.8486979166628,9.970620564429757
21980,3,2019,45507.0,41176.30078125,43394.42083333334,4330.69921875,2112.579166666663,9.516556175423561
22020,1,2017,52319.9140625,54537.09765625,52570.85458333333,2217.18359375,250.94052083332645,4.23774318723347
22020,2,2018,53948.5234375,55789.30078125,52570.85458333333,1840.77734375,1377.6688541666736,3.412099583934975
22020,3,2019,53870.0,56116.91015625,52570.85458333333,2246.91015625,1299.1454166666736,4.170985996380174
22060,1,2017,43625.48828125,39843.40625,42684.85333333333,3782.08203125,940.6349479166674,8.66943197716716
22060,2,2018,44288.74609375,40281.734375,42684.85333333333,4007.01171875,1603.8927604166674,9.047471586276105
22060,3,2019,44425.0,40837.5078125,42684.85333333333,3587.4921875,1740.1466666666674,8.075390405177266
22100,1,2017,33741.7578125,32780.15234375,33532.924166666664,961.60546875,208.83364583333605,2.849897370769945
22100,2,2018,34353.00390625,32870.546875,33532.924166666664,1482.45703125,820.079739583336,4.315363615058682
22100,3,2019,35044.0,33179.1171875,33532.924166666664,1864.8828125,1511.075833333336,5.321546662766807
22140,1,2017,35774.00390625,36201.01953125,35658.43041666667,427.015625,115.57348958333023,1.1936478402558597
22140,2,2018,36454.81640625,36481.01171875,35658.43041666667,26.1953125,796.3859895833302,0.07185693162758308
22140,3,2019,36619.0,36975.03515625,35658.43041666667,356.03515625,960.5695833333302,0.9722689211884541
22180,1,2017,36787.0,37048.3515625,36517.15625,261.3515625,269.84375,0.7104454358876777
22180,2,2018,37190.04296875,37293.4609375,36517.15625,103.41796875,672.88671875,0.2780797237499831
22180,3,2019,38030.0,37585.33203125,36517.15625,444.66796875,1512.84375,1.1692557684722586
22220,1,2017,63838.41015625,57260.1640625,63263.37625,6578.24609375,575.0339062499988,10.304526816456075
22220,2,2018,66428.03125,58565.4609375,63263.37625,7862.5703125,3164.654999999999,11.83622360101181
22220,3,2019,62234.0,58996.76953125,63263.37625,3237.23046875,1029.3762500000012,5.201707215910917
22260,1,2017,46683.24609375,43193.53125,45715.96375,3489.71484375,967.2823437499974,7.475304602301866
22260,2,2018,46662.44921875,43774.21875,45715.96375,2888.23046875,946.4854687499974,6.1896246706001135
22260,3,2019,46952.0,44431.2265625,45715.96375,2520.7734375,1236.0362499999974,5.368830800604873
22300,1,2017,50449.37109375,44744.77734375,53991.055,5704.59375,3541.6839062500003,11.307561672868353
22300,2,2018,51280.52734375,46066.35546875,53991.055,5214.171875,2710.5276562500003,10.167937314777822
22300,3,2019,50945.0,47284.54296875,53991.055,3660.45703125,3046.0550000000003,7.185115381784277
22340,1,2017,30059.09375,30730.43359375,30364.375,671.33984375,305.28125,2.233400146170408
22340,2,2018,30877.48046875,30700.50390625,30364.375,176.9765625,513.10546875,0.5731573943641927
22340,3,2019,31697.0,31023.92578125,30364.375,673.07421875,1332.625,2.1234634784048962
22380,1,2017,48078.06640625,40475.7265625,46063.28958333333,7602.33984375,2014.7768229166686,15.81249083420235
22380,2,2018,48697.05078125,40941.9375,46063.28958333333,7755.11328125,2633.7611979166686,15.925221665037629
22380,3,2019,48976.0,41460.53515625,46063.28958333333,7515.46484375,2912.7104166666686,15.345199370610093
22420,1,2017,40401.8515625,36610.5234375,40169.40458333334,3791.328125,232.44697916666337,9.384045479041898
22420,2,2018,40889.59765625,36725.98046875,40169.40458333334,4163.6171875,720.1930729166634,10.182582921217834
22420,3,2019,41652.0,37078.0234375,40169.40458333334,4573.9765625,1482.5954166666634,10.981409206040526
22500,1,2017,40518.6953125,37777.1171875,39990.41458333333,2741.578125,528.2807291666686,6.7662053376980875
22500,2,2018,41365.15234375,38097.92578125,39990.41458333333,3267.2265625,1374.7377604166686,7.898500011190353
22500,3,2019,43125.0,38537.33203125,39990.41458333333,4587.66796875,3134.5854166666686,10.638070652173912
22520,1,2017,36933.0546875,36370.29296875,37232.050833333335,562.76171875,298.9961458333346,1.5237345611178672
22520,2,2018,37043.40625,36518.63671875,37232.050833333335,524.76953125,188.6445833333346,1.416634117576593
22520,3,2019,38047.0,36882.06640625,37232.050833333335,1164.93359375,814.9491666666654,3.0618277229479327
22540,1,2017,47163.140625,43004.9453125,46348.82125,4158.1953125,814.3193749999991,8.81662089800662
22540,2,2018,48407.84765625,43466.3046875,46348.82125,4941.54296875,2059.026406249999,10.208144356759046
22540,3,2019,49524.0,43891.58984375,46348.82125,5632.41015625,3175.178749999999,11.373092149765771
22580,1,2017,33246.21484375,31540.810546875,32869.169583333336,1705.404296875,377.04526041666395,5.12961943153538
22580,2,2018,33660.546875,31355.890625,32869.169583333336,2304.65625,791.377291666664,6.8467581901103625
22580,3,2019,35440.0,31545.04296875,32869.169583333336,3894.95703125,2570.830416666664,10.990285076890519
22620,1,2017,29041.927734375,27606.962890625,28443.42875,1434.96484375,598.4989843750009,4.941010999251016
22620,2,2018,29217.62109375,27629.751953125,28443.42875,1587.869140625,774.1923437500009,5.434628423477859
22620,3,2019,30337.0,27965.716796875,28443.42875,2371.283203125,1893.5712500000009,7.8164723048587526
22660,1,2017,53646.92578125,44962.1796875,51216.71,8684.74609375,2430.215781250001,16.18871159395565
22660,2,2018,54660.328125,46816.390625,51216.71,7843.9375,3443.618125000001,14.350330063994654
22660,3,2019,56225.0,48239.9609375,51216.71,7985.0390625,5008.290000000001,14.20193697198755
22700,1,2017,43602.53515625,43159.10546875,45538.03916666667,443.4296875,1935.5040104166692,1.0169814344761525
22700,2,2018,44266.34375,43647.92578125,45538.03916666667,618.41796875,1271.6954166666692,1.397038734987007
22700,3,2019,45052.0,44232.65234375,45538.03916666667,819.34765625,486.0391666666692,1.818670994073515
22780,1,2017,40056.53515625,45500.859375,39727.25666666667,5444.32421875,329.278489583332,13.59160046547492
22780,2,2018,39703.25390625,45476.23046875,39727.25666666667,5772.9765625,24.002760416668025,14.540310917920083
22780,3,2019,41021.0,45488.4765625,39727.25666666667,4467.4765625,1293.743333333332,10.890706132224958
22800,1,2017,41065.35546875,41036.87109375,41993.39791666667,28.484375,928.0424479166686,0.06936351743424235
22800,2,2018,41534.19140625,41508.0078125,41993.39791666667,26.18359375,459.2065104166686,0.0630410581342386
22800,3,2019,41947.0,42020.3984375,41993.39791666667,73.3984375,46.39791666666861,0.1749789913462226
22820,1,2017,42220.234375,35571.39453125,44083.745416666665,6648.83984375,1863.5110416666648,15.747993686380383
22820,2,2018,44768.375,36622.00390625,44083.745416666665,8146.37109375,684.6295833333352,18.196709381901847
22820,3,2019,44458.0,37759.83984375,44083.745416666665,6698.16015625,374.2545833333352,15.066265140694588
22840,1,2017,32329.201171875,31015.109375,31743.024166666662,1314.091796875,586.1770052083375,4.064720900119867
22840,2,2018,32730.822265625,30978.68359375,31743.024166666662,1752.138671875,987.7980989583375,5.353176457516481
22840,3,2019,32887.0,31368.83203125,31743.024166666662,1518.16796875,1143.9758333333375,4.61631638261319
22900,1,2017,38277.80078125,37016.36328125,38281.48625,1261.4375,3.6854687500017462,3.295480602997188
22900,2,2018,38250.11328125,37221.77734375,38281.48625,1028.3359375,31.372968750001746,2.6884520051972887
22900,3,2019,39212.0,37628.14453125,38281.48625,1583.85546875,930.5137499999983,4.0392111311588295
23060,1,2017,45313.4609375,42991.10546875,45207.76,2322.35546875,105.70093749999796,5.125089588617345
23060,2,2018,46435.36328125,43354.83984375,45207.76,3080.5234375,1227.603281249998,6.634003095532743
23060,3,2019,46875.0,43671.30859375,45207.76,3203.69140625,1667.239999999998,6.834541666666667
23140,1,2017,37118.75,35914.52734375,37398.255833333336,1204.22265625,279.50583333333634,3.244243559521805
23140,2,2018,38430.35546875,36183.44140625,37398.255833333336,2246.9140625,1032.0996354166637,5.84671683385052
23140,3,2019,38236.0,36690.9375,37398.255833333336,1545.0625,837.7441666666637,4.040858091850612
23180,1,2017,40818.109375,40004.13671875,42020.03333333333,813.97265625,1201.9239583333328,1.9941459041425778
23180,2,2018,40930.328125,40377.26171875,42020.03333333333,553.06640625,1089.7052083333328,1.3512386330276946
23180,3,2019,41845.0,40822.8125,42020.03333333333,1022.1875,175.03333333333285,2.4427948380929623
23240,1,2017,62438.37109375,55014.30078125,59388.45583333333,7424.0703125,3049.9152604166666,11.890237016838416
23240,2,2018,64210.12890625,57332.93359375,59388.45583333333,6877.1953125,4821.673072916667,10.710452431174915
23240,3,2019,67758.0,59032.7578125,59388.45583333333,8725.2421875,8369.544166666667,12.87706571548747
23300,1,2017,41111.26171875,41429.6953125,40899.215,318.43359375,212.0467187500035,0.7745653634482568
23300,2,2018,41808.12109375,41828.35546875,40899.215,20.234375,908.9060937500035,0.04839819267320503
23300,3,2019,42642.0,42452.77734375,40899.215,189.22265625,1742.7850000000035,0.4437471419023498
23340,1,2017,45749.5390625,48493.5625,45388.880833333336,2744.0234375,360.65822916666366,5.997925867080969
23340,2,2018,45949.625,49394.84765625,45388.880833333336,3445.22265625,560.7441666666637,7.4978254039069965
23340,3,2019,47397.0,50126.77734375,45388.880833333336,2729.77734375,2008.1191666666637,5.759388450218368
23380,1,2017,41406.5,39275.015625,40605.16,2131.484375,801.3399999999965,5.147704768574982
23380,2,2018,41626.859375,39607.2578125,40605.16,2019.6015625,1021.6993749999965,4.851678922750823
23380,3,2019,41854.0,40098.765625,40605.16,1755.234375,1248.8399999999965,4.193707590672338
23420,1,2017,41306.34765625,37077.796875,41620.50208333333,4228.55078125,314.15442708333285,10.237048350146697
23420,2,2018,41345.8046875,37356.09765625,41620.50208333333,3989.70703125,274.69739583333285,9.64960547123225
23420,3,2019,42636.0,37787.96484375,41620.50208333333,4848.03515625,1015.4979166666672,11.370755127708978
23460,1,2017,36684.76171875,34471.4609375,36464.950833333336,2213.30078125,219.81088541666395,6.033297417109177
23460,2,2018,36829.55859375,34675.90234375,36464.950833333336,2153.65625,364.60776041666395,5.847629817549529
23460,3,2019,37313.0,35028.71875,36464.950833333336,2284.28125,848.049166666664,6.121944764559268
23500,1,2017,33750.10546875,31241.25,32912.85166666667,2508.85546875,837.2538020833308,7.433622603262697
23500,2,2018,33508.81640625,31173.423828125,32912.85166666667,2335.392578125,595.9647395833308,6.9694869249079385
23500,3,2019,34442.0,31491.38671875,32912.85166666667,2950.61328125,1529.1483333333308,8.566904596858487
23540,1,2017,41893.6953125,39021.31640625,40539.10416666666,2872.37890625,1354.591145833343,6.856351259596229
23540,2,2018,42641.10546875,39277.92578125,40539.10416666666,3363.1796875,2102.001302083343,7.887177526306729
23540,3,2019,43838.0,39647.84375,40539.10416666666,4190.15625,3298.895833333343,9.558274214152105
23580,1,2017,44621.7890625,38740.78515625,43053.4875,5881.00390625,1568.301562499997,13.17966856508758
23580,2,2018,45965.91796875,39011.80078125,43053.4875,6954.1171875,2912.430468749997,15.128855236237786
23580,3,2019,46350.0,39287.86328125,43053.4875,7062.13671875,3296.512499999997,15.236540925026967
23620,1,2017,51697.09375,42140.375,48718.307916666665,9556.71875,2978.785833333335,18.485988392722756
23620,2,2018,51553.4375,43332.1015625,48718.307916666665,8221.3359375,2835.129583333335,15.94721193421874
23620,3,2019,52240.0,44322.63671875,48718.307916666665,7917.36328125,3521.692083333335,15.155749006986982
23660,1,2017,38273.625,43405.05078125,38897.29708333333,5131.42578125,623.6720833333311,13.40721131392702
23660,2,2018,39060.6953125,43788.83984375,38897.29708333333,4728.14453125,163.3982291666689,12.104609232946562
23660,3,2019,38734.0,44106.44140625,38897.29708333333,5372.44140625,163.2970833333311,13.870091925052924
23700,1,2017,26704.009765625,27417.04296875,27062.64875,713.033203125,358.6389843750003,2.6701353444038167
23700,2,2018,27233.93359375,27312.1015625,27062.64875,78.16796875,171.2848437499997,0.2870241585958005
23700,3,2019,28061.0,27698.515625,27062.64875,362.484375,998.3512499999997,1.2917728341826735
23780,1,2017,41377.2890625,37921.328125,42452.5925,3455.9609375,1075.3034374999988,8.352313589901465
23780,2,2018,41888.56640625,38347.421875,42452.5925,3541.14453125,564.0260937499988,8.453725765896927
23780,3,2019,41903.0,38868.125,42452.5925,3034.875,549.5924999999988,7.242619860153211
23820,1,2017,71948.6171875,63204.34765625,67870.23791666667,8744.26953125,4078.379270833335,12.153492135175027
23820,2,2018,72537.9453125,64786.11328125,67870.23791666667,7751.83203125,4667.707395833335,10.686588926463811
23820,3,2019,75797.0,65086.046875,67870.23791666667,10710.953125,7926.762083333335,14.131104298323152
23900,1,2017,47884.0234375,45678.5234375,47676.33041666666,2205.5,207.69302083334333,4.605920391962677
23900,2,2018,48714.36328125,46359.8515625,47676.33041666666,2354.51171875,1038.0328645833433,4.833300817576823
23900,3,2019,48890.0,47127.0625,47676.33041666666,1762.9375,1213.6695833333433,3.605926569850685
23940,1,2017,50586.03515625,57329.40234375,49030.475,6743.3671875,1555.5601562500015,13.330491639977529
23940,2,2018,52161.375,57855.24609375,49030.475,5693.87109375,3130.9000000000015,10.915876151175079
23940,3,2019,51905.0,57294.73828125,49030.475,5389.73828125,2874.5250000000015,10.383851808592622
23980,1,2017,35333.75390625,34395.86328125,34894.526666666665,937.890625,439.2272395833352,2.654375834190948
23980,2,2018,35309.20703125,34622.66015625,34894.526666666665,686.546875,414.6803645833352,1.944384858012755
23980,3,2019,35967.0,35104.96484375,34894.526666666665,862.03515625,1072.4733333333352,2.3967391115466956
24020,1,2017,46106.328125,42793.08984375,44437.46375,3313.23828125,1668.8643749999974,7.186081425238197
24020,2,2018,46107.46484375,43512.98828125,44437.46375,2594.4765625,1670.0010937499974,5.627020638181301
24020,3,2019,47713.0,44259.20703125,44437.46375,3453.79296875,3275.5362499999974,7.238683312200029
24100,1,2017,42906.6875,43165.26171875,41869.809583333335,258.57421875,1036.8779166666645,0.6026431631432746
24100,2,2018,42889.578125,43515.67578125,41869.809583333335,626.09765625,1019.7685416666645,1.4597897289296315
24100,3,2019,43811.0,44001.2734375,41869.809583333335,190.2734375,1941.1904166666645,0.43430516879322545
24140,1,2017,39811.375,36499.578125,38551.03666666667,3311.796875,1260.3383333333331,8.318720152217802
24140,2,2018,40120.765625,36957.24609375,38551.03666666667,3163.51953125,1569.7289583333331,7.884992925655316
24140,3,2019,41262.0,37537.22265625,38551.03666666667,3724.77734375,2710.963333333333,9.027137181304832
24180,1,2017,53266.140625,48870.1484375,50949.29041666667,4395.9921875,2316.8502083333296,8.252882855636773
24180,2,2018,52678.6796875,49563.0,50949.29041666667,3115.6796875,1729.3892708333296,5.914498438424819
24180,3,2019,54802.0,49577.76171875,50949.29041666667,5224.23828125,3852.7095833333296,9.532933617842415
24220,1,2017,47934.1015625,48682.5546875,48025.787083333336,748.453125,91.68552083333634,1.561420993828604
24220,2,2018,48862.01953125,49091.26171875,48025.787083333336,229.2421875,836.2324479166637,0.46916232627958976
24220,3,2019,49344.0,49335.3125,48025.787083333336,8.6875,1318.2129166666637,0.017605990596627756
24260,1,2017,42887.91015625,43419.58984375,43264.44,531.6796875,376.5298437500023,1.2396959552539983
24260,2,2018,42685.9140625,43577.9296875,43264.44,892.015625,578.5259375000023,2.089718926233899
24260,3,2019,43964.0,43683.78515625,43264.44,280.21484375,699.5599999999977,0.637373404944955
24300,1,2017,43938.4609375,40261.328125,42446.2,3677.1328125,1492.260937500003,8.368824792772136
24300,2,2018,45217.453125,40640.98046875,42446.2,4576.47265625,2771.253125000003,10.121031460128261
24300,3,2019,45982.0,41114.98046875,42446.2,4867.01953125,3535.800000000003,10.584619049301901
24330,1,2017,42637.53125,39049.05078125,42334.33125,3588.48046875,303.1999999999971,8.416248229076349
24330,2,2018,44658.3984375,39274.65234375,42334.33125,5383.74609375,2324.067187499997,12.055394465801593
24330,3,2019,44448.0,39645.84765625,42334.33125,4802.15234375,2113.668749999997,10.803978455161086
24340,1,2017,48887.62890625,43933.01953125,49151.9325,4954.609375,264.3035937500026,10.134689462033988
24340,2,2018,49494.39453125,44602.484375,49151.9325,4891.91015625,342.4620312499974,9.883766035689806
24340,3,2019,50150.0,45381.6953125,49151.9325,4768.3046875,998.0674999999974,9.508085119641077
24420,1,2017,40380.98828125,35869.34765625,39183.894166666665,4511.640625,1197.0941145833349,11.172685011017618
24420,2,2018,41664.5390625,36018.58984375,39183.894166666665,5645.94921875,2480.644895833335,13.550970071409271
24420,3,2019,43707.0,36382.9296875,39183.894166666665,7324.0703125,4523.105833333335,16.75720207861441
24460,1,2017,45843.4296875,50955.9375,46894.31458333333,5112.5078125,1050.8848958333328,11.152105868497037
24460,2,2018,45280.58984375,51630.32421875,46894.31458333333,6349.734375,1613.7247395833328,14.023082289588245
24460,3,2019,48606.0,51712.828125,46894.31458333333,3106.828125,1711.6854166666672,6.3918613442784835
24500,1,2017,45878.90234375,43570.30078125,45221.61041666667,2308.6015625,657.2919270833299,5.031945937160147
24500,2,2018,46584.0390625,43997.7890625,45221.61041666667,2586.25,1362.42864583333,5.551794245514281
24500,3,2019,46852.0,44361.4921875,45221.61041666667,2490.5078125,1630.38958333333,5.315691565995048
24540,1,2017,46307.67578125,39087.05859375,46794.16541666667,7220.6171875,486.48963541667035,15.59270048794725
24540,2,2018,48728.62109375,39641.66796875,46794.16541666667,9086.953125,1934.4556770833296,18.648081807029637
24540,3,2019,49754.0,40237.15625,46794.16541666667,9516.84375,2959.8345833333296,19.127796257587327
24580,1,2017,49980.953125,46723.078125,49236.10041666667,3257.875,744.852708333332,6.518233039398445
24580,2,2018,51399.671875,47462.265625,49236.10041666667,3937.40625,2163.571458333332,7.660372345518986
24580,3,2019,51836.0,48160.65625,49236.10041666667,3675.34375,2599.899583333332,7.090330561771742
24620,1,2017,36136.01171875,38040.0625,35877.90625,1904.05078125,258.10546875,5.269122658220856
24620,2,2018,36127.93359375,38311.359375,35877.90625,2183.42578125,250.02734375,6.043594426966409
24620,3,2019,37218.0,38686.66796875,35877.90625,1468.66796875,1340.09375,3.9461227598205166
24660,1,2017,42783.5859375,40613.98828125,42293.84541666667,2169.59765625,489.74052083332936,5.0710981997148075
24660,2,2018,43222.56640625,40835.64453125,42293.84541666667,2386.921875,928.7209895833294,5.5223973804916175
24660,3,2019,44536.0,41176.1875,42293.84541666667,3359.8125,2242.1545833333294,7.544037407939644
24700,1,2017,42375.67578125,39214.32421875,41680.16541666667,3161.3515625,695.5103645833296,7.460297692523893
24700,2,2018,42954.75,39408.5546875,41680.16541666667,3546.1953125,1274.5845833333296,8.25565347836968
24700,3,2019,44983.0,39650.09765625,41680.16541666667,5332.90234375,3302.8345833333296,11.85537279361092
24740,1,2017,35765.66015625,40714.3984375,36109.10166666667,4948.73828125,343.4415104166692,13.836563507091354
24740,2,2018,36005.73828125,41533.87109375,36109.10166666667,5528.1328125,103.36338541666919,15.353477185548442
24740,3,2019,36556.0,42177.13671875,36109.10166666667,5621.13671875,446.8983333333308,15.376782795573915
24780,1,2017,42731.421875,38259.46875,42119.11708333333,4471.953125,612.3047916666692,10.465257014104449
24780,2,2018,44046.38671875,38632.3671875,42119.11708333333,5414.01953125,1927.2696354166692,12.291631469841587
24780,3,2019,45526.0,39054.125,42119.11708333333,6471.875,3406.882916666669,14.21577779730264
24820,1,2017,42470.61328125,38562.68359375,41311.53125,3907.9296875,1159.08203125,9.201491067766803
24820,2,2018,43847.81640625,39217.36328125,41311.53125,4630.453125,2536.28515625,10.56028214061757
24820,3,2019,43238.0,39785.97265625,41311.53125,3452.02734375,1926.46875,7.983781265900365
24860,1,2017,44252.48046875,39124.94140625,43341.15,5127.5390625,911.3304687499985,11.58700937932946
24860,2,2018,44519.90625,39456.66015625,43341.15,5063.24609375,1178.7562499999985,11.372993611705999
24860,3,2019,45548.0,39863.1171875,43341.15,5684.8828125,2206.8499999999985,12.481081084789672
24900,1,2017,37007.125,33541.63671875,36290.2225,3465.48828125,716.9024999999965,9.364381267796404
24900,2,2018,37107.55859375,33725.32421875,36290.2225,3382.234375,817.3360937499965,9.114677718435692
24900,3,2019,38118.0,34129.7734375,36290.2225,3988.2265625,1827.7774999999965,10.462843177763787
24940,1,2017,37687.3203125,34934.2578125,37038.145,2753.0625,649.1753125000032,7.305009953405666
24940,2,2018,37433.421875,35071.10546875,37038.145,2362.31640625,395.2768750000032,6.3107145644830265
24940,3,2019,38238.0,35393.2265625,37038.145,2844.7734375,1199.8550000000032,7.439650184371567
24980,1,2017,34500.19921875,34541.5234375,34634.565,41.32421875,134.36578125000233,0.11977965254050277
24980,2,2018,34760.33203125,34663.2109375,34634.565,97.12109375,125.76703124999767,0.27940208874497185
24980,3,2019,35449.0,34959.48828125,34634.565,489.51171875,814.4349999999977,1.380890063894609
25060,1,2017,37398.34375,38266.34765625,37594.2925,868.00390625,195.9487500000032,2.320968843038671
25060,2,2018,37231.79296875,38510.53515625,37594.2925,1278.7421875,362.4995312500032,3.4345436669496276
25060,3,2019,38045.0,38775.7109375,37594.2925,730.7109375,450.7074999999968,1.920649066894467
25100,1,2017,52971.94140625,40468.03515625,51764.33416666667,12503.90625,1207.6072395833326,23.604772485315596
25100,2,2018,50070.765625,41817.20703125,51764.33416666667,8253.55859375,1693.5685416666674,16.483787477036408
25100,3,2019,51850.0,43171.90625,51764.33416666667,8678.09375,85.66583333333256,16.736921407907428
25180,1,2017,43224.87890625,40604.5859375,43139.78625,2620.29296875,85.09265625000262,6.062001872655622
25180,2,2018,43702.1953125,41005.953125,43139.78625,2696.2421875,562.4090625000026,6.169580654289929
25180,3,2019,44640.0,41510.41796875,43139.78625,3129.58203125,1500.2137500000026,7.010712435595878
25200,1,2017,100979.0703125,84194.328125,94636.70083333334,16784.7421875,6342.369479166664,16.622001109295468
25200,2,2018,104502.9921875,88586.7734375,94636.70083333334,15916.21875,9866.291354166664,15.23039524212188
25200,3,2019,115097.0,90591.703125,94636.70083333334,24505.296875,20460.299166666664,21.29099531264933
25220,1,2017,39134.3046875,39123.76953125,38935.65208333333,10.53515625,198.65260416667297,0.026920514709860333
25220,2,2018,39007.7421875,39377.57421875,38935.65208333333,369.83203125,72.09010416667297,0.9480990452416196
25220,3,2019,40525.0,39777.3046875,38935.65208333333,747.6953125,1589.347916666673,1.8450223627390498
25260,1,2017,36963.30859375,32604.2109375,36428.72666666667,4359.09765625,534.5819270833308,11.793039698256516
25260,2,2018,35725.69921875,32694.50390625,36428.72666666667,3031.1953125,703.0274479166692,8.484635371136784
25260,3,2019,36435.0,32982.78125,36428.72666666667,3452.21875,6.273333333330811,9.47500686153424
25300,1,2017,39775.90234375,39023.80078125,39524.8275,752.1015625,251.07484375000058,1.8908472672730652
25300,2,2018,39920.15625,39338.37890625,39524.8275,581.77734375,395.3287500000006,1.4573523713349694
25300,3,2019,40626.0,39715.875,39524.8275,910.125,1101.1725000000006,2.2402525476295967
25420,1,2017,51054.453125,46036.421875,50364.37666666667,5018.03125,690.0764583333294,9.828782687602239
25420,2,2018,52073.796875,46182.41796875,50364.37666666667,5891.37890625,1709.4202083333294,11.313519005329876
25420,3,2019,53265.0,46044.203125,50364.37666666667,7220.796875,2900.6233333333294,13.556363231014737
25460,1,2017,34614.95703125,32642.06640625,34506.715000000004,1972.890625,108.24203124999622,5.699532208631362
25460,2,2018,35243.015625,32620.50390625,34506.715000000004,2622.51171875,736.3006249999962,7.441223948184769
25460,3,2019,35790.0,32928.90234375,34506.715000000004,2861.09765625,1283.2849999999962,7.994125890611903
25500,1,2017,39248.01953125,37295.34765625,38051.35625,1952.671875,1196.663281250003,4.975211229308645
25500,2,2018,39870.2578125,37557.17578125,38051.35625,2313.08203125,1818.901562500003,5.80152263405934
25500,3,2019,40517.0,37982.2578125,38051.35625,2534.7421875,2465.643750000003,6.255996711257003
25540,1,2017,61938.65625,60092.19140625,62112.72625,1846.46484375,174.0699999999997,2.981118667310449
25540,2,2018,62558.4140625,61363.578125,62112.72625,1194.8359375,445.6878125000003,1.9099524107281232
25540,3,2019,63323.0,61838.00390625,62112.72625,1484.99609375,1210.2737500000003,2.345113298090741
25580,1,2017,47293.546875,50322.21875,48388.02875,3028.671875,1094.4818749999977,6.403985480312953
25580,2,2018,48441.453125,51276.2890625,48388.02875,2834.8359375,53.42437500000233,5.85208691032635
25580,3,2019,50114.0,51945.99609375,48388.02875,1831.99609375,1725.9712500000023,3.6556572888813506
25620,1,2017,38448.890625,36510.47265625,38062.01041666666,1938.41796875,386.88020833334303,5.041544599181788
25620,2,2018,38275.5703125,36691.29296875,38062.01041666666,1584.27734375,213.55989583334303,4.139134520570705
25620,3,2019,38236.0,37042.24609375,38062.01041666666,1193.75390625,173.98958333334303,3.122067962783764
25700,1,2017,44019.8359375,40270.125,44079.48375,3749.7109375,59.64781249999942,8.518230151570519
25700,2,2018,45280.58984375,40824.76953125,44079.48375,4455.8203125,1201.1060937500006,9.840464375300158
25700,3,2019,46327.0,41350.7109375,44079.48375,4976.2890625,2247.5162500000006,10.741660505752584
25720,1,2017,94538.0546875,72646.515625,91321.12416666666,21891.5390625,3216.930520833339,23.156324862896234
25720,2,2018,104300.34375,73069.4296875,91321.12416666666,31230.9140625,12979.219583333339,29.94325132557389
25720,3,2019,116293.0,70790.703125,91321.12416666666,45502.296875,24971.87583333334,39.12728786341396
25740,1,2017,49030.55078125,44738.828125,48138.72125,4291.72265625,891.8295312499977,8.753160198826928
25740,2,2018,48547.359375,45614.6484375,48138.72125,2932.7109375,408.6381249999977,6.040927818229043
25740,3,2019,50087.0,46186.875,48138.72125,3900.125,1948.2787499999977,7.786701140016373
25780,1,2017,35393.21875,33264.19140625,35196.03958333333,2129.02734375,197.1791666666686,6.015353841616906
25780,2,2018,35380.48828125,33285.97265625,35196.03958333333,2094.515625,184.4486979166686,5.919973767320772
25780,3,2019,36437.0,33630.28515625,35196.03958333333,2806.71484375,1240.9604166666686,7.7029251687844775
25820,1,2017,51679.359375,39187.95703125,49085.87666666667,12491.40234375,2593.4827083333294,24.17096979300549
25820,2,2018,47608.46875,40205.55078125,49085.87666666667,7402.91796875,1477.4079166666706,15.54958217123923
25820,3,2019,50735.0,41305.14453125,49085.87666666667,9429.85546875,1649.1233333333294,18.58648954124372
25840,1,2017,38755.60546875,37194.98046875,39575.9675,1560.625,820.3620312499988,4.026836843662232
25840,2,2018,40064.7578125,37528.703125,39575.9675,2536.0546875,488.79031250000116,6.329888974665819
25840,3,2019,40823.0,37954.79296875,39575.9675,2868.20703125,1247.0325000000012,7.025958482350636
25860,1,2017,39805.11328125,36135.7890625,38734.28833333333,3669.32421875,1070.8249479166698,9.218223279064041
25860,2,2018,40119.74609375,36403.62109375,38734.28833333333,3716.125,1385.4577604166698,9.262583545061148
25860,3,2019,41260.0,36789.640625,38734.28833333333,4470.359375,2525.7116666666698,10.834608276781386
25880,1,2017,35156.40234375,33890.69140625,35359.04833333333,1265.7109375,202.64598958333227,3.6002288434527894
25880,2,2018,35790.87109375,34033.890625,35359.04833333333,1756.98046875,431.82276041666773,4.909018459337844
25880,3,2019,35696.0,34506.18359375,35359.04833333333,1189.81640625,336.95166666666773,3.3331925320764233
25940,1,2017,54341.7265625,49505.12109375,54134.88625,4836.60546875,206.8403124999968,8.900352960238168
25940,2,2018,55571.7265625,49952.97265625,54134.88625,5618.75390625,1436.8403124999968,10.110813994470266
25940,3,2019,58576.0,50307.7421875,54134.88625,8268.2578125,4441.113749999997,14.115436036089864
25980,1,2017,34508.546875,33986.16796875,34044.324166666665,522.37890625,464.2227083333346,1.5137667434743296
25980,2,2018,35565.82421875,33963.375,34044.324166666665,1602.44921875,1521.5000520833346,4.505587186435012
25980,3,2019,34930.0,34176.90625,34044.324166666665,753.09375,885.6758333333346,2.156008445462353
26020,1,2017,40471.75,37900.34375,38865.33458333334,2571.40625,1606.415416666663,6.353583054846899
26020,2,2018,46292.80078125,38403.5625,38865.33458333334,7889.23828125,7427.466197916663,17.0420414148832
26020,3,2019,47881.0,38987.5234375,38865.33458333334,8893.4765625,9015.665416666663,18.574124522253086
26090,1,2017,44026.09375,39435.2265625,43425.31791666667,4590.8671875,600.7758333333331,10.42760507795448
26090,2,2018,45083.03515625,39763.11328125,43425.31791666667,5319.921875,1657.7172395833331,11.80027444151014
26090,3,2019,45182.0,40314.74609375,43425.31791666667,4867.25390625,1756.6820833333331,10.772550808397149
26140,1,2017,37921.0078125,36450.125,37917.11375,1470.8828125,3.8940625000032014,3.878807282160758
26140,2,2018,38240.94921875,36578.85546875,37917.11375,1662.09375,323.8354687500032,4.346371583226954
26140,3,2019,39064.0,36875.57421875,37917.11375,2188.42578125,1146.8862500000032,5.602154877252714
26220,1,2017,52938.55859375,42225.72265625,50632.86166666666,10712.8359375,2305.6969270833433,20.236357434115654
26220,2,2018,54244.85546875,43156.40625,50632.86166666666,11088.44921875,3611.9938020833433,20.441476197015515
26220,3,2019,54767.0,43902.29296875,50632.86166666666,10864.70703125,4134.138333333343,19.83805399465006
26300,1,2017,40003.33203125,38072.2734375,39852.97583333333,1931.05859375,150.35619791666977,4.827244371147598
26300,2,2018,40073.921875,38331.53515625,39852.97583333333,1742.38671875,220.94604166666977,4.3479316154403715
26300,3,2019,41376.0,38691.875,39852.97583333333,2684.125,1523.0241666666698,6.487154389017788
26340,1,2017,35815.734375,35880.52734375,36165.56875,64.79296875,349.83437499999854,0.18090643646058144
26340,2,2018,36549.51953125,36071.48046875,36165.56875,478.0390625,383.95078125000146,1.3079216050741092
26340,3,2019,37321.0,36537.08984375,36165.56875,783.91015625,1155.4312500000015,2.100453246831542
26380,1,2017,42746.02734375,45880.0234375,42908.590833333335,3133.99609375,162.56348958333547,7.331666329007365
26380,2,2018,42681.83984375,46024.33984375,42908.590833333335,3342.5,226.75098958333547,7.831199433380213
26380,3,2019,43662.0,46229.42578125,42908.590833333335,2567.42578125,753.4091666666645,5.8802294472310015
26420,1,2017,56333.28515625,53936.38671875,54167.91416666667,2396.8984375,2165.370989583331,4.2548529361491925
26420,2,2018,58125.671875,55332.609375,54167.91416666667,2793.0625,3957.757708333331,4.805213273072381
26420,3,2019,58891.0,56142.8828125,54167.91416666667,2748.1171875,4723.085833333331,4.666446804265507
26460,1,2017,54885.2578125,51160.375,53629.87875,3724.8828125,1255.3790624999965,6.786672707678647
26460,2,2018,54087.015625,51779.2890625,53629.87875,2307.7265625,457.1368749999965,4.266692358291861
26460,3,2019,57275.0,52024.05078125,53629.87875,5250.94921875,3645.1212499999965,9.167960224792667
26500,1,2017,37435.8984375,36016.1015625,36746.22083333333,1419.796875,689.6776041666672,3.792607989281678
26500,2,2018,38402.859375,36266.2109375,36746.22083333333,2136.6484375,1656.6385416666672,5.563774344602432
26500,3,2019,39409.0,36761.83984375,36746.22083333333,2647.16015625,2662.779166666667,6.7171462261158625
26540,1,2017,41125.8671875,38556.484375,40622.206666666665,2569.3828125,503.6605208333349,6.247607620735961
26540,2,2018,41857.0,38793.8203125,40622.206666666665,3063.1796875,1234.7933333333349,7.318201704613327
26540,3,2019,41655.0,39110.9375,40622.206666666665,2544.0625,1032.7933333333349,6.107460088824871
26580,1,2017,39064.41015625,40830.2265625,38493.504166666666,1765.81640625,570.9059895833343,4.520268958847913
26580,2,2018,40240.92578125,41314.26953125,38493.504166666666,1073.34375,1747.4216145833343,2.6672938784627007
26580,3,2019,40967.0,41848.1796875,38493.504166666666,881.1796875,2473.4958333333343,2.150950002440989
26620,1,2017,48781.21484375,47496.421875,48384.8325,1284.79296875,396.3823437500032,2.633786331204114
26620,2,2018,49486.25,47622.53515625,48384.8325,1863.71484375,1101.4175000000032,3.7661266387127736
26620,3,2019,50917.0,47111.23046875,48384.8325,3805.76953125,2532.167500000003,7.4744575117347845
26660,1,2017,27088.96875,27082.099609375,27635.84291666667,6.869140625,546.8741666666683,0.02535770441611957
26660,2,2018,28057.75390625,26889.462890625,27635.84291666667,1168.291015625,421.9109895833317,4.1638793309280455
26660,3,2019,30015.0,27273.576171875,27635.84291666667,2741.423828125,2379.1570833333317,9.13351267074796
26700,1,2017,47282.0703125,48947.546875,50546.56291666667,1665.4765625,3264.4926041666695,3.522427320742122
26700,2,2018,46698.08984375,49194.3828125,50546.56291666667,2496.29296875,3848.4730729166695,5.345599738881183
26700,3,2019,47520.0,48650.0546875,50546.56291666667,1130.0546875,3026.5629166666695,2.3780612110690234
26740,1,2017,40180.68359375,39540.87109375,38609.63458333333,639.8125,1571.0490104166674,1.5923385138711805
26740,2,2018,39986.34765625,39860.41015625,38609.63458333333,125.9375,1376.7130729166674,0.3149512455667242
26740,3,2019,41037.0,40273.5078125,38609.63458333333,763.4921875,2427.3654166666674,1.8604970819016984
26780,1,2017,46525.71484375,46977.328125,46625.82958333333,451.61328125,100.11473958333227,0.9706745673154706
26780,2,2018,47807.0390625,47045.23828125,46625.82958333333,761.80078125,1181.2094791666677,1.5934908251775817
26780,3,2019,47439.0,46707.16015625,46625.82958333333,731.83984375,813.1704166666677,1.5426966077488986
26820,1,2017,47411.43359375,37410.3515625,44819.94833333333,10001.08203125,2591.4852604166736,21.094240931302256
26820,2,2018,50064.65625,37845.19140625,44819.94833333333,12219.46484375,5244.707916666674,24.407367909871546
26820,3,2019,52492.0,38280.7734375,44819.94833333333,14211.2265625,7672.051666666674,27.073128405280805
26860,1,2017,38453.06640625,38205.40234375,38163.225,247.6640625,289.84140625000146,0.6440684336678693
26860,2,2018,40048.46484375,38520.33984375,38163.225,1528.125,1885.2398437500015,3.815689330320187
26860,3,2019,40963.0,38935.94921875,38163.225,2027.05078125,2799.7750000000015,4.948492008031638
26900,1,2017,53385.0703125,46916.7734375,53294.2725,6468.296875,90.79781250000087,12.1163029984536
26900,2,2018,54550.3515625,47382.1796875,53294.2725,7168.171875,1256.0790625000009,13.140468704014138
26900,3,2019,56407.0,47591.015625,53294.2725,8815.984375,3112.727500000001,15.629238170794405
26980,1,2017,53143.03515625,50319.92578125,52168.12708333333,2823.109375,974.9080729166672,5.312284792728821
26980,2,2018,54749.94140625,51098.47265625,52168.12708333333,3651.46875,2581.814322916667,6.669356452650313
26980,3,2019,54658.0,51498.6796875,52168.12708333333,3159.3203125,2489.872916666667,5.780160841047971
27020,1,2017,47168.35546875,43568.63671875,46366.93333333333,3599.71875,801.422135416673,7.631639293392128
27020,2,2018,48067.73046875,44142.390625,46366.93333333333,3925.33984375,1700.797135416673,8.1662683165413
27020,3,2019,47607.0,44989.765625,46366.93333333333,2617.234375,1240.066666666673,5.497583076018232
27060,1,2017,43346.94140625,41798.046875,41843.17416666666,1548.89453125,1503.7672395833433,3.5732498787715428
27060,2,2018,43428.265625,42148.8515625,41843.17416666666,1279.4140625,1585.0914583333433,2.9460399674894915
27060,3,2019,44671.0,42674.96875,41843.17416666666,1996.03125,2827.8258333333433,4.468293187974301
27100,1,2017,38757.6953125,36609.44921875,38918.605416666665,2148.24609375,160.9101041666654,5.5427601575090435
27100,2,2018,39293.890625,36793.98046875,38918.605416666665,2499.91015625,375.2852083333346,6.362083561813243
27100,3,2019,39474.0,37181.14453125,38918.605416666665,2292.85546875,555.3945833333346,5.808520719334245
27140,1,2017,43786.1484375,44319.23828125,44211.59541666667,533.08984375,425.44697916667064,1.2174851243445817
27140,2,2018,43768.38671875,44756.16796875,44211.59541666667,987.78125,443.20869791667064,2.2568372381357227
27140,3,2019,44641.0,44966.6171875,44211.59541666667,325.6171875,429.40458333332936,0.7294128435742927
27180,1,2017,39658.015625,39735.4453125,39124.230833333335,77.4296875,533.7847916666651,0.19524347418731947
27180,2,2018,39881.4609375,39922.3046875,39124.230833333335,40.84375,757.2301041666651,0.10241287314927616
27180,3,2019,41616.0,40064.1015625,39124.230833333335,1551.8984375,2491.769166666665,3.729090824442522
27220,1,2017,169456.796875,145545.140625,155219.48875,23911.65625,14237.30812500001,14.11076846190977
27220,2,2018,161588.953125,150528.96875,155219.48875,11059.984375,6369.4643750000105,6.8445176239519
27220,3,2019,189060.0,146996.078125,155219.48875,42063.921875,33840.51125000001,22.24898015180366
27260,1,2017,49773.34375,42920.3203125,48108.88958333334,6853.0234375,1664.4541666666628,13.768461029906193
27260,2,2018,50254.0625,43321.5546875,48108.88958333334,6932.5078125,2145.172916666663,13.79492018680082
27260,3,2019,51532.0,43526.9765625,48108.88958333334,8005.0234375,3423.110416666663,15.534082584607622
27300,1,2017,39880.2265625,39719.46484375,40074.5825,160.76171875,194.3559374999968,0.4031113476701428
27300,2,2018,40313.2265625,40171.95703125,40074.5825,141.26953125,238.6440625000032,0.35042973062694804
27300,3,2019,40582.0,40762.63671875,40074.5825,180.63671875,507.4175000000032,0.4451153682667192
27340,1,2017,43840.39453125,47015.9921875,46363.73708333333,3175.59765625,2523.3425520833334,7.243542605407879
27340,2,2018,44300.96875,47302.51171875,46363.73708333333,3001.54296875,2062.7683333333334,6.77534386592844
27340,3,2019,43832.0,46824.0859375,46363.73708333333,2992.0859375,2531.7370833333334,6.826259211306808
27380,1,2017,35919.015625,33835.578125,36003.62541666667,2083.4375,84.60979166666948,5.800374714472705
27380,2,2018,36490.45703125,34038.0078125,36003.62541666667,2452.44921875,486.8316145833305,6.7207961156796445
27380,3,2019,37450.0,34475.64453125,36003.62541666667,2974.35546875,1446.3745833333305,7.942204188918558
27420,1,2017,48956.48046875,54255.53515625,50733.01083333333,5299.0546875,1776.5303645833264,10.824010706575411
27420,2,2018,50077.89453125,53991.98046875,50733.01083333333,3914.0859375,655.1163020833264,7.815995409027233
27420,3,2019,50901.0,53197.97265625,50733.01083333333,2296.97265625,167.98916666667355,4.512627760260113
27460,1,2017,40541.6484375,37864.13671875,39125.29625,2677.51171875,1416.3521875000006,6.604348421790786
27460,2,2018,39905.90234375,38270.3203125,39125.29625,1635.58203125,780.6060937500006,4.09859678691406
27460,3,2019,40899.0,38781.08984375,39125.29625,2117.91015625,1773.7037500000006,5.178391051737206
27500,1,2017,43329.203125,39618.0390625,43019.394166666665,3711.1640625,309.8089583333349,8.565041115096667
27500,2,2018,44190.98828125,39977.47265625,43019.394166666665,4213.515625,1171.5941145833349,9.534784780515471
27500,3,2019,45523.0,40438.94921875,43019.394166666665,5084.05078125,2503.605833333335,11.168092571337565
27540,1,2017,51580.25,46377.59375,50122.52708333333,5202.65625,1457.722916666673,10.08652778922165
27540,2,2018,51482.15625,46870.41796875,50122.52708333333,4611.73828125,1359.629166666673,8.95793536474106
27540,3,2019,51469.0,47106.45703125,50122.52708333333,4362.54296875,1346.472916666673,8.476059314830287
27600,1,2017,42747.07421875,37464.21484375,41964.63166666667,5282.859375,782.442552083332,12.35841159085175
27600,2,2018,43575.921875,37589.25,41964.63166666667,5986.671875,1611.290208333332,13.738485882577786
27600,3,2019,44010.0,37897.36328125,41964.63166666667,6112.63671875,2045.368333333332,13.889199542717565
27620,1,2017,42908.77734375,41468.40625,42311.9575,1440.37109375,596.8198437500032,3.3568215710527616
27620,2,2018,42572.87890625,41914.47265625,42311.9575,658.40625,260.9214062500032,1.5465391745056294
27620,3,2019,44522.0,42133.08203125,42311.9575,2388.91796875,2210.042500000003,5.365702279210278
27700,1,2017,30960.458984375,31090.5703125,30387.814166666667,130.111328125,572.644817708333,0.4202499975554757
27700,2,2018,31728.794921875,30996.236328125,30387.814166666667,732.55859375,1340.980755208333,2.308813163417521
27700,3,2019,32353.0,31176.775390625,30387.814166666667,1176.224609375,1965.185833333333,3.635596727892313
27740,1,2017,39455.625,38710.8984375,39002.77333333333,744.7265625,452.8516666666692,1.8875041581523546
27740,2,2018,39906.91796875,39030.796875,39002.77333333333,876.12109375,904.1446354166692,2.1954115685808313
27740,3,2019,41354.0,39450.12890625,39002.77333333333,1903.87109375,2351.226666666669,4.603837824031533
27780,1,2017,40627.1953125,39385.26171875,40527.38458333333,1241.93359375,99.81072916666744,3.0569021174048094
27780,2,2018,42158.421875,39906.78515625,40527.38458333333,2251.63671875,1631.0372916666674,5.340894223759413
27780,3,2019,42789.0,40591.23828125,40527.38458333333,2197.76171875,2261.6154166666674,5.136277358082684
27860,1,2017,36966.4375,35025.01953125,36922.01458333334,1941.41796875,44.422916666662786,5.25183950644419
27860,2,2018,36828.5390625,35264.7109375,36922.01458333334,1563.828125,93.47552083333721,4.246239912873275
27860,3,2019,37886.0,35650.1015625,36922.01458333334,2235.8984375,963.9854166666628,5.9016482011824944
27900,1,2017,39307.484375,37176.89453125,39177.50166666667,2130.58984375,129.98270833332936,5.420315946509869
27900,2,2018,40179.828125,37380.734375,39177.50166666667,2799.09375,1002.3264583333294,6.966415439339315
27900,3,2019,39411.0,37747.71484375,39177.50166666667,1663.28515625,233.49833333332936,4.220357657126183
27940,1,2017,68053.1328125,68365.5859375,67213.94125,312.453125,839.1915624999965,0.45913114075272754
27940,2,2018,69633.6953125,70235.2421875,67213.94125,601.546875,2419.7540624999965,0.8638732617885581
27940,3,2019,69937.0,70299.75,67213.94125,362.75,2723.0587499999965,0.5186810987031185
28020,1,2017,48460.94140625,44272.65625,48466.86958333333,4188.28515625,5.928177083333139,8.642599658020341
28020,2,2018,49255.08984375,44715.71875,48466.86958333333,4539.37109375,788.2202604166669,9.216044693350616
28020,3,2019,50162.0,45432.11328125,48466.86958333333,4729.88671875,1695.1304166666669,9.4292227557713
28060,1,2017,48446.3359375,42522.578125,47579.3775,5923.7578125,866.9584374999977,12.227463022471223
28060,2,2018,48994.40234375,42746.0546875,47579.3775,6248.34765625,1415.0248437499977,12.753186807772284
28060,3,2019,50614.0,43081.53515625,47579.3775,7532.46484375,3034.6224999999977,14.882176559351167
28100,1,2017,41303.21875,39429.13671875,40991.90625,1874.08203125,311.3125,4.537375265093595
28100,2,2018,42196.1015625,39740.54296875,40991.90625,2455.55859375,1204.1953125,5.8193968229810915
28100,3,2019,43187.0,40246.36328125,40991.90625,2940.63671875,2195.09375,6.8090784697941515
28140,1,2017,53303.6953125,49080.86328125,52830.81625,4222.83203125,472.8790624999965,7.922212534221288
28140,2,2018,53757.08203125,49773.58203125,52830.81625,3983.5,926.2657812499965,7.410186434011274
28140,3,2019,54553.0,49674.42578125,52830.81625,4878.57421875,1722.1837499999965,8.942815644877458
28260,1,2017,52835.27734375,61227.86328125,54244.62416666667,8392.5859375,1409.3468229166683,15.88443623168144
28260,2,2018,55286.59765625,62299.24609375,54244.62416666667,7012.6484375,1041.9734895833317,12.68417434746455
28260,3,2019,55707.0,62032.7890625,54244.62416666667,6325.7890625,1462.3758333333317,11.35546531405389
28300,1,2017,51374.73046875,49605.7109375,51075.00958333333,1769.01953125,299.72088541666744,3.4433650845643884
28300,2,2018,52161.375,50151.49609375,51075.00958333333,2009.87890625,1086.3654166666674,3.853193874298751
28300,3,2019,52996.0,50451.22265625,51075.00958333333,2544.77734375,1920.9904166666674,4.801829088516114
28340,1,2017,40224.5,34843.9375,39041.12833333333,5380.5625,1183.3716666666733,13.37633158895698
28340,2,2018,40857.01171875,35126.23046875,39041.12833333333,5730.78125,1815.8833854166733,14.02643269519891
28340,3,2019,40840.0,35569.6640625,39041.12833333333,5270.3359375,1798.8716666666733,12.904838240695396
28380,1,2017,34556.53515625,34719.03125,34343.70625,162.49609375,212.8289062499971,0.47023260004297757
28380,2,2018,35217.55859375,34870.19921875,34343.70625,347.359375,873.8523437499971,0.9863244042749895
28380,3,2019,36223.0,35244.95703125,34343.70625,978.04296875,1879.293749999997,2.700060648621042
28420,1,2017,43609.83984375,42226.75,43944.175833333335,1383.08984375,334.3359895833346,3.1715086519590123
28420,2,2018,43416.046875,42577.4453125,43944.175833333335,838.6015625,528.1289583333346,1.931547487302182
28420,3,2019,45185.0,42703.5390625,43944.175833333335,2481.4609375,1240.8241666666654,5.491780319796392
28500,1,2017,51631.3671875,46728.2578125,49252.081666666665,4903.109375,2379.285520833335,9.496377187135668
28500,2,2018,52128.7890625,47513.0234375,49252.081666666665,4615.765625,2876.707395833335,8.854542198296436
28500,3,2019,53611.0,47853.07421875,49252.081666666665,5757.92578125,4358.918333333335,10.740194701180727
28540,1,2017,66553.984375,62481.44921875,66567.23333333334,4072.53515625,13.248958333337214,6.119145524486114
28540,2,2018,67202.96875,63583.51953125,66567.23333333334,3619.44921875,635.7354166666628,5.385847211920977
28540,3,2019,68096.0,63549.6796875,66567.23333333334,4546.3203125,1528.7666666666628,6.676339744625234
28580,1,2017,82398.828125,77377.8359375,77104.20416666666,5020.9921875,5294.623958333337,6.093523781531329
28580,2,2018,90360.5703125,79292.5390625,77104.20416666666,11068.03125,13256.366145833337,12.248739922427102
28580,3,2019,94612.0,78507.1015625,77104.20416666666,16104.8984375,17507.795833333337,17.02204629169661
28620,1,2017,55614.48828125,49921.5625,55194.97583333334,5692.92578125,419.5124479166625,10.236407736883423
28620,2,2018,55797.79296875,50480.09765625,55194.97583333334,5317.6953125,602.8171354166625,9.530296862240085
28620,3,2019,59760.0,50499.2421875,55194.97583333334,9260.7578125,4565.0241666666625,15.496582684906294
28660,1,2017,42467.48046875,41559.16015625,41893.24875,908.3203125,574.2317187500012,2.138860847109576
28660,2,2018,41882.45703125,41990.29296875,41893.24875,107.8359375,10.791718749998836,0.257472806381774
28660,3,2019,41824.0,42322.32421875,41893.24875,498.32421875,69.24874999999884,1.191479099918707
28700,1,2017,39324.17578125,38615.953125,38911.1475,708.22265625,413.0282812500009,1.80098537904432
28700,2,2018,40043.375,38877.17578125,38911.1475,1166.19921875,1132.2275000000009,2.9123399782111274
28700,3,2019,40631.0,39291.9609375,38911.1475,1339.0390625,1719.8525000000009,3.2956094176860034
28740,1,2017,49312.23046875,45583.23828125,48038.57208333333,3728.9921875,1273.6583854166674,7.56200267571171
28740,2,2018,49831.4609375,46033.13671875,48038.57208333333,3798.32421875,1792.8888541666674,7.622341683929282
28740,3,2019,53084.0,46460.59375,48038.57208333333,6623.40625,5045.427916666667,12.477217711551503
28780,1,2017,39212.55078125,33196.5703125,37810.57208333333,6015.98046875,1401.9786979166674,15.341976864271276
28780,2,2018,39383.50390625,33507.5,37810.57208333333,5876.00390625,1572.9318229166674,14.919962226412014
28780,3,2019,40207.0,34065.41015625,37810.57208333333,6141.58984375,2396.4279166666674,15.2749268628597
28820,1,2017,40541.6484375,40218.43359375,39186.025,323.21484375,1355.6234374999985,0.7972414941347931
28820,2,2018,40191.03125,40437.5390625,39186.025,246.5078125,1005.0062499999985,0.6133403518975393
28820,3,2019,41267.0,40593.80859375,39186.025,673.19140625,2080.9749999999985,1.6313068705018536
28860,1,2017,32495.078125,32240.30859375,32840.403333333335,254.76953125,345.32520833333547,0.7840249845529491
28860,2,2018,32581.12890625,32340.513671875,32840.403333333335,240.615234375,259.27442708333547,0.7385110413680082
28860,3,2019,32971.0,32783.25390625,32840.403333333335,187.74609375,130.59666666666453,0.5694279632100938
28900,1,2017,39420.15625,34487.75390625,38817.39083333333,4932.40234375,602.7654166666689,12.512386588396641
28900,2,2018,39979.21875,34591.6015625,38817.39083333333,5387.6171875,1161.827916666669,13.476044194835598
28900,3,2019,39921.0,35043.7578125,38817.39083333333,4877.2421875,1103.609166666669,12.21723450690113
28940,1,2017,45428.21875,41476.30859375,44899.85458333333,3951.91015625,528.3641666666736,8.699240835301296
28940,2,2018,46732.71484375,41792.24609375,44899.85458333333,4940.46875,1832.8602604166736,10.571756352093752
28940,3,2019,48434.0,42121.05859375,44899.85458333333,6312.94140625,3534.1454166666736,13.034111174484867
29020,1,2017,40774.29296875,39301.5625,40592.375,1472.73046875,181.91796875,3.611909273028282
29020,2,2018,41702.21484375,39631.3671875,40592.375,2070.84765625,1109.83984375,4.9657977735932235
29020,3,2019,41680.0,39976.37109375,40592.375,1703.62890625,1087.625,4.087401406549904
29060,1,2017,58916.3671875,59738.02734375,58189.86208333333,821.66015625,726.5051041666666,1.394621215586978
29060,2,2018,60219.3359375,60672.24609375,58189.86208333333,452.91015625,2029.4738541666666,0.752100881218722
29060,3,2019,63310.0,61228.2265625,58189.86208333333,2081.7734375,5120.137916666667,3.2882221410519663
29100,1,2017,48769.7421875,44453.875,48263.375,4315.8671875,506.3671875,8.849477142830139
29100,2,2018,49633.90625,45177.62109375,48263.375,4456.28515625,1370.53125,8.978308364053051
29100,3,2019,50735.0,46045.3046875,48263.375,4689.6953125,2471.625,9.243511013107323
29180,1,2017,44091.8203125,48217.12890625,43471.130833333336,4125.30859375,620.6894791666637,9.356176643449846
29180,2,2018,44825.40234375,48525.01171875,43471.130833333336,3699.609375,1354.2715104166637,8.25337683893837
29180,3,2019,45042.0,48387.62890625,43471.130833333336,3345.62890625,1570.8691666666637,7.4277982910394735
29200,1,2017,39896.921875,37179.0234375,39080.54875,2717.8984375,816.3731249999983,6.812301074291838
29200,2,2018,41182.87109375,37374.53515625,39080.54875,3808.3359375,2102.3223437499983,9.2473784278677
29200,3,2019,41237.0,37697.484375,39080.54875,3539.515625,2156.4512499999983,8.583348994834736
29260,1,2017,39639.23828125,36607.546875,39378.86541666667,3031.69140625,260.37286458333256,7.648208032504093
29260,2,2018,40961.8984375,36741.96875,39378.86541666667,4219.9296875,1583.0330208333326,10.302085226686462
29260,3,2019,41679.0,37120.15625,39378.86541666667,4558.84375,2300.1345833333326,10.937987355742699
29300,1,2017,34993.65625,34314.1640625,35608.355833333335,679.4921875,614.6995833333349,1.9417581936726034
29300,2,2018,35214.50390625,34466.6875,35608.355833333335,747.81640625,393.8519270833349,2.123603411369583
29300,3,2019,36078.0,34877.45703125,35608.355833333335,1200.54296875,469.6441666666651,3.3276317111536113
29340,1,2017,46103.19921875,42577.5390625,45237.59166666667,3525.66015625,865.6075520833328,7.647322129471933
29340,2,2018,46773.4453125,42826.33984375,45237.59166666667,3947.10546875,1535.8536458333328,8.438774271125059
29340,3,2019,45600.0,43089.9453125,45237.59166666667,2510.0546875,362.40833333333285,5.504505893640351
29380,1,2017,35872.0703125,32248.56640625,35018.115,3623.50390625,853.955312500002,10.101184221272426
29380,2,2018,36411.02734375,32453.7109375,35018.115,3957.31640625,1392.912343750002,10.868455780963506
29380,3,2019,36850.0,32867.34375,35018.115,3982.65625,1831.885000000002,10.807751017639077
29420,1,2017,33669.7734375,30862.19140625,32613.46958333333,2807.58203125,1056.3038541666683,8.33858308093939
29420,2,2018,34286.8125,30982.7109375,32613.46958333333,3304.1015625,1673.3429166666683,9.636654216544628
29420,3,2019,35487.0,31300.931640625,32613.46958333333,4186.068359375,2873.5304166666683,11.796061541902668
29460,1,2017,36872.54296875,36605.86328125,35970.5975,266.6796875,901.9454687499965,0.7232473434935442
29460,2,2018,36910.00390625,36642.73046875,35970.5975,267.2734375,939.4064062499965,0.7241219431427434
29460,3,2019,37844.0,36919.59375,35970.5975,924.40625,1873.4024999999965,2.4426758535038577
29540,1,2017,50702.87890625,48816.95703125,49533.35166666667,1885.921875,1169.5272395833308,3.719555803699201
29540,2,2018,52037.140625,49291.296875,49533.35166666667,2745.84375,2503.788958333331,5.2766999051458745
29540,3,2019,53267.0,49851.828125,49533.35166666667,3415.171875,3733.648333333331,6.411421471079655
29620,1,2017,41550.46875,38799.28515625,41255.06416666667,2751.18359375,295.40458333332936,6.621305791526118
29620,2,2018,42107.5078125,39169.84765625,41255.06416666667,2937.66015625,852.4436458333294,6.97657094628129
29620,3,2019,42889.0,39685.7109375,41255.06416666667,3203.2890625,1633.9358333333294,7.468789345752991
29660,1,2017,42105.4765625,43343.75390625,42684.85333333333,1238.27734375,579.3767708333326,2.940893785899659
29660,2,2018,42997.51953125,43407.1171875,42684.85333333333,409.59765625,312.66619791666744,0.9526076404298395
29660,3,2019,42535.0,43767.12890625,42684.85333333333,1232.12890625,149.85333333333256,2.896741286587516
29700,1,2017,32533.677734375,31616.546875,32425.95625,917.130859375,107.72148437500073,2.8190199302489614
29700,2,2018,33186.01171875,31986.26171875,32425.95625,1199.75,760.0554687500007,3.6152280369446883
29700,3,2019,34471.0,32665.4296875,32425.95625,1805.5703125,2045.0437500000007,5.2379400438049375
29740,1,2017,36420.8203125,34887.05859375,36477.73583333333,1533.76171875,56.915520833332266,4.211222332693032
29740,2,2018,36422.23046875,34985.5703125,36477.73583333333,1436.66015625,55.505364583332266,3.94445957252026
29740,3,2019,37865.0,35378.26171875,36477.73583333333,2486.73828125,1387.2641666666677,6.567379588670276
29780,1,2017,35066.68359375,35021.2578125,36408.48375,45.42578125,1341.8001562499994,0.1295411387522723
29780,2,2018,36240.96875,35297.140625,36408.48375,943.828125,167.51499999999942,2.6043126261628977
29780,3,2019,37720.0,35840.79296875,36408.48375,1879.20703125,1311.5162500000006,4.981991069061506
29820,1,2017,47557.48828125,44754.94140625,46519.28791666667,2802.546875,1038.200364583332,5.892966546984213
29820,2,2018,48367.1171875,45070.57421875,46519.28791666667,3296.54296875,1847.829270833332,6.815669736880574
29820,3,2019,50433.0,44933.58984375,46519.28791666667,5499.41015625,3913.712083333332,10.904388309737671
29860,1,2017,38712.83203125,37854.3671875,37848.927083333336,858.46484375,863.9049479166642,2.2175201314567348
29860,2,2018,38864.16015625,38289.921875,37848.927083333336,574.23828125,1015.2330729166642,1.4775522716593503
29860,3,2019,39280.0,38836.23828125,37848.927083333336,443.76171875,1431.0729166666642,1.1297396098523422
29900,1,2017,32678.689453125,30216.888671875,32023.22875,2461.80078125,655.4607031250016,7.533352231830652
29900,2,2018,33208.4140625,30034.869140625,32023.22875,3173.544921875,1185.1853125000016,9.55644830223515
29900,3,2019,34518.0,30165.193359375,32023.22875,4352.806640625,2494.7712500000016,12.610251580697026
29940,1,2017,44357.84765625,39321.29296875,43070.534166666665,5036.5546875,1287.3134895833355,11.354371218663834
29940,2,2018,45321.32421875,39708.6484375,43070.534166666665,5612.67578125,2250.7900520833355,12.384183114684822
29940,3,2019,46123.0,40206.74609375,43070.534166666665,5916.25390625,3052.4658333333355,12.827122924029227
29980,1,2017,34954.01171875,33158.75390625,34274.45416666667,1795.2578125,679.5575520833299,5.136056561819453
29980,2,2018,34754.22265625,33287.0,34274.45416666667,1467.22265625,479.76848958332994,4.221710468860517
29980,3,2019,35673.0,33653.39453125,34274.45416666667,2019.60546875,1398.54583333333,5.661439937067249
30020,1,2017,41797.71875,41119.3671875,41830.38916666667,678.3515625,32.670416666667734,1.6229392004796912
30020,2,2018,41805.06640625,41446.6796875,41830.38916666667,358.38671875,25.322760416667734,0.857280587159694
30020,3,2019,42597.0,41853.3515625,41830.38916666667,743.6484375,766.6108333333323,1.745776551165575
30060,1,2017,35882.50390625,33211.5,34284.042916666665,2671.00390625,1598.4609895833346,7.443750060554624
30060,2,2018,36140.15625,33263.2421875,34284.042916666665,2876.9140625,1856.1133333333346,7.960436149193462
30060,3,2019,35985.0,33606.2578125,34284.042916666665,2378.7421875,1700.9570833333346,6.610371508962068
30140,1,2017,46702.0234375,41923.60546875,45936.505,4778.41796875,765.5184375000026,10.231715067217209
30140,2,2018,47333.5234375,42350.05078125,45936.505,4983.47265625,1397.0184375000026,10.528421073132794
30140,3,2019,48226.0,42855.12109375,45936.505,5370.87890625,2289.4950000000026,11.136894841475552
30260,1,2017,41350.1640625,38541.546875,39298.95916666667,2808.6171875,2051.2048958333326,6.792275801505474
30260,2,2018,41463.9296875,38797.8046875,39298.95916666667,2666.125,2164.9705208333326,6.429986303984468
30260,3,2019,43746.0,39236.52734375,39298.95916666667,4509.47265625,4447.040833333333,10.308308545352718
30280,1,2017,38375.86328125,32751.962890625,38093.972916666666,5623.900390625,281.8903645833343,14.654785351428881
30280,2,2018,38764.36328125,32889.32421875,38093.972916666666,5875.0390625,670.3903645833343,15.155773409392506
30280,3,2019,40353.0,33316.2421875,38093.972916666666,7036.7578125,2259.0270833333343,17.438004144673258
30300,1,2017,43607.75,39096.984375,42807.37625,4510.765625,800.3737499999988,10.34395405633173
30300,2,2018,44183.859375,39404.4609375,42807.37625,4779.3984375,1376.4831249999988,10.817068733032107
30300,3,2019,45082.0,39837.46484375,42807.37625,5244.53515625,2274.623749999999,11.63332406780977
30340,1,2017,40218.2421875,40159.359375,39790.11625,58.8828125,428.1259375000009,0.14640821999500772
30340,2,2018,40553.55078125,40539.49609375,39790.11625,14.0546875,763.4345312500009,0.03465710703314839
30340,3,2019,41671.0,40921.06640625,39790.11625,749.93359375,1880.8837500000009,1.799653461040052
30380,1,2017,38512.53125,34987.015625,37648.62875,3525.515625,863.9024999999965,9.154203867085469
30380,2,2018,39180.85546875,35147.71875,37648.62875,4033.13671875,1532.2267187499965,10.293641296236533
30380,3,2019,39510.0,35623.27734375,37648.62875,3886.72265625,1861.3712499999965,9.837313733864844
30420,1,2017,42356.8984375,48779.84375,45197.105833333335,6422.9453125,2840.207395833335,15.163870702141752
30420,2,2018,42317.28125,50173.03515625,45197.105833333335,7855.75390625,2879.824583333335,18.56393812220628
30420,3,2019,44822.0,51314.3125,45197.105833333335,6492.3125,375.1058333333349,14.484655972513497
30460,1,2017,47980.00390625,47508.4453125,47795.65708333333,471.55859375,184.34682291666832,0.9828231666495832
30460,2,2018,48374.24609375,47543.125,47795.65708333333,831.12109375,578.5890104166683,1.7181065564087037
30460,3,2019,50056.0,47542.765625,47795.65708333333,2513.234375,2260.3429166666683,5.020845403148474
30580,1,2017,36506.36328125,39551.59765625,37109.527916666666,3045.234375,603.164635416666,8.341653622244152
30580,2,2018,36451.76171875,40090.49609375,37109.527916666666,3638.734375,657.766197916666,9.982327886030028
30580,3,2019,36944.0,40635.97265625,37109.527916666666,3691.97265625,165.527916666666,9.993429667199004
30620,1,2017,41912.47265625,39187.5703125,41352.01708333333,2724.90234375,560.4555729166677,6.501411563327705
30620,2,2018,42673.69140625,39570.19140625,41352.01708333333,3103.5,1321.6743229166677,7.2726307421004135
30620,3,2019,43117.0,40020.52734375,41352.01708333333,3096.47265625,1764.9829166666677,7.181558680450867
30660,1,2017,36713.97265625,39157.75390625,37303.43375,2443.78125,589.4610937499965,6.656270278569222
30660,2,2018,37680.87109375,39581.375,37303.43375,1900.50390625,377.4373437500035,5.043683574940576
30660,3,2019,38007.0,40122.87890625,37303.43375,2115.87890625,703.5662500000035,5.567076870708028
30700,1,2017,48528.75,46151.0078125,47733.862916666665,2377.7421875,794.8870833333349,4.899656775622698
30700,2,2018,49370.16015625,46650.98828125,47733.862916666665,2719.171875,1636.2972395833349,5.507723423205803
30700,3,2019,50412.0,47032.6328125,47733.862916666665,3379.3671875,2678.137083333335,6.7034975551456
30780,1,2017,45763.1015625,43487.81640625,45978.05625,2275.28515625,214.95468750000146,4.971877076868527
30780,2,2018,45762.25390625,44099.640625,45978.05625,1662.61328125,215.80234375000146,3.633154268703814
30780,3,2019,46714.0,44497.12109375,45978.05625,2216.87890625,735.9437499999985,4.745641362867663
30820,1,2017,39577.6875,38757.9609375,38752.40041666666,819.7265625,825.2870833333436,2.0711835740781974
30820,2,2018,40212.4140625,39107.53515625,38752.40041666666,1104.87890625,1460.0136458333436,2.7476065091062325
30820,3,2019,41226.0,39647.328125,38752.40041666666,1578.671875,2473.5995833333436,3.8293112962693443
30860,1,2017,38238.15625,32119.431640625,36732.370416666665,6118.724609375,1505.7858333333352,16.00162039553097
30860,2,2018,39523.01171875,32538.595703125,36732.370416666665,6984.416015625,2790.641302083335,17.67177072771391
30860,3,2019,40698.0,33257.26953125,36732.370416666665,7440.73046875,3965.629583333335,18.2827914608826
30900,1,2017,38199.5546875,36351.1015625,37626.255,1848.453125,573.2996875000026,4.838938935601957
30900,2,2018,38573.9375,36547.2421875,37626.255,2026.6953125,947.6825000000026,5.254053497909048
30900,3,2019,39614.0,36945.57421875,37626.255,2668.42578125,1987.7450000000026,6.736067504543848
30980,1,2017,41831.1015625,44351.9609375,41862.35166666667,2520.859375,31.25010416666919,6.026280161983244
30980,2,2018,42830.515625,44941.0625,41862.35166666667,2110.546875,968.1639583333308,4.927670947225493
30980,3,2019,43803.0,45061.1640625,41862.35166666667,1258.1640625,1940.6483333333308,2.872323956121727
31020,1,2017,43506.55859375,43314.375,43309.1875,192.18359375,197.37109375,0.44173476358943364
31020,2,2018,44092.2109375,44280.4609375,43309.1875,188.25,783.0234375,0.42694615669611435
31020,3,2019,45852.0,45242.88671875,43309.1875,609.11328125,2542.8125,1.3284333971255344
31060,1,2017,70149.015625,74011.78125,71371.19708333333,3862.765625,1222.1814583333326,5.506514368853626
31060,2,2018,71673.390625,74473.5,71371.19708333333,2800.109375,302.19354166666744,3.9067628175292564
31060,3,2019,72082.0,72857.2421875,71371.19708333333,775.2421875,710.8029166666674,1.0755003849782194
31080,1,2017,60794.2109375,50266.51953125,59961.65,10527.69140625,832.5609374999985,17.316930747029648
31080,2,2018,61800.78515625,51172.27734375,59961.65,10628.5078125,1839.1351562499985,17.198014209088285
31080,3,2019,64282.0,51561.5625,59961.65,12720.4375,4320.3499999999985,19.788490557232198
31140,1,2017,49387.34375,46603.453125,48867.46625,2783.890625,519.8775000000023,5.636850281100611
31140,2,2018,50229.62109375,46789.578125,48867.46625,3440.04296875,1362.1548437500023,6.848634120351825
31140,3,2019,51182.0,47007.9609375,48867.46625,4174.0390625,2314.5337500000023,8.155287137079442
31180,1,2017,42812.796875,38152.56640625,42579.37708333333,4660.23046875,233.41979166666715,10.885134373155807
31180,2,2018,43960.84765625,38531.2109375,42579.37708333333,5429.63671875,1381.4705729166672,12.351073758192326
31180,3,2019,45104.0,39040.82421875,42579.37708333333,6063.17578125,2524.622916666667,13.44265648556669
31220,1,2017,40417.5,39415.20703125,40251.441666666666,1002.29296875,166.0583333333343,2.479848997958805
31220,2,2018,41008.7421875,39781.4296875,40251.441666666666,1227.3125,757.3005208333343,2.9928069834195035
31220,3,2019,41208.0,40302.03125,40251.441666666666,905.96875,956.5583333333343,2.1985263783731313
31260,1,2017,38951.73828125,37526.93359375,39285.10875,1424.8046875,333.3704687499994,3.6578718957604286
31260,2,2018,39643.17578125,37916.67578125,39285.10875,1726.5,358.0670312500006,4.355100130036962
31260,3,2019,40052.0,38394.3125,39285.10875,1657.6875,766.8912500000006,4.13883826026166
31300,1,2017,31261.958984375,29478.873046875,31016.41,1783.0859375,245.54898437500015,5.703692268265089
31300,2,2018,31926.349609375,29289.595703125,31016.41,2636.75390625,909.9396093750001,8.25886435032877
31300,3,2019,33635.0,29460.998046875,31016.41,4174.001953125,2618.59,12.409698091645607
31340,1,2017,39940.73828125,38467.7578125,39547.20125,1472.98046875,393.53703125000175,3.6879149763776002
31340,2,2018,40390.62109375,38664.5546875,39547.20125,1726.06640625,843.4198437500017,4.27343368215026
31340,3,2019,41031.0,39025.8046875,39547.20125,2005.1953125,1483.7987500000017,4.887025206551144
31380,1,2017,40162.94921875,41114.62890625,40071.38625,951.6796875,91.5629687499968,2.3695463256859384
31380,2,2018,40563.734375,41639.0078125,40071.38625,1075.2734375,492.3481249999968,2.650824570438727
31380,3,2019,40238.0,42202.4765625,40071.38625,1964.4765625,166.6137499999968,4.8821426574382425
31420,1,2017,40012.71875,38751.06640625,39449.182916666665,1261.65234375,563.5358333333352,3.153128263122585
31420,2,2018,40102.4375,38932.04296875,39449.182916666665,1170.39453125,653.2545833333352,2.9185122007858
31420,3,2019,40211.0,39174.609375,39449.182916666665,1036.390625,761.8170833333352,2.577380878366616
31500,1,2017,40770.1171875,37698.5390625,40567.870416666665,3071.578125,202.24677083333518,7.533895747402308
31500,2,2018,41605.4765625,37939.765625,40567.870416666665,3665.7109375,1037.6061458333352,8.810645233190268
31500,3,2019,43314.0,38380.65625,40567.870416666665,4933.34375,2746.129583333335,11.389720990903635
31540,1,2017,57425.56640625,53459.375,56796.29708333333,3966.19140625,629.2693229166689,6.9066648436546085
31540,2,2018,59072.70703125,54177.91796875,56796.29708333333,4894.7890625,2276.409947916669,8.286041572312932
31540,3,2019,60876.0,54250.046875,56796.29708333333,6625.953125,4079.702916666669,10.884343789013732
31580,1,2017,39670.53515625,38781.5546875,39098.660833333335,888.98046875,571.8743229166648,2.2409086876407898
31580,2,2018,38904.890625,39320.515625,39098.660833333335,415.625,193.77020833333518,1.0683104188780892
31580,3,2019,39891.0,39995.6484375,39098.660833333335,104.6484375,792.3391666666648,0.2623359592389261
31620,1,2017,38497.92578125,37089.46875,37045.60291666667,1408.45703125,1452.3228645833296,3.6585270574135036
31620,2,2018,37651.33984375,37307.15234375,37045.60291666667,344.1875,605.7369270833296,0.9141440953452126
31620,3,2019,38091.0,37656.21875,37045.60291666667,434.78125,1045.3970833333296,1.141427765088866
31680,1,2017,31640.658203125,30665.748046875,31508.6325,974.91015625,132.0257031250003,3.0811942975121567
31680,2,2018,31816.37109375,30706.716796875,31508.6325,1109.654296875,307.7385937500003,3.4876834118048747
31680,3,2019,32279.0,31187.91796875,31508.6325,1091.08203125,770.3675000000003,3.3801605726633412
31700,1,2017,59836.51171875,56211.11328125,59070.96166666667,3625.3984375,765.5500520833302,6.058839884484723
31700,2,2018,60832.36328125,57141.796875,59070.96166666667,3690.56640625,1761.4016145833302,6.066781244692365
31700,3,2019,62665.0,57223.07421875,59070.96166666667,5441.92578125,3594.0383333333302,8.68415508058725
31740,1,2017,45322.8515625,44758.55859375,44929.68625,564.29296875,393.16531250000116,1.2450517769647451
31740,2,2018,44916.03125,45059.70703125,44929.68625,143.67578125,13.654999999998836,0.31987639435530046
31740,3,2019,45587.0,45133.0,44929.68625,454.0,657.3137500000012,0.9958979533638976
31820,1,2017,46066.6875,46029.875,45680.805,36.8125,385.8824999999997,0.07991132420797567
31820,2,2018,46152.2734375,46272.66015625,45680.805,120.38671875,471.4684374999997,0.26084677911485604
31820,3,2019,46706.0,46471.8125,45680.805,234.1875,1025.1949999999997,0.5014077420459898
31860,1,2017,45384.40234375,42264.86328125,44890.26583333333,3119.5390625,494.1365104166689,6.873592911661641
31860,2,2018,46277.5234375,42308.13671875,44890.26583333333,3969.38671875,1387.257604166669,8.577353375685382
31860,3,2019,46675.0,42381.26171875,44890.26583333333,4293.73828125,1784.734166666669,9.199225026780931
31900,1,2017,38198.51171875,36225.046875,37723.207916666666,1973.46484375,475.3038020833337,5.166339616266545
31900,2,2018,38495.52734375,36485.1875,37723.207916666666,2010.33984375,772.3194270833337,5.22226861785384
31900,3,2019,39589.0,37013.64453125,37723.207916666666,2575.35546875,1865.7920833333337,6.5052299091919465
31930,1,2017,42014.7109375,39953.984375,41608.7825,2060.7265625,405.92843749999884,4.904773867337761
31930,2,2018,43665.53515625,40533.75,41608.7825,3131.78515625,2056.752656249999,7.172212925006913
31930,3,2019,44155.0,41182.8203125,41608.7825,2972.1796875,2546.217499999999,6.731241507190579
31940,1,2017,42451.83203125,39797.2421875,41706.800833333335,2654.58984375,745.0311979166654,6.253180879910862
31940,2,2018,43664.515625,39983.01953125,41706.800833333335,3681.49609375,1957.7147916666654,8.43132241604936
31940,3,2019,43414.0,40206.203125,41706.800833333335,3207.796875,1707.1991666666654,7.388853538029207
31980,1,2017,38725.3515625,34254.171875,39061.37125,4471.1796875,336.0196874999965,11.545872424899306
31980,2,2018,39785.73828125,34436.12890625,39061.37125,5349.609375,724.3670312500035,13.446047770140623
31980,3,2019,38816.0,34732.76171875,39061.37125,4083.23828125,245.3712499999965,10.519472076592127
32000,1,2017,35256.5546875,30905.71484375,34008.1,4350.83984375,1248.4546875000015,12.340513366419675
32000,2,2018,35425.296875,30848.564453125,34008.1,4576.732421875,1417.1968750000015,12.919390451473811
32000,3,2019,36293.0,31244.822265625,34008.1,5048.177734375,2284.9000000000015,13.909507988799493
32020,1,2017,37472.4140625,35749.05078125,36436.184583333335,1723.36328125,1036.2294791666645,4.599018569702004
32020,2,2018,37446.66015625,35916.6484375,36436.184583333335,1530.01171875,1010.4755729166645,4.085842935967775
32020,3,2019,36914.0,36354.49609375,36436.184583333335,559.50390625,477.81541666666453,1.5156956879503711
32100,1,2017,39147.8671875,36389.78515625,39335.18333333333,2758.08203125,187.31614583332703,7.045293216205304
32100,2,2018,39612.625,36537.08984375,39335.18333333333,3075.53515625,277.441666666673,7.764027645857855
32100,3,2019,40114.0,36846.859375,39335.18333333333,3267.140625,778.816666666673,8.144639340379916
32140,1,2017,49236.07421875,44971.68359375,46982.74416666666,4264.390625,2253.3300520833436,8.661110156861454
32140,2,2018,49052.4453125,45149.5703125,46982.74416666666,3902.875,2069.7011458333436,7.956535041496561
32140,3,2019,48790.0,45773.49609375,46982.74416666666,3016.50390625,1807.2558333333436,6.182627395470383
32180,1,2017,37718.6171875,37965.4453125,38460.47625,246.828125,741.8590624999997,0.6543933563974852
32180,2,2018,35932.41796875,38258.5703125,38460.47625,2326.15234375,2528.0582812499997,6.4736872029403285
32180,3,2019,37435.0,38644.90625,38460.47625,1209.90625,1025.4762499999997,3.2320188326432486
32260,1,2017,41477.44140625,41953.76171875,43701.26083333333,476.3203125,2223.8194270833264,1.1483840284039941
32260,2,2018,42146.203125,42213.2421875,43701.26083333333,67.0390625,1555.0577083333264,0.15906311252088617
32260,3,2019,42788.0,42283.39453125,43701.26083333333,504.60546875,913.2608333333264,1.179315389244648
32280,1,2017,35546.578125,34500.96484375,35014.91875,1045.61328125,531.6593750000029,2.941530061130181
32280,2,2018,35694.1328125,34718.79296875,35014.91875,975.33984375,679.2140625000029,2.7324934573237156
32280,3,2019,38167.0,35242.88671875,35014.91875,2924.11328125,3152.081250000003,7.661365266460556
32300,1,2017,37305.4921875,36126.94921875,37256.55541666667,1178.54296875,48.93677083333023,3.159167456701981
32300,2,2018,37582.09375,36206.20703125,37256.55541666667,1375.88671875,325.53833333333023,3.6610166743304453
32300,3,2019,38370.0,36474.10546875,37256.55541666667,1895.89453125,1113.4445833333302,4.941085564894449
32340,1,2017,31117.990234375,31143.392578125,30797.99958333333,25.40234375,319.9906510416695,0.08163234051644788
32340,2,2018,31798.041015625,31163.482421875,30797.99958333333,634.55859375,1000.0414322916695,1.9955902108503758
32340,3,2019,33196.0,31508.060546875,30797.99958333333,1687.939453125,2398.0004166666695,5.084767601894806
32380,1,2017,48673.76171875,48076.9453125,51738.76416666667,596.81640625,3065.0024479166677,1.226156321548691
32380,2,2018,49018.83984375,49123.37890625,51738.76416666667,104.5390625,2719.9243229166677,0.21326302873185796
32380,3,2019,48162.0,50076.875,51738.76416666667,1914.875,3576.7641666666677,3.975904239857149
32460,1,2017,38218.3359375,37619.04296875,37496.27416666667,599.29296875,722.0617708333302,1.5680770866896145
32460,2,2018,38051.5390625,37906.421875,37496.27416666667,145.1171875,555.2648958333302,0.38137008666494066
32460,3,2019,39077.0,38340.91796875,37496.27416666667,736.08203125,1580.7258333333302,1.8836707814059421
32540,1,2017,38155.73828125,38365.76171875,37698.70333333333,210.0234375,457.0349479166689,0.5504373574215624
32540,2,2018,38836.6640625,38715.6640625,37698.70333333333,121.0,1137.960729166669,0.3115612602701257
32540,3,2019,39260.0,39135.125,37698.70333333333,124.875,1561.296666666669,0.3180718288334182
32580,1,2017,26917.875,24937.1796875,26969.9575,1980.6953125,52.08250000000044,7.358290030323716
32580,2,2018,27322.52734375,25007.8984375,26969.9575,2314.62890625,352.56984374999956,8.47150366849013
32580,3,2019,28110.0,25686.541015625,26969.9575,2423.458984375,1140.0424999999996,8.621341104144433
32620,1,2017,30739.291015625,34150.33203125,31101.643333333333,3411.041015625,362.35231770833343,11.096680837209757
32620,2,2018,30422.29296875,34347.171875,31101.643333333333,3924.87890625,679.3503645833334,12.901325058836505
32620,3,2019,31357.0,34688.1484375,31101.643333333333,3331.1484375,255.35666666666657,10.623300817999171
32660,1,2017,35366.09375,33457.6640625,35217.347916666666,1908.4296875,148.7458333333343,5.396212827434469
32660,2,2018,35389.65234375,33574.4765625,35217.347916666666,1815.17578125,172.3044270833343,5.129114475662742
32660,3,2019,36526.0,33842.66796875,35217.347916666666,2683.33203125,1308.6520833333343,7.346361581476208
32700,1,2017,46004.08984375,46270.22265625,46462.82083333333,266.1328125,458.7309895833314,0.5784981583244084
32700,2,2018,48731.67578125,47042.3671875,46462.82083333333,1689.30859375,2268.8549479166686,3.4665514096684897
32700,3,2019,52081.0,47470.07421875,46462.82083333333,4610.92578125,5618.179166666669,8.853374131161077
32740,1,2017,39195.859375,38869.91015625,39179.6325,325.94921875,16.22687500000029,0.8315909485018149
32740,2,2018,40718.51953125,39391.203125,39179.6325,1327.31640625,1538.8870312500003,3.2597364087152836
32740,3,2019,41593.0,40207.67578125,39179.6325,1385.32421875,2413.3675000000003,3.3306667438030435
32780,1,2017,45776.6640625,39624.18359375,44970.17208333333,6152.48046875,806.4919791666689,13.440211502415004
32780,2,2018,46173.65625,39962.14453125,44970.17208333333,6211.51171875,1203.484166666669,13.452501324821986
32780,3,2019,47190.0,40286.01953125,44970.17208333333,6903.98046875,2219.827916666669,14.630176878046196
32820,1,2017,46497.546875,41817.49609375,45978.05625,4680.05078125,519.4906249999985,10.065156327131506
32820,2,2018,47077.92578125,42278.1640625,45978.05625,4799.76171875,1099.8695312499985,10.195355124718832
32820,3,2019,48281.0,42746.63671875,45978.05625,5534.36328125,2302.9437499999985,11.462818254075103
32860,1,2017,40134.78125,36364.875,39727.25666666667,3769.90625,407.524583333332,9.39311522969868
32860,2,2018,40670.66015625,36523.7890625,39727.25666666667,4146.87109375,943.403489583332,10.196222726207054
32860,3,2019,41297.0,36951.47265625,39727.25666666667,4345.52734375,1569.743333333332,10.522622330314551
32900,1,2017,37979.4296875,34022.64453125,37953.33791666666,3956.78515625,26.091770833343617,10.418232155687896
32900,2,2018,37497.57421875,34236.42578125,37953.33791666666,3261.1484375,455.7636979166564,8.696958417830986
32900,3,2019,38423.0,34608.3671875,37953.33791666666,3814.6328125,469.6620833333436,9.927993161647972
32940,1,2017,37605.94921875,36796.95703125,38302.794583333336,808.9921875,696.845364583336,2.1512345900223773
32940,2,2018,37752.15625,36902.8046875,38302.794583333336,849.3515625,550.638333333336,2.249809406581909
32940,3,2019,39053.0,37141.8515625,38302.794583333336,1911.1484375,750.205416666664,4.893730155173738
33020,1,2017,38432.19921875,38123.97265625,39379.93083333333,308.2265625,947.731614583332,0.8020008450352352
33020,2,2018,36977.21484375,38514.765625,39379.93083333333,1537.55078125,2402.715989583332,4.158103274535511
33020,3,2019,37802.0,38994.16015625,39379.93083333333,1192.16015625,1577.930833333332,3.1536959850007937
33060,1,2017,37253.33203125,36208.78125,36883.65958333333,1044.55078125,369.67244791667326,2.8039123597689932
33060,2,2018,37567.83984375,36415.44140625,36883.65958333333,1152.3984375,684.1802604166733,3.067513176943336
33060,3,2019,38869.0,36863.05859375,36883.65958333333,2005.94140625,1985.3404166666733,5.1607744121279175
33100,1,2017,57597.703125,50342.046875,54405.50208333333,7255.65625,3192.201041666667,12.597127760899754
33100,2,2018,60234.609375,51330.9609375,54405.50208333333,8903.6484375,5829.107291666667,14.781615635736825
33100,3,2019,62391.0,51539.30859375,54405.50208333333,10851.69140625,7985.497916666667,17.39303971125643
33140,1,2017,41261.48828125,39018.06640625,40845.94416666667,2243.421875,415.544114583332,5.437084236293661
33140,2,2018,41815.25,39302.90625,40845.94416666667,2512.34375,969.305833333332,6.008199759657063
33140,3,2019,41860.0,39650.76953125,40845.94416666667,2209.23046875,1014.055833333332,5.277664760511228
33180,1,2017,30665.220703125,30303.314453125,29724.059583333332,361.90625,941.1611197916682,1.1801847229591902
33180,2,2018,31176.8671875,30455.501953125,29724.059583333332,721.365234375,1452.8076041666682,2.3137835820278405
33180,3,2019,32088.0,31039.083984375,29724.059583333332,1048.916015625,2363.940416666668,3.2688731476720267
33220,1,2017,59700.890625,49090.05078125,54313.87625,10610.83984375,5387.014374999999,17.77333592960951
33220,2,2018,53984.1640625,49576.97265625,54313.87625,4407.19140625,329.71218750000116,8.163859685124674
33220,3,2019,54138.0,49543.8671875,54313.87625,4594.1328125,175.87625000000116,8.485966996379622
33260,1,2017,114090.6015625,101096.375,80444.28541666667,12994.2265625,33646.316145833334,11.389392627035654
33260,2,2018,133151.375,107486.4453125,80444.28541666667,25664.9296875,52707.089583333334,19.27500161939747
33260,3,2019,134798.0,108504.71875,80444.28541666667,26293.28125,54353.714583333334,19.505690922713985
33300,1,2017,32992.70703125,30952.240234375,32044.537083333333,2040.466796875,948.1699479166673,6.184599508437767
33300,2,2018,33135.09375,30843.59375,32044.537083333333,2291.5,1090.5566666666673,6.915628539605384
33300,3,2019,33898.0,31061.275390625,32044.537083333333,2836.724609375,1853.4629166666673,8.36841291337247
33340,1,2017,55656.21875,52187.97265625,54939.27583333333,3468.24609375,716.9429166666669,6.231551786385057
33340,2,2018,56933.21875,53083.15234375,54939.27583333333,3850.06640625,1993.9429166666669,6.7624253305544935
33340,3,2019,57590.0,53101.53515625,54939.27583333333,4488.46484375,2650.724166666667,7.793826781993402
33380,1,2017,40371.59765625,38494.5859375,39790.11625,1877.01171875,581.4814062500009,4.649337226463259
33380,2,2018,41070.859375,38688.27734375,39790.11625,2382.58203125,1280.7431250000009,5.801149689846246
33380,3,2019,41707.0,39014.2421875,39790.11625,2692.7578125,1916.8837500000009,6.456368984822691
33420,1,2017,40992.328125,34656.296875,39698.49041666667,6336.03125,1293.8377083333326,15.456626983174063
33420,2,2018,42247.015625,34982.5703125,39698.49041666667,7264.4453125,2548.5252083333326,17.19516800188179
33420,3,2019,44680.0,35392.8359375,39698.49041666667,9287.1640625,4981.509583333333,20.785953586615936
33460,1,2017,61678.88671875,57751.3671875,60898.15125,3927.51953125,780.7354687499974,6.367688750867254
33460,2,2018,62909.734375,57977.43359375,60898.15125,4932.30078125,2011.5831249999974,7.840282319185997
33460,3,2019,63811.0,56922.66796875,60898.15125,6888.33203125,2912.8487499999974,10.794897480450079
33500,1,2017,52098.7421875,63603.4765625,53506.29041666667,11504.734375,1407.5482291666704,22.08255687554837
33500,2,2018,54896.58203125,62920.7890625,53506.29041666667,8024.20703125,1390.2916145833296,14.616951974682507
33500,3,2019,55272.0,60170.19921875,53506.29041666667,4898.19921875,1765.7095833333296,8.861990191688378
33540,1,2017,50679.92578125,44817.90234375,48225.02,5862.0234375,2454.905781250003,11.566756160619255
33540,2,2018,50925.1328125,45411.453125,48225.02,5513.6796875,2700.112812500003,10.827030550515563
33540,3,2019,53150.0,45946.3046875,48225.02,7203.6953125,4924.980000000003,13.553518932267169
33580,1,2017,51539.5625,47033.45703125,52218.20166666667,4506.10546875,678.6391666666677,8.74300294797807
33580,2,2018,52022.8828125,47717.5703125,52218.20166666667,4305.3125,195.31885416666773,8.27580531343704
33580,3,2019,53095.0,47945.2265625,52218.20166666667,5149.7734375,876.7983333333323,9.699168353893963
33620,1,2017,39085.2734375,37097.0703125,38653.316666666666,1988.203125,431.9567708333343,5.086834375559049
33620,2,2018,38863.140625,37542.609375,38653.316666666666,1320.53125,209.8239583333343,3.397901530249783
33620,3,2019,38729.0,38166.6953125,38653.316666666666,562.3046875,75.6833333333343,1.4518957047690362
33660,1,2017,38239.19921875,36918.8125,38256.98166666667,1320.38671875,17.78244791666657,3.4529664473270896
33660,2,2018,38500.62109375,37183.45703125,38256.98166666667,1317.1640625,243.63942708333343,3.42115016610426
33660,3,2019,39266.0,37614.3203125,38256.98166666667,1651.6796875,1009.0183333333334,4.206386409361789
33700,1,2017,42342.29296875,36760.19921875,42375.8825,5582.09375,33.58953124999971,13.18325805860294
33700,2,2018,42207.30078125,37018.90234375,42375.8825,5188.3984375,168.5817187499997,12.292656344906264
33700,3,2019,43430.0,37466.8203125,42375.8825,5963.1796875,1054.1175000000003,13.730554196408013
33740,1,2017,38860.9765625,39282.99609375,38850.41875,422.01953125,10.55781250000291,1.0859725322941054
33740,2,2018,39598.3671875,39637.7109375,38850.41875,39.34375,747.9484375000029,0.09935700079173877
33740,3,2019,39369.0,40140.4140625,38850.41875,771.4140625,518.5812500000029,1.9594454075541672
33780,1,2017,46367.140625,42236.6796875,45558.28208333333,4130.4609375,808.8585416666683,8.90816401836295
33780,2,2018,46831.4921875,42598.69140625,45558.28208333333,4232.80078125,1273.2101041666683,9.038364108286508
33780,3,2019,47316.0,42978.09375,45558.28208333333,4337.90625,1757.7179166666683,9.167947945726604
33860,1,2017,42507.125,40764.01953125,42405.714166666665,1743.10546875,101.41083333333518,4.1007371558297585
33860,2,2018,42363.10546875,40929.0703125,42405.714166666665,1434.03515625,42.60869791666482,3.3851039492556674
33860,3,2019,42712.0,41183.0390625,42405.714166666665,1528.9609375,306.2858333333352,3.579698767325342
33940,1,2017,41512.91015625,35310.38671875,40923.71958333333,6202.5234375,589.1905729166683,14.941191581496907
33940,2,2018,44076.9375,36396.953125,40923.71958333333,7679.984375,3153.2179166666683,17.4240426186597
33940,3,2019,45150.0,37578.5390625,40923.71958333333,7571.4609375,4226.280416666668,16.76957018272425
33980,1,2017,50116.57421875,42304.1484375,50030.90125,7812.42578125,85.67296874999738,15.588507201530058
33980,2,2018,50654.26171875,42988.03515625,50030.90125,7666.2265625,623.3604687499974,15.1344157478112
33980,3,2019,53029.0,43563.31640625,50030.90125,9465.68359375,2998.0987499999974,17.85001337711441
34020,1,2017,38369.60546875,42069.51171875,38204.77625,3699.90625,164.82921874999738,9.642805040081468
34020,2,2018,39405.90625,42552.6796875,38204.77625,3146.7734375,1201.1299999999974,7.985537542357625
34020,3,2019,40436.0,42940.53515625,38204.77625,2504.53515625,2231.2237499999974,6.193825195988723
34060,1,2017,43125.76953125,40310.41015625,42070.10791666667,2815.359375,1055.6616145833323,6.52825307374497
34060,2,2018,44333.5546875,40744.73828125,42070.10791666667,3588.81640625,2263.4467708333323,8.095034182453858
34060,3,2019,44803.0,41224.13671875,42070.10791666667,3578.86328125,2732.8920833333323,7.9879991992723705
34100,1,2017,36230.94921875,34034.8984375,35808.65416666667,2196.05078125,422.29505208333285,6.061256546139604
34100,2,2018,37016.9296875,34244.26953125,35808.65416666667,2772.66015625,1208.2755208333328,7.490248866280991
34100,3,2019,37946.0,34667.40234375,35808.65416666667,3278.59765625,2137.345833333333,8.640166700706267
34140,1,2017,40827.49609375,38312.390625,40694.655,2515.10546875,132.84109375000116,6.160322599687959
34140,2,2018,40939.49609375,38624.515625,40694.655,2314.98046875,244.84109375000116,5.654638404558709
34140,3,2019,44237.0,39027.703125,40694.655,5209.296875,3542.345000000001,11.775881897506613
34180,1,2017,39101.96484375,37680.0,39376.73458333333,1421.96484375,274.7697395833311,3.636555987485843
34180,2,2018,38081.0703125,38072.87109375,39376.73458333333,8.19921875,1295.664270833331,0.02153095667405291
34180,3,2019,40654.0,38567.1171875,39376.73458333333,2086.8828125,1277.265416666669,5.133277936980371
34220,1,2017,33348.453125,30502.416015625,31815.4725,2846.037109375,1532.9806250000001,8.534240250086562
34220,2,2018,33092.32421875,30415.185546875,31815.4725,2677.138671875,1276.8517187500001,8.089908264461346
34220,3,2019,33642.0,30700.388671875,31815.4725,2941.611328125,1826.5275000000001,8.74386578718566
34260,1,2017,37693.58203125,36282.484375,37188.36875,1411.09765625,505.21328124999854,3.7436019083570367
34260,2,2018,37559.69140625,36530.0,37188.36875,1029.69140625,371.32265624999854,2.741479942187857
34260,3,2019,38452.0,36956.1015625,37188.36875,1495.8984375,1263.6312499999985,3.8903007320815566
34300,1,2017,36267.4609375,35185.140625,37358.83541666667,1082.3203125,1091.3744791666686,2.98427373883485
34300,2,2018,35531.19921875,35392.53515625,37358.83541666667,138.6640625,1827.6361979166686,0.3902600124648375
34300,3,2019,36924.0,35801.4140625,37358.83541666667,1122.5859375,434.8354166666686,3.0402609075398117
34340,1,2017,38217.29296875,35070.1328125,37771.151666666665,3147.16015625,446.1413020833352,8.23491124508324
34340,2,2018,38545.42578125,35421.4453125,37771.151666666665,3123.98046875,774.2741145833352,8.104672358476387
34340,3,2019,39622.0,35892.81640625,37771.151666666665,3729.18359375,1850.8483333333352,9.411901453106859
34380,1,2017,36679.54296875,33297.99609375,36264.6525,3381.546875,414.8904687500035,9.219163057405018
34380,2,2018,37722.625,33652.515625,36264.6525,4070.109375,1457.9725000000035,10.789570914007179
34380,3,2019,38905.0,34158.59765625,36264.6525,4746.40234375,2640.3475000000035,12.199980320652873
34420,1,2017,37657.06640625,33757.9453125,37175.58375,3899.12109375,481.48265625000204,10.354287962014102
34420,2,2018,38724.6484375,33944.6484375,37175.58375,4780.0,1549.064687500002,12.343559445645386
34420,3,2019,39148.0,34355.0859375,37175.58375,4792.9140625,1972.416250000002,12.2430623850516
34460,1,2017,33451.734375,32892.88671875,33593.652916666666,558.84765625,141.918541666666,1.6706089136820728
34460,2,2018,33333.66796875,33067.2421875,33593.652916666666,266.42578125,259.984947916666,0.7992693198353438
34460,3,2019,34392.0,33504.12890625,33593.652916666666,887.87109375,798.347083333334,2.581620998342638
34500,1,2017,39297.05078125,39292.4140625,38577.67208333333,4.63671875,719.3786979166689,0.011799151991864848
34500,2,2018,39964.96484375,39683.3828125,38577.67208333333,281.58203125,1387.292760416669,0.7045721980512032
34500,3,2019,40075.0,40101.56640625,38577.67208333333,26.56640625,1497.327916666669,0.06629171865252652
34540,1,2017,41964.63671875,38351.74609375,41680.16541666667,3612.890625,284.47130208332965,8.609369477481366
34540,2,2018,43286.72265625,38675.48828125,41680.16541666667,4611.234375,1606.5572395833296,10.652768544338393
34540,3,2019,44463.0,39169.80859375,41680.16541666667,5293.19140625,2782.8345833333296,11.90471044745069
34580,1,2017,50796.76953125,47451.4453125,49777.332083333335,3345.32421875,1019.4374479166654,6.585702692554037
34580,2,2018,51625.73828125,48012.53125,49777.332083333335,3613.20703125,1848.4061979166654,6.9988481550922135
34580,3,2019,54067.0,48378.00390625,49777.332083333335,5688.99609375,4289.667916666665,10.522122725044852
34620,1,2017,37154.22265625,34469.7109375,36587.47375,2684.51171875,566.7489062500026,7.225320641443746
34620,2,2018,37528.125,34684.9765625,36587.47375,2843.1484375,940.6512500000026,7.5760471313181785
34620,3,2019,38575.0,35225.41796875,36587.47375,3349.58203125,1987.5262500000026,8.683297553467272
34660,1,2017,36968.5234375,35555.41796875,36430.8575,1413.10546875,537.6659375000017,3.8224558011872856
34660,2,2018,37185.96875,35811.15234375,36430.8575,1374.81640625,755.1112500000017,3.6971375291923785
34660,3,2019,38273.0,36235.01171875,36430.8575,2037.98828125,1842.1425000000017,5.324872054058997
34700,1,2017,46320.1953125,44178.74609375,46280.63458333333,2141.44921875,39.56072916666744,4.623143759007655
34700,2,2018,46479.15234375,44743.109375,46280.63458333333,1736.04296875,198.51776041666744,3.735100321775648
34700,3,2019,47358.0,45185.22265625,46280.63458333333,2172.77734375,1077.3654166666674,4.587983748785844
34740,1,2017,37932.484375,34399.21875,37667.80625,3533.265625,264.67812499999854,9.314616965422529
34740,2,2018,38310.1953125,34613.390625,37667.80625,3696.8046875,642.3890624999985,9.649662856962236
34740,3,2019,39247.0,34946.31640625,37667.80625,4300.68359375,1579.1937499999985,10.957993206487119
34780,1,2017,37383.734375,33843.7578125,37403.582916666666,3539.9765625,19.84854166666628,9.46929626395838
34780,2,2018,37333.625,34026.46875,37403.582916666666,3307.15625,69.95791666666628,8.858385034938344
34780,3,2019,38220.0,34379.2421875,37403.582916666666,3840.7578125,816.4170833333337,10.049078525641026
34820,1,2017,41233.3203125,37104.26171875,40787.34625,4129.05859375,445.9740624999977,10.013888191531993
34820,2,2018,41819.32421875,37326.08203125,40787.34625,4493.2421875,1031.9779687499977,10.74441605989755
34820,3,2019,43432.0,37721.00390625,40787.34625,5710.99609375,2644.6537499999977,13.149281851515013
34860,1,2017,37997.1640625,34751.0390625,36966.762083333335,3246.125,1030.4019791666651,8.54307177941117
34860,2,2018,38789.82421875,35013.59375,36966.762083333335,3776.23046875,1823.0621354166651,9.735105906782293
34860,3,2019,39315.0,35471.109375,36966.762083333335,3843.890625,2348.237916666665,9.777160434948492
34900,1,2017,71037.859375,53140.59765625,70778.82541666667,17897.26171875,259.03395833332615,25.193976671330404
34900,2,2018,70303.75,54089.640625,70778.82541666667,16214.109375,475.07541666667385,23.06293672101417
34900,3,2019,73298.0,54609.71484375,70778.82541666667,18688.28515625,2519.174583333326,25.496309798698462
34940,1,2017,95966.265625,82367.1015625,91050.50833333332,13599.1640625,4915.757291666683,14.170775505259742
34940,2,2018,104048.8203125,85326.5078125,91050.50833333332,18722.3125,12998.311979166683,17.993776809549065
34940,3,2019,106718.0,84492.8515625,91050.50833333332,22225.1484375,15667.491666666683,20.826054121610223
34980,1,2017,56577.40625,52500.81640625,55800.1325,4076.58984375,777.2737500000003,7.205331799299302
34980,2,2018,58361.921875,53858.63671875,55800.1325,4503.28515625,2561.7893750000003,7.716135815224128
34980,3,2019,60654.0,54807.27734375,55800.1325,5846.72265625,4853.8675,9.6394675639694
35020,1,2017,33407.91796875,34539.453125,33341.14916666667,1131.53515625,66.76880208333023,3.3870268638364296
35020,2,2018,34087.22265625,34735.546875,33341.14916666667,648.32421875,746.0734895833302,1.9019567105480437
35020,3,2019,35216.0,35145.99609375,33341.14916666667,70.00390625,1874.8508333333302,0.19878437712971378
35060,1,2017,39127.00390625,38632.8984375,38082.25333333333,494.10546875,1044.7505729166733,1.2628246975768913
35060,2,2018,39903.86328125,38895.13671875,38082.25333333333,1008.7265625,1821.6099479166733,2.5278919872752765
35060,3,2019,40977.0,39298.18359375,38082.25333333333,1678.81640625,2894.7466666666733,4.09697246321107
35100,1,2017,43510.73046875,41967.625,43515.87833333333,1543.10546875,5.1478645833267365,3.546494053595077
35100,2,2018,43739.87109375,42265.0703125,43515.87833333333,1474.80078125,223.99276041667326,3.3717538355085246
35100,3,2019,45804.0,42522.0625,43515.87833333333,3281.9375,2288.1216666666733,7.165176622129072
35140,1,2017,38723.265625,37659.0390625,38379.504583333335,1064.2265625,343.7610416666648,2.748287225581843
35140,2,2018,38253.16796875,37883.53515625,38379.504583333335,369.6328125,126.33661458333518,0.9662802641652125
35140,3,2019,40174.0,38253.77734375,38379.504583333335,1920.22265625,1794.4954166666648,4.779764664335142
35220,1,2017,37478.671875,35534.984375,37049.864583333336,1943.6875,428.80729166666424,5.186116270295398
35220,2,2018,37950.7265625,35710.07421875,37049.864583333336,2240.65234375,900.8619791666642,5.904109213982851
35220,3,2019,38791.0,36080.60546875,37049.864583333336,2710.39453125,1741.1354166666642,6.987173651749116
35300,1,2017,53729.33984375,54961.5,54041.129583333335,1232.16015625,311.7897395833352,2.293272464975818
35300,2,2018,54710.2265625,55207.6640625,54041.129583333335,497.4375,669.0969791666648,0.9092221532508847
35300,3,2019,56438.0,55152.66015625,54041.129583333335,1285.33984375,2396.870416666665,2.2774369108579324
35380,1,2017,51600.0703125,51534.44140625,50841.68333333333,65.62890625,758.386979166673,0.12718762949844575
35380,2,2018,52829.390625,51924.44921875,50841.68333333333,904.94140625,1987.707291666673,1.7129506805663632
35380,3,2019,54100.0,52035.88671875,50841.68333333333,2064.11328125,3258.316666666673,3.815366508780037
35420,1,2017,42734.5546875,40304.51953125,42037.08,2430.03515625,697.4746874999983,5.6863472054870705
35420,2,2018,43783.66015625,40678.3515625,42037.08,3105.30859375,1746.5801562499983,7.092391505571117
35420,3,2019,43241.0,41133.02734375,42037.08,2107.97265625,1203.9199999999983,4.8749396550727315
35440,1,2017,43207.14453125,40470.78515625,42531.43333333333,2736.359375,675.711197916673,6.333117831984709
35440,2,2018,44627.84765625,40825.421875,42531.43333333333,3802.42578125,2096.414322916673,8.520298380819362
35440,3,2019,45153.0,41172.7734375,42531.43333333333,3980.2265625,2621.566666666673,8.814976994884061
35460,1,2017,32491.947265625,30906.5,32358.835,1585.447265625,133.11226562500087,4.879508306054439
35460,2,2018,32714.529296875,31046.861328125,32358.835,1667.66796875,355.6942968750009,5.0976370578845565
35460,3,2019,34199.0,31514.4765625,32358.835,2684.5234375,1840.1650000000009,7.849713259159624
35580,1,2017,50145.78515625,48575.16015625,49852.97666666667,1570.625,292.8084895833308,3.1321176747079864
35580,2,2018,51010.67578125,49175.91015625,49852.97666666667,1834.765625,1157.6991145833308,3.596826736560124
35580,3,2019,52091.0,49576.66015625,49852.97666666667,2514.33984375,2238.023333333331,4.826821991802807
35620,1,2017,71583.484375,65426.19921875,69124.23333333334,6157.28515625,2459.251041666663,8.601544350641285
35620,2,2018,72471.75,66478.8828125,69124.23333333334,5992.8671875,3347.516666666663,8.269245861318376
35620,3,2019,73834.0,66371.25,69124.23333333334,7462.75,4709.766666666663,10.107470812904625
35660,1,2017,46566.40234375,42952.625,46527.81125,3613.77734375,38.591093750001164,7.760482154222142
35660,2,2018,47738.8125,43407.765625,46527.81125,4331.046875,1211.0012500000012,9.072380832682004
35660,3,2019,49237.0,44195.859375,46527.81125,5041.140625,2709.188750000001,10.238521081706846
35700,1,2017,36973.73828125,36209.1015625,35232.26375,764.63671875,1741.4745312500017,2.0680535815275136
35700,2,2018,37558.67578125,36325.546875,35232.26375,1233.12890625,2326.4120312500017,3.283206557739188
35700,3,2019,38110.0,36723.02734375,35232.26375,1386.97265625,2877.7362500000017,3.6393929578850694
35740,1,2017,47722.3203125,48861.953125,47495.20958333334,1139.6328125,227.11072916666308,2.388049879044741
35740,2,2018,48577.90625,49236.80078125,47495.20958333334,658.89453125,1082.696666666663,1.3563666738930313
35740,3,2019,50948.0,49359.140625,47495.20958333334,1588.859375,3452.790416666663,3.118590278322996
35820,1,2017,48057.203125,55757.26171875,50444.28291666667,7700.05859375,2387.0797916666706,16.022693983504684
35820,2,2018,48180.765625,58392.25390625,50444.28291666667,10211.48828125,2263.5172916666706,21.194117919851962
35820,3,2019,49404.0,60073.6796875,50444.28291666667,10669.6796875,1040.2829166666706,21.596793149340137
35840,1,2017,57959.70703125,52349.44140625,55794.80541666667,5610.265625,2164.9016145833302,9.679596244292826
35840,2,2018,59316.0859375,52750.35546875,55794.80541666667,6565.73046875,3521.2805208333302,11.069055493088603
35840,3,2019,61867.0,52186.05859375,55794.80541666667,9680.94140625,6072.19458333333,15.64798908343705
35900,1,2017,38252.76171875,33911.9609375,37125.50916666667,4340.80078125,1127.2525520833296,11.347679451657239
35900,2,2018,37956.8359375,33896.21484375,37125.50916666667,4060.62109375,831.3267708333296,10.697996799407221
35900,3,2019,38686.0,34069.734375,37125.50916666667,4616.265625,1560.4908333333296,11.932651669854728
35940,1,2017,40124.34765625,37745.5078125,39442.79041666667,2378.83984375,681.5572395833296,5.928669206362682
35940,2,2018,40652.328125,38022.34375,39442.79041666667,2629.984375,1209.5377083333296,6.469455739196979
35940,3,2019,40611.0,38524.56640625,39442.79041666667,2086.43359375,1168.2095833333296,5.137607036886558
35980,1,2017,57044.78125,52711.0078125,56880.465,4333.7734375,164.3162500000035,7.597142705319778
35980,2,2018,56691.875,53545.6328125,56880.465,3146.2421875,188.5899999999965,5.549723284862249
35980,3,2019,57962.0,54073.7890625,56880.465,3888.2109375,1081.5350000000035,6.7082069933749695
36020,1,2017,53845.140625,49171.52734375,52994.89041666667,4673.61328125,850.2502083333311,8.679730848506814
36020,2,2018,53627.75390625,49528.203125,52994.89041666667,4099.55078125,632.8634895833311,7.644457361419012
36020,3,2019,55839.0,49749.8046875,52994.89041666667,6089.1953125,2844.109583333331,10.904914687763032
36100,1,2017,37203.25390625,35683.375,36576.81958333333,1519.87890625,626.4343229166698,4.08533863752887
36100,2,2018,37491.46484375,35762.0390625,36576.81958333333,1729.42578125,914.6452604166698,4.612851987665943
36100,3,2019,38425.0,36003.21875,36576.81958333333,2421.78125,1848.1804166666698,6.302618737800911
36220,1,2017,45268.6015625,37083.671875,40854.4675,8184.9296875,4414.134062500001,18.08080966715858
36220,2,2018,50552.4296875,38082.41796875,40854.4675,12470.01171875,9697.962187500001,24.66748244512852
36220,3,2019,52751.0,39009.9609375,40854.4675,13741.0390625,11896.532500000001,26.04886933423063
36260,1,2017,42713.6875,38453.30078125,42239.50916666667,4260.38671875,474.17833333332965,9.97428919886629
36260,2,2018,43743.9453125,38874.05859375,42239.50916666667,4869.88671875,1504.4361458333296,11.132710330447518
36260,3,2019,44987.0,39326.27734375,42239.50916666667,5660.72265625,2747.4908333333296,12.583018774868297
36340,1,2017,40488.44140625,39089.26171875,40413.385,1399.1796875,75.05640624999796,3.4557509227411645
36340,2,2018,41851.91015625,39395.1484375,40413.385,2456.76171875,1438.525156249998,5.870130442261587
36340,3,2019,42895.0,39819.3359375,40413.385,3075.6640625,2481.614999999998,7.170215788553444
36380,1,2017,33667.6875,30083.369140625,32265.07833333333,3584.318359375,1402.609166666669,10.646167365593493
36380,2,2018,32784.79296875,30304.25,32265.07833333333,2480.54296875,519.7146354166689,7.5661388837026315
36380,3,2019,33409.0,30777.9296875,32265.07833333333,2631.0703125,1143.921666666669,7.87533392948008
36420,1,2017,48002.953125,46466.18359375,47713.62,1536.76953125,289.3331249999974,3.20140622858815
36420,2,2018,48618.640625,47415.78515625,47713.62,1202.85546875,905.0206249999974,2.474062321132616
36420,3,2019,51054.0,48292.4140625,47713.62,2761.5859375,3340.3799999999974,5.409147055078936
36460,1,2017,39700.7890625,39223.8046875,38290.00958333333,476.984375,1410.7794791666674,1.2014480977924518
36460,2,2018,39114.66796875,39574.6875,38290.00958333333,460.01953125,824.6583854166674,1.1760793460333725
36460,3,2019,40392.0,40163.57421875,38290.00958333333,228.42578125,2101.9904166666674,0.5655223342493563
36500,1,2017,49589.734375,47739.140625,49300.02541666666,1850.59375,289.7089583333436,3.7318081520778463
36500,2,2018,49848.76953125,47920.1875,49300.02541666666,1928.58203125,548.7441145833436,3.868865870482479
36500,3,2019,51833.0,47861.671875,49300.02541666666,3971.328125,2532.9745833333436,7.661775558042174
36540,1,2017,56294.6875,56807.53125,55637.12375,512.84375,657.5637500000012,0.9109984845372843
36540,2,2018,57167.43359375,57445.1640625,55637.12375,277.73046875,1530.3098437500012,0.4858193752821601
36540,3,2019,57438.0,57441.33984375,55637.12375,3.33984375,1800.8762500000012,0.00581469366969602
36580,1,2017,44038.61328125,42021.875,42500.53625,2016.73828125,1538.0770312500026,4.579477260944208
36580,2,2018,44255.140625,42514.640625,42500.53625,1740.5,1754.6043750000026,3.9328764419670175
36580,3,2019,45876.0,42763.8671875,42500.53625,3112.1328125,3375.4637500000026,6.783792860101142
36620,1,2017,34063.078125,31822.38671875,34516.30375,2240.69140625,453.2256249999991,6.578064959447937
36620,2,2018,34690.06640625,31951.26171875,34516.30375,2738.8046875,173.76265625000087,7.895069024735444
36620,3,2019,35941.0,32417.455078125,34516.30375,3523.544921875,1424.6962500000009,9.803691944784507
36660,1,2017,39769.64453125,39351.8046875,39957.386666666665,417.83984375,187.7421354166654,1.0506501847701248
36660,2,2018,40105.4921875,39765.828125,39957.386666666665,339.6640625,148.1055208333346,0.8469265528821157
36660,3,2019,41496.0,40242.12109375,39957.386666666665,1253.87890625,1538.6133333333346,3.02168620168209
36700,1,2017,34526.28125,31816.404296875,33886.6425,2709.876953125,639.6387499999983,7.848736831815619
36700,2,2018,34753.203125,32203.169921875,33886.6425,2550.033203125,866.5606249999983,7.337548697174946
36700,3,2019,35364.0,32800.078125,33886.6425,2563.921875,1477.3574999999983,7.250090134034612
36740,1,2017,43245.74609375,39227.43359375,42059.45375,4018.3125,1186.2923437499994,9.291809860995178
36740,2,2018,43899.75,39500.33203125,42059.45375,4399.41796875,1840.2962499999994,10.02151030188099
36740,3,2019,45108.0,39751.625,42059.45375,5356.375,3048.5462499999994,11.87455661966835
36780,1,2017,47283.11328125,43229.76953125,46947.58541666667,4053.34375,335.5278645833314,8.572497597376575
36780,2,2018,48215.38671875,43840.47265625,46947.58541666667,4374.9140625,1267.8013020833314,9.073688629772377
36780,3,2019,48670.0,44582.6328125,46947.58541666667,4087.3671875,1722.4145833333314,8.398124486336553
36820,1,2017,41145.6875,40295.79296875,40682.93541666667,849.89453125,462.75208333333285,2.0655737767171836
36820,2,2018,43789.76953125,40614.9140625,40682.93541666667,3174.85546875,3106.834114583333,7.250221918807555
36820,3,2019,42501.0,41061.34765625,40682.93541666667,1439.65234375,1818.0645833333328,3.387337577351121
36830,1,2017,38199.5546875,41368.98046875,40089.49833333334,3169.42578125,1889.9436458333366,8.297022850601785
36830,2,2018,37899.8125,41661.9609375,40089.49833333334,3762.1484375,2189.6858333333366,9.926562136686032
36830,3,2019,39576.0,41921.92578125,40089.49833333334,2345.92578125,513.4983333333366,5.9276475168031135
36837,1,2017,43299.9921875,45570.14453125,43356.06583333333,2270.15234375,56.07364583332674,5.242847005421298
36837,2,2018,44034.16796875,46133.47265625,43356.06583333333,2099.3046875,678.1021354166733,4.767444882777907
36837,3,2019,44249.0,46646.15234375,43356.06583333333,2397.15234375,892.9341666666733,5.417415859680444
36840,1,2017,41668.35546875,38923.734375,41636.48333333334,2744.62109375,31.872135416662786,6.586823652803822
36840,2,2018,42574.9140625,39224.61328125,41636.48333333334,3350.30078125,938.4307291666628,7.869189768255919
36840,3,2019,43491.0,39590.4921875,41636.48333333334,3900.5078125,1854.5166666666628,8.968540186475362
36900,1,2017,39043.54296875,37610.50390625,37923.50625,1433.0390625,1120.0367187500015,3.6703612263031244
36900,2,2018,39004.6875,37773.6484375,37923.50625,1231.0390625,1081.1812500000015,3.1561310739895045
36900,3,2019,38850.0,38118.27734375,37923.50625,731.72265625,926.4937500000015,1.8834560006435006
36940,1,2017,46008.265625,43691.27734375,44248.885,2316.98828125,1759.380624999998,5.036026135249474
36940,2,2018,45882.41796875,44066.7578125,44248.885,1815.66015625,1633.532968749998,3.9572024244376696
36940,3,2019,46199.0,44606.2421875,44248.885,1592.7578125,1950.114999999998,3.4476023561116045
36980,1,2017,41160.29296875,40262.25390625,40946.09333333333,898.0390625,214.19963541666948,2.1818092091371053
36980,2,2018,40764.34375,40593.16015625,40946.09333333333,171.18359375,181.74958333333052,0.4199346242388607
36980,3,2019,41835.0,40967.953125,40946.09333333333,867.046875,888.9066666666695,2.072539440659735
37060,1,2017,41133.16796875,36444.23046875,40907.738333333335,4688.9375,225.4296354166654,11.39940765943998
37060,2,2018,41928.28125,36583.28515625,40907.738333333335,5344.99609375,1020.5429166666654,12.747949437469488
37060,3,2019,42595.0,36928.87890625,40907.738333333335,5666.12109375,1687.2616666666654,13.302315045780022
37100,1,2017,59947.09375,52774.61328125,59407.63333333333,7172.48046875,539.4604166666686,11.964684224162243
37100,2,2018,60884.296875,53249.4375,59407.63333333333,7634.859375,1476.6635416666686,12.539948339511806
37100,3,2019,62933.0,53513.82421875,59407.63333333333,9419.17578125,3525.3666666666686,14.966989943670253
37120,1,2017,36467.765625,37914.4609375,36648.2025,1446.6953125,180.43687499999942,3.9670522383423377
37120,2,2018,36762.34765625,38262.29296875,36648.2025,1499.9453125,114.14515625000058,4.080112963745918
37120,3,2019,37343.0,38729.4140625,36648.2025,1386.4140625,694.7975000000006,3.7126477853948527
37140,1,2017,43491.953125,42715.35546875,45954.61708333333,776.59765625,2462.663958333331,1.7856122810074422
37140,2,2018,42748.03125,43256.125,45954.61708333333,508.09375,3206.585833333331,1.1885781289635415
37140,3,2019,43922.0,43775.765625,45954.61708333333,146.234375,2032.6170833333308,0.33294106598060197
37220,1,2017,36511.58203125,35143.015625,36267.84875,1368.56640625,243.73328125000262,3.7483076057308438
37220,2,2018,36528.13671875,35389.3828125,36267.84875,1138.75390625,260.2879687500026,3.117470554323331
37220,3,2019,37309.0,35832.55859375,36267.84875,1476.44140625,1041.1512500000026,3.9573330999222707
37260,1,2017,33075.125,31539.3203125,32430.21791666667,1535.8046875,644.9070833333317,4.64338286703376
37260,2,2018,33473.17578125,31708.556640625,32430.21791666667,1764.619140625,1042.9578645833317,5.271741026775987
37260,3,2019,33902.0,32132.142578125,32430.21791666667,1769.857421875,1471.7820833333317,5.22051035890213
37300,1,2017,34417.78125,36742.1171875,35072.45125,2324.3359375,654.6699999999983,6.753299756938865
37300,2,2018,34909.0078125,37498.640625,35072.45125,2589.6328125,163.44343749999825,7.418236652296718
37300,3,2019,36129.0,38346.296875,35072.45125,2217.296875,1056.5487500000017,6.137166472916493
37340,1,2017,45352.0625,43042.59375,44217.987916666665,2309.46875,1134.0745833333349,5.09231250508177
37340,2,2018,46540.25,43439.17578125,44217.987916666665,3101.07421875,2322.262083333335,6.663209197952311
37340,3,2019,48161.0,43711.98046875,44217.987916666665,4449.01953125,3943.012083333335,9.237805550653018
37420,1,2017,43452.30859375,48515.640625,40703.17833333334,5063.33203125,2749.130260416663,11.652619147555002
37420,2,2018,43673.68359375,49537.65234375,40703.17833333334,5863.96875,2970.505260416663,13.426778479567439
37420,3,2019,45130.0,50272.640625,40703.17833333334,5142.640625,4426.821666666663,11.395170895191669
37460,1,2017,42458.09375,41882.5234375,42990.627916666665,575.5703125,532.5341666666645,1.3556197691988938
37460,2,2018,42740.90234375,42103.19140625,42990.627916666665,637.7109375,249.72557291666453,1.4920390130538563
37460,3,2019,45880.0,42089.36328125,42990.627916666665,3790.63671875,2889.3720833333355,8.262067826394944
37500,1,2017,34479.3359375,34544.328125,34491.799166666664,64.9921875,12.46322916666395,0.1884960534559309
37500,2,2018,34744.0390625,34768.40625,34491.799166666664,24.3671875,252.23989583333605,0.07013343341045238
37500,3,2019,35697.0,35271.05859375,34491.799166666664,425.94140625,1205.200833333336,1.1932134528111604
37540,1,2017,41009.0234375,39684.53125,40275.94625,1324.4921875,733.0771874999991,3.2297579324672254
37540,2,2018,40759.25390625,40726.171875,40275.94625,33.08203125,483.3076562499991,0.08116446715656692
37540,3,2019,42659.0,41741.3359375,40275.94625,917.6640625,2383.053749999999,2.151161683349352
37580,1,2017,41988.6328125,38664.69921875,41144.26083333333,3323.93359375,844.3719791666736,7.916270121470747
37580,2,2018,41556.59765625,39047.171875,41144.26083333333,2509.42578125,412.33682291667355,6.038573710984709
37580,3,2019,43142.0,39483.16796875,41144.26083333333,3658.83203125,1997.7391666666736,8.480904991075981
37620,1,2017,40688.74609375,38919.66015625,40116.13375,1769.0859375,572.6123437499991,4.3478507138654265
37620,2,2018,44472.04296875,39208.4375,40116.13375,5263.60546875,4355.909218749999,11.835762689041914
37620,3,2019,45869.0,39495.14453125,40116.13375,6373.85546875,5752.866249999999,13.895780306416098
37740,1,2017,40046.10546875,35873.31640625,38161.09416666667,4172.7890625,1885.0113020833305,10.41996222518127
37740,2,2018,40277.5859375,36141.67578125,38161.09416666667,4135.91015625,2116.4917708333305,10.268515503058753
37740,3,2019,40582.0,36575.81640625,38161.09416666667,4006.18359375,2420.9058333333305,9.871823945961264
37800,1,2017,47511.5859375,47072.69140625,45991.90666666667,438.89453125,1519.6792708333305,0.9237631676352627
37800,2,2018,48644.09765625,48154.125,45991.90666666667,489.97265625,2652.1909895833305,1.0072602429845798
37800,3,2019,49943.0,48936.40625,45991.90666666667,1006.59375,3951.0933333333305,2.015485153074505
37860,1,2017,44266.04296875,40244.87890625,43313.449166666665,4021.1640625,952.5938020833346,9.084082951211103
37860,2,2018,44180.8046875,40502.7109375,43313.449166666665,3678.09375,867.3555208333346,8.325094520156254
37860,3,2019,45308.0,40770.8203125,43313.449166666665,4537.1796875,1994.5508333333346,10.014080708704864
37900,1,2017,46969.09375,49841.55078125,47479.22833333333,2872.45703125,510.13458333333256,6.11563222092187
37900,2,2018,48166.5078125,50278.421875,47479.22833333333,2111.9140625,687.2794791666674,4.384611130043195
37900,3,2019,48092.0,50300.8828125,47479.22833333333,2208.8828125,612.7716666666674,4.593035873949929
37940,1,2017,34379.18359375,31441.95703125,33688.475,2937.2265625,690.7085937500015,8.543619293606426
37940,2,2018,34539.35546875,31466.900390625,33688.475,3072.455078125,850.8804687500015,8.895519434069492
37940,3,2019,34742.0,31941.48828125,33688.475,2800.51171875,1053.5250000000015,8.060882271458178
37980,1,2017,62036.72265625,59511.046875,62417.43541666667,2525.67578125,380.71276041666715,4.071259204398907
37980,2,2018,63423.984375,60341.31640625,62417.43541666667,3082.66796875,1006.5489583333328,4.860413610288892
37980,3,2019,63801.0,60435.55078125,62417.43541666667,3365.44921875,1383.5645833333328,5.274916096534537
38060,1,2017,47278.94140625,45281.2890625,46102.71,1997.65234375,1176.2314062500009,4.225247614122599
38060,2,2018,48490.33203125,45644.5859375,46102.71,2845.74609375,2387.622031250001,5.868687580683166
38060,3,2019,50373.0,45531.9140625,46102.71,4841.0859375,4270.290000000001,9.610477711273898
38100,1,2017,36489.671875,33848.31640625,36620.50166666667,2641.35546875,130.82979166667064,7.238638587374253
38100,2,2018,36651.3515625,33966.2421875,36620.50166666667,2685.109375,30.849895833329356,7.326085561732142
38100,3,2019,37931.0,34320.0546875,36620.50166666667,3610.9453125,1310.4983333333294,9.519773569112337
38180,1,2017,54072.5703125,51721.87109375,53676.75708333334,2350.69921875,395.8132291666625,4.3473043821750545
38180,2,2018,51877.26171875,52724.2265625,53676.75708333334,846.96484375,1799.4953645833375,1.6326321314755932
38180,3,2019,55000.0,52557.26171875,53676.75708333334,2442.73828125,1323.2429166666625,4.441342329545455
38220,1,2017,34078.7265625,33586.12890625,33447.690833333334,492.59765625,631.035729166666,1.445469669609225
38220,2,2018,34082.1328125,33601.94921875,33447.690833333334,480.18359375,634.441979166666,1.4089012456811019
38220,3,2019,34577.0,34027.63671875,33447.690833333334,549.36328125,1129.309166666666,1.588811294357521
38240,1,2017,52024.671875,47818.7890625,51858.090833333335,4205.8828125,166.58104166666453,8.084400460238367
38240,2,2018,52399.66015625,49026.28125,51858.090833333335,3373.37890625,541.5693229166645,6.437787757002539
38240,3,2019,53923.0,50126.05078125,51858.090833333335,3796.94921875,2064.9091666666645,7.041427996865901
38260,1,2017,41830.05859375,35902.2890625,38579.80291666667,5927.76953125,3250.2556770833326,14.171076327719254
38260,2,2018,43070.8359375,36066.21875,38579.80291666667,7004.6171875,4491.033020833333,16.263016574984487
38260,3,2019,41102.0,36343.48828125,38579.80291666667,4758.51171875,2522.1970833333326,11.577324020120676
38300,1,2017,55312.9921875,52090.13671875,53967.61583333334,3222.85546875,1345.376354166663,5.826579509250129
38300,2,2018,57134.84765625,52641.71484375,53967.61583333334,4493.1328125,3167.231822916663,7.864084699293837
38300,3,2019,57525.0,52731.328125,53967.61583333334,4793.671875,3557.384166666663,8.333197522816167
38340,1,2017,54394.93359375,49059.6640625,54041.129583333335,5335.26953125,353.8040104166648,9.808394235934916
38340,2,2018,55232.625,49877.32421875,54041.129583333335,5355.30078125,1191.4954166666648,9.695901256277427
38340,3,2019,56190.0,50799.90625,54041.129583333335,5390.09375,2148.870416666665,9.592621017974729
38380,1,2017,33386.01171875,33397.640625,32230.985,11.62890625,1155.0267187499994,0.03483167246200019
38380,2,2018,34041.3984375,33476.44921875,32230.985,564.94921875,1810.4134374999994,1.6595946250188478
38380,3,2019,36014.0,33720.50390625,32230.985,2293.49609375,3783.0149999999994,6.368345903676348
38420,1,2017,42915.03515625,40343.0,41771.79125,2572.03515625,1143.243906249998,5.993319466908132
38420,2,2018,43732.74609375,40766.125,41771.79125,2966.62109375,1960.954843749998,6.783523466352757
38420,3,2019,44425.0,41348.33203125,41771.79125,3076.66796875,2653.208749999998,6.9255328503095095
38460,1,2017,44483.03515625,42128.7109375,43460.47666666667,2354.32421875,1022.5584895833308,5.2926339456834715
38460,2,2018,43616.65625,42858.18359375,43460.47666666667,758.47265625,156.1795833333308,1.7389518625697036
38460,3,2019,44677.0,43804.04296875,43460.47666666667,872.95703125,1216.5233333333308,1.9539293848065
38500,1,2017,41853.0078125,37045.28515625,40866.18708333333,4807.72265625,986.8207291666695,11.487161634328476
38500,2,2018,42047.42578125,37331.66796875,40866.18708333333,4715.7578125,1181.2386979166695,11.215330605572706
38500,3,2019,42258.0,37694.78515625,40866.18708333333,4563.21484375,1391.8129166666695,10.79846382637607
38540,1,2017,38052.45703125,32594.658203125,37116.98583333333,5457.798828125,935.4711979166677,14.342828962773327
38540,2,2018,38078.015625,32923.4765625,37116.98583333333,5154.5390625,961.0297916666677,13.53678488202469
38540,3,2019,39079.0,33404.3984375,37116.98583333333,5674.6015625,1962.0141666666677,14.52084639448297
38620,1,2017,40872.35546875,41271.27734375,40556.15083333333,398.921875,316.20463541666686,0.976018803968873
38620,2,2018,40335.6328125,41602.72265625,40556.15083333333,1267.08984375,220.51802083333314,3.1413659719684115
38620,3,2019,41399.0,41923.7734375,40556.15083333333,524.7734375,842.8491666666669,1.2675993079542984
38700,1,2017,43460.65234375,43070.03125,43887.70875,390.62109375,427.05640624999796,0.8987925230859416
38700,2,2018,44962.875,43569.15625,43887.70875,1393.71875,1075.166250000002,3.0997100385595897
38700,3,2019,45401.0,44171.30859375,43887.70875,1229.69140625,1513.291250000002,2.7085117205568157
38740,1,2017,35973.265625,34935.046875,36087.793333333335,1038.21875,114.52770833333489,2.8860842405102054
38740,2,2018,35939.546875,35057.953125,36087.793333333335,881.59375,148.24645833333489,2.4529907209632844
38740,3,2019,36464.0,35404.1953125,36087.793333333335,1059.8046875,376.2066666666651,2.9064411131526984
38820,1,2017,45363.5390625,41584.7578125,44475.81875,3778.78125,887.7203125000015,8.329996574548014
38820,2,2018,45832.51953125,42045.62890625,44475.81875,3786.890625,1356.7007812500015,8.262453523677623
38820,3,2019,47409.0,42291.55078125,44475.81875,5117.44921875,2933.1812500000015,10.794256826235525
38860,1,2017,56268.60546875,51862.47265625,55034.097916666666,4406.1328125,1234.5075520833343,7.830534941810566
38860,2,2018,57298.796875,52745.5,55034.097916666666,4553.296875,2264.6989583333343,7.9465837388055975
38860,3,2019,58949.0,53078.8671875,55034.097916666666,5870.1328125,3914.9020833333343,9.957985398395223
38900,1,2017,55247.265625,47857.6953125,53655.44875,7389.5703125,1591.8168749999968,13.375449859650859
38900,2,2018,57313.05078125,48387.0,53655.44875,8926.05078125,3657.602031249997,15.574202837881671
38900,3,2019,58550.0,48711.5859375,53655.44875,9838.4140625,4894.551249999997,16.80343990179334
38920,1,2017,41140.47265625,31224.6015625,40229.06791666667,9915.87109375,911.4047395833331,24.102472464529633
38920,2,2018,46994.421875,31508.98828125,40229.06791666667,15485.43359375,6765.353958333333,32.951641867069995
38920,3,2019,55974.0,32099.3359375,40229.06791666667,23874.6640625,15744.932083333333,42.65313192285704
38940,1,2017,55745.9375,50209.234375,54115.70875,5536.703125,1630.228750000002,9.93202980037783
38940,2,2018,56346.66796875,50605.4765625,54115.70875,5741.19140625,2230.959218750002,10.189052189268901
38940,3,2019,58172.0,50613.20703125,54115.70875,7558.79296875,4056.291250000002,12.99386813028605
39020,1,2017,38366.4765625,34096.19921875,37713.61916666666,4270.27734375,652.8573958333436,11.130230676235296
39020,2,2018,39575.96484375,34263.38671875,37713.61916666666,5312.578125,1862.3456770833436,13.423748848510977
39020,3,2019,40557.0,34773.31640625,37713.61916666666,5783.68359375,2843.3808333333436,14.260629715585472
39060,1,2017,40884.875,39387.3984375,40458.1325,1497.4765625,426.7425000000003,3.6626663588918884
39060,2,2018,41659.4453125,39679.47265625,40458.1325,1979.97265625,1201.3128125000003,4.75275808738602
39060,3,2019,42581.0,40204.40625,40458.1325,2376.59375,2122.8675000000003,5.581347901646274
39150,1,2017,40779.5078125,37120.14453125,39243.5575,3659.36328125,1535.9503124999974,8.97353469314877
39150,2,2018,41473.09375,37467.73046875,39243.5575,4005.36328125,2229.5362499999974,9.65773931743397
39150,3,2019,42739.0,37963.15625,39243.5575,4775.84375,3495.4424999999974,11.174439621891013
39220,1,2017,37667.5,35589.30078125,36990.20125,2078.19921875,677.2987500000017,5.517220996216897
39220,2,2018,39357.02734375,35792.28125,36990.20125,3564.74609375,2366.8260937500017,9.057457674877194
39220,3,2019,40566.0,36205.69140625,36990.20125,4360.30859375,3575.7987500000017,10.74867769499088
39300,1,2017,52480.57421875,50035.2265625,51552.31625,2445.34765625,928.2579687499965,4.659529154649261
39300,2,2018,53012.69140625,50565.265625,51552.31625,2447.42578125,1460.3751562499965,4.61667898068925
39300,3,2019,55030.0,51105.05078125,51552.31625,3924.94921875,3477.6837499999965,7.132380917226968
39340,1,2017,39507.7890625,32489.03515625,38814.19458333333,7018.75390625,693.5944791666698,17.765494027384236
39340,2,2018,40468.01171875,32945.265625,38814.19458333333,7522.74609375,1653.8171354166698,18.58936422681842
39340,3,2019,43544.0,33637.72265625,38814.19458333333,9906.27734375,4729.80541666667,22.750039830401434
39380,1,2017,37731.13671875,36229.99609375,37623.05875,1501.140625,108.07796875000349,3.978519481640816
39380,2,2018,38708.35546875,36350.00390625,37623.05875,2358.3515625,1085.2967187500035,6.0926162683504925
39380,3,2019,39476.0,36550.87890625,37623.05875,2925.12109375,1852.9412500000035,7.409872058339244
39420,1,2017,38059.76171875,37157.984375,37183.04166666666,901.77734375,876.720052083343,2.3693720166034113
39420,2,2018,40530.12890625,37526.2734375,37183.04166666666,3003.85546875,3347.087239583343,7.4114135577959805
39420,3,2019,40481.0,38058.9140625,37183.04166666666,2422.0859375,3297.958333333343,5.983266069267064
39460,1,2017,42983.890625,38634.109375,42681.65708333333,4349.78125,302.2335416666683,10.119561507236178
39460,2,2018,43591.19921875,38823.5859375,42681.65708333333,4767.61328125,909.5421354166683,10.93710053106154
39460,3,2019,45775.0,39183.51953125,42681.65708333333,6591.48046875,3093.3429166666683,14.399738872200981
39500,1,2017,43831.0078125,41073.99609375,43294.27166666667,2757.01171875,536.7361458333326,6.290094287915822
39500,2,2018,44851.87890625,41496.7109375,43294.27166666667,3355.16796875,1557.6072395833326,7.480551652614191
39500,3,2019,45058.0,41964.03125,43294.27166666667,3093.96875,1763.7283333333326,6.866635780549514
39540,1,2017,48592.38671875,42934.31640625,47228.855416666665,5658.0703125,1363.5313020833346,11.643944030262587
39540,2,2018,49427.1875,43116.88671875,47228.855416666665,6310.30078125,2198.3320833333346,12.766861924421654
39540,3,2019,49877.0,43125.14453125,47228.855416666665,6751.85546875,2648.1445833333346,13.53701198698799
39580,1,2017,54515.94921875,48916.640625,54155.129166666666,5599.30859375,360.8200520833343,10.270954966375594
39580,2,2018,56704.09765625,49797.7734375,54155.129166666666,6906.32421875,2548.9684895833343,12.179585786934352
39580,3,2019,57764.0,50085.0859375,54155.129166666666,7678.9140625,3608.8708333333343,13.293598196973894
39660,1,2017,51017.9375,47175.7890625,50883.23458333333,3842.1484375,134.7029166666689,7.530975624994641
39660,2,2018,51564.640625,47947.5625,50883.23458333333,3617.078125,681.4060416666689,7.014648179757386
39660,3,2019,52952.0,48475.44140625,50883.23458333333,4476.55859375,2068.765416666669,8.453993416207132
39700,1,2017,27250.671875,25899.01171875,26572.557083333333,1351.66015625,678.1147916666669,4.960098460875105
39700,2,2018,28376.48828125,25714.685546875,26572.557083333333,2661.802734375,1803.9311979166669,9.38031058668316
39700,3,2019,29490.0,26074.837890625,26572.557083333333,3415.162109375,2917.442916666667,11.580746386486945
39740,1,2017,48267.9375,46597.25390625,47993.824583333335,1670.68359375,274.1129166666651,3.4612699035462207
39740,2,2018,49069.7578125,47097.99609375,47993.824583333335,1971.76171875,1075.9332291666651,4.01828296419208
39740,3,2019,49923.0,47777.19921875,47993.824583333335,2145.80078125,1929.1754166666651,4.298220822566753
39780,1,2017,39611.0703125,34389.5,38335.8225,5221.5703125,1275.247812499998,13.182098517676858
39780,2,2018,39460.89453125,34635.78515625,38335.8225,4825.109375,1125.072031249998,12.227572213749195
39780,3,2019,39991.0,35057.484375,38335.8225,4933.515625,1655.177499999998,12.336564789577654
39820,1,2017,44538.328125,40639.63671875,43984.66166666667,3898.69140625,553.6664583333331,8.753564784264114
39820,2,2018,44620.71875,40906.12890625,43984.66166666667,3714.58984375,636.0570833333331,8.324809523042477
39820,3,2019,45647.0,41287.421875,43984.66166666667,4359.578125,1662.3383333333331,9.550634488575371
39860,1,2017,51811.8515625,52573.5,51259.32666666667,761.6484375,552.5248958333323,1.470027444553362
39860,2,2018,52791.71484375,53075.41015625,51259.32666666667,283.6953125,1532.3881770833323,0.5373860526025073
39860,3,2019,53634.0,52516.0390625,51259.32666666667,1117.9609375,2374.6733333333323,2.0844258073237127
39900,1,2017,57028.08984375,46595.47265625,54212.66166666667,10432.6171875,2815.428177083333,18.29382189739144
39900,2,2018,60341.53515625,46446.25,54212.66166666667,13895.28515625,6128.873489583333,23.027728943702165
39900,3,2019,60970.0,46255.48046875,54212.66166666667,14714.51953125,6757.338333333333,24.134032362227327
39940,1,2017,23583.65625,24123.494140625,23975.07125,539.837890625,391.4150000000009,2.2890339178217967
39940,2,2018,24408.09765625,24435.853515625,23975.07125,27.755859375,433.0264062499991,0.11371578304011237
39940,3,2019,25395.0,25200.107421875,23975.07125,194.892578125,1419.9287499999991,0.7674446864540264
39980,1,2017,40407.06640625,36102.19140625,39907.31208333333,4304.875,499.7543229166695,10.65376772646415
39980,2,2018,41014.8515625,36315.78125,39907.31208333333,4699.0703125,1107.5394791666695,11.45699699861007
39980,3,2019,41637.0,36729.26171875,39907.31208333333,4907.73828125,1729.6879166666695,11.786964193505776
40060,1,2017,55943.11328125,52087.44921875,54980.82708333334,3855.6640625,962.2861979166628,6.892115644540418
40060,2,2018,55917.953125,52598.703125,54980.82708333334,3319.25,937.1260416666628,5.935929007594553
40060,3,2019,57756.0,52157.015625,54980.82708333334,5598.984375,2775.172916666663,9.694203848950758
40080,1,2017,35546.578125,34253.55859375,35762.84125,1293.01953125,216.26312499999767,3.63753587392598
40080,2,2018,35584.15234375,34520.84765625,35762.84125,1063.3046875,178.68890624999767,2.988141117507212
40080,3,2019,36699.0,35076.3515625,35762.84125,1622.6484375,936.1587500000023,4.421505865282433
40100,1,2017,26064.498046875,24933.984375,25646.71,1130.513671875,417.7880468750009,4.337369819445048
40100,2,2018,26825.587890625,24973.791015625,25646.71,1851.796875,1178.8778906250009,6.903098946238437
40100,3,2019,27494.0,25560.30859375,25646.71,1933.69140625,1847.2900000000009,7.033139616825489
40140,1,2017,39900.05078125,35762.30859375,39733.64916666667,4137.7421875,166.40161458333023,10.370267973303998
40140,2,2018,40413.0234375,35825.71484375,39733.64916666667,4587.30859375,679.3742708333302,11.3510650863438
40140,3,2019,42152.0,36130.73828125,39733.64916666667,6021.26171875,2418.3508333333302,14.284640630930918
40180,1,2017,44288.9921875,46207.80859375,43165.35625,1918.81640625,1123.635937500003,4.332490561371503
40180,2,2018,46010.7265625,46466.9921875,43165.35625,456.265625,2845.370312500003,0.9916505543119786
40180,3,2019,45965.0,46615.05859375,43165.35625,650.05859375,2799.643750000003,1.414246913412379
40220,1,2017,45713.02734375,43216.671875,45799.06625,2496.35546875,86.03890625000349,5.460927910063931
40220,2,2018,46108.484375,43738.140625,45799.06625,2370.34375,309.4181249999965,5.1407973654523325
40220,3,2019,46442.0,44133.03515625,45799.06625,2308.96484375,642.9337499999965,4.971717074523061
40260,1,2017,36467.765625,33455.7890625,35736.20583333333,3011.9765625,731.5597916666666,8.259284633646924
40260,2,2018,36466.015625,33688.99609375,35736.20583333333,2777.01953125,729.8097916666666,7.615363191327542
40260,3,2019,38163.0,34200.11328125,35736.20583333333,3962.88671875,2426.7941666666666,10.384106906558708
40300,1,2017,45043.26171875,41845.609375,44758.15416666667,3197.65234375,285.10755208333285,7.099069254167543
40300,2,2018,45660.421875,42302.0625,44758.15416666667,3358.359375,902.2677083333328,7.355077410791005
40300,3,2019,45490.0,42849.765625,44758.15416666667,2640.234375,731.8458333333328,5.803988513959111
40340,1,2017,53481.046875,49330.3828125,52661.415,4150.6640625,819.6318749999991,7.761000027170841
40340,2,2018,54511.65625,49802.14453125,52661.415,4709.51171875,1850.2412499999991,8.639458131947697
40340,3,2019,54836.0,50306.140625,52661.415,4529.859375,2174.584999999999,8.260739979210738
40380,1,2017,50281.40625,47539.26953125,48933.52208333334,2742.13671875,1347.884166666663,5.453580007520175
40380,2,2018,50198.0546875,48044.03515625,48933.52208333334,2154.01953125,1264.532604166663,4.291041843472831
40380,3,2019,51308.0,48607.99609375,48933.52208333334,2700.00390625,2374.477916666663,5.262344870682934
40420,1,2017,43267.65234375,40820.96484375,42338.59291666667,2446.6875,929.0594270833317,5.654772948071502
40420,2,2018,44036.203125,41071.1015625,42338.59291666667,2965.1015625,1697.6102083333317,6.733327017507257
40420,3,2019,43912.0,41469.40625,42338.59291666667,2442.59375,1573.4070833333317,5.56247438057934
40460,1,2017,35882.50390625,31738.833984375,35503.945,4143.669921875,378.5589062500003,11.54788398463257
40460,2,2018,35614.703125,31921.73828125,35503.945,3692.96484375,110.75812500000029,10.36921417199094
40460,3,2019,36659.0,32389.78515625,35503.945,4269.21484375,1155.0550000000003,11.645748230311792
40540,1,2017,53196.2421875,54649.8984375,50758.58083333333,1453.65625,2437.6613541666666,2.7326295810074694
40540,2,2018,55715.30859375,55759.71875,50758.58083333333,44.41015625,4956.727760416667,0.07970907345020399
40540,3,2019,55746.0,56299.89453125,50758.58083333333,553.89453125,4987.419166666667,0.9936040814587593
40580,1,2017,39197.9453125,36694.19140625,38746.00791666667,2503.75390625,451.9373958333308,6.38746211386638
40580,2,2018,39892.6640625,36873.40234375,38746.00791666667,3019.26171875,1146.6561458333308,7.5684635000051905
40580,3,2019,41415.0,37220.02734375,38746.00791666667,4194.97265625,2668.992083333331,10.129114224918508
40620,1,2017,38450.98046875,35892.64453125,38285.74791666667,2558.3359375,165.23255208333285,6.653499875196209
40620,2,2018,39302.03515625,36001.015625,38285.74791666667,3301.01953125,1016.2872395833328,8.399105843059774
40620,3,2019,39189.0,36293.37890625,38285.74791666667,2895.62109375,903.2520833333328,7.388861909591977
40660,1,2017,37735.3125,36164.90234375,37843.6,1570.41015625,108.28749999999854,4.161646087467806
40660,2,2018,38131.98828125,36300.30859375,37843.6,1831.6796875,288.38828125000146,4.803525255462907
40660,3,2019,38731.0,36595.4609375,37843.6,2135.5390625,887.4000000000015,5.5137720753401664
40700,1,2017,40221.37109375,36822.06640625,39766.677083333336,3399.3046875,454.69401041666424,8.45148883556637
40700,2,2018,41156.3984375,37055.265625,39766.677083333336,4101.1328125,1389.7213541666642,9.964751455907809
40700,3,2019,42286.0,37355.2109375,39766.677083333336,4930.7890625,2519.3229166666642,11.660571022324174
40740,1,2017,38827.58984375,37167.60546875,38035.375,1659.984375,792.21484375,4.27527019235577
40740,2,2018,39372.30078125,37415.79296875,38035.375,1956.5078125,1336.92578125,4.969249380091433
40740,3,2019,39886.0,37797.578125,38035.375,2088.421875,1850.625,5.235977222584365
40760,1,2017,40110.78515625,38199.203125,41479.86708333333,1911.58203125,1369.0819270833308,4.765755703368823
40760,2,2018,40353.9609375,38647.5625,41479.86708333333,1706.3984375,1125.9061458333308,4.228577313991211
40760,3,2019,41254.0,39218.40625,41479.86708333333,2035.59375,225.8670833333308,4.934294250254521
40780,1,2017,35305.5859375,32934.42578125,35026.638333333336,2371.16015625,278.94760416666395,6.716104812557326
40780,2,2018,35773.55859375,33105.9609375,35026.638333333336,2667.59765625,746.920260416664,7.456897667195056
40780,3,2019,35716.0,33437.68359375,35026.638333333336,2278.31640625,689.361666666664,6.378979746472169
40820,1,2017,38772.30078125,36924.109375,37841.46916666667,1848.19140625,930.8316145833305,4.766782906893603
40820,2,2018,38684.93359375,37241.02734375,37841.46916666667,1443.90625,843.4644270833305,3.732477002967584
40820,3,2019,38845.0,37647.12890625,37841.46916666667,1197.87109375,1003.5308333333305,3.0837201538164503
40860,1,2017,49552.17578125,47021.53125,50200.3025,2530.64453125,648.126718749998,5.107030097773362
40860,2,2018,49834.515625,47451.65625,50200.3025,2382.859375,365.78687499999796,4.781544166960085
40860,3,2019,51212.0,47704.34375,50200.3025,3507.65625,1011.697500000002,6.849285811919081
40900,1,2017,54375.109375,47574.3125,53956.96166666667,6800.796875,418.14770833333023,12.507187485542415
40900,2,2018,55136.90234375,47946.62890625,53956.96166666667,7190.2734375,1179.9406770833302,13.04076422841525
40900,3,2019,56664.0,47820.01171875,53956.96166666667,8843.98828125,2707.0383333333302,15.607772626800084
40940,1,2017,31130.509765625,28622.466796875,30154.48791666667,2508.04296875,976.0218489583312,8.056543203540588
40940,2,2018,31638.166015625,28820.916015625,30154.48791666667,2817.25,1483.6780989583312,8.90459326437777
40940,3,2019,32038.0,29332.857421875,30154.48791666667,2705.142578125,1883.5120833333312,8.443543848320745
40980,1,2017,38643.98046875,36078.640625,38687.41,2565.33984375,43.42953125000349,6.638394421673249
40980,2,2018,40242.96484375,36314.25,38687.41,3928.71484375,1555.5548437499965,9.762488571614663
40980,3,2019,40848.0,36674.6171875,38687.41,4173.3828125,2160.5899999999965,10.216859607569525
41060,1,2017,46396.3515625,43016.78515625,45300.45125,3379.56640625,1095.9003125000017,7.284121040632741
41060,2,2018,46899.71875,43527.65234375,45300.45125,3372.06640625,1599.2675000000017,7.189950166278983
41060,3,2019,47841.0,44103.3125,45300.45125,3737.6875,2540.5487500000017,7.812728621893355
41100,1,2017,39003.8984375,32019.107421875,37311.957083333335,6984.791015625,1691.9413541666654,17.90793047730205
41100,2,2018,40863.12109375,32371.064453125,37311.957083333335,8492.056640625,3551.1640104166654,20.781713225336222
41100,3,2019,42384.0,33021.55859375,37311.957083333335,9362.44140625,5072.042916666665,22.089565416784634
41140,1,2017,39193.76953125,38033.484375,38825.91416666667,1160.28515625,367.8553645833308,2.960381637507157
41140,2,2018,38790.83984375,38288.9921875,38825.91416666667,501.84765625,35.07432291666919,1.2937272259931696
41140,3,2019,40530.0,38687.59375,38825.91416666667,1842.40625,1704.0858333333308,4.545783987169997
41180,1,2017,53885.828125,51556.44921875,54068.83041666666,2329.37890625,183.00229166665667,4.322804320361366
41180,2,2018,55633.84375,52093.8125,54068.83041666666,3540.03125,1565.0133333333433,6.363089463866138
41180,3,2019,56750.0,52054.8359375,54068.83041666666,4695.1640625,2681.1695833333433,8.273416850220263
41260,1,2017,45484.5546875,43230.79296875,45335.61,2253.76171875,148.94468749999942,4.95500447181332
41260,2,2018,46774.46484375,43821.58984375,45335.61,2952.875,1438.8548437499994,6.313006487330368
41260,3,2019,46346.0,44448.6015625,45335.61,1897.3984375,1010.3899999999994,4.093985322357916
41400,1,2017,37740.52734375,35111.87890625,37146.8175,2628.6484375,593.7098437500026,6.965054869418289
41400,2,2018,38355.0,35272.34375,37146.8175,3082.65625,1208.1825000000026,8.037169208708121
41400,3,2019,39162.0,35685.69921875,37146.8175,3476.30078125,2015.1825000000026,8.876719220800776
41420,1,2017,41920.8203125,37020.6015625,41246.54083333333,4900.21875,674.2794791666674,11.68922438413937
41420,2,2018,42807.09375,37208.73046875,41246.54083333333,5598.36328125,1560.5529166666674,13.078120448786597
41420,3,2019,44279.0,37600.7265625,41246.54083333333,6678.2734375,3032.4591666666674,15.082258943291402
41460,1,2017,47900.71484375,45282.91015625,46777.11875,2617.8046875,1123.5960937499985,5.465063926580558
41460,2,2018,48390.5390625,45723.11328125,46777.11875,2667.42578125,1613.4203124999985,5.512287800317372
41460,3,2019,49725.0,46098.87890625,46777.11875,3626.12109375,2947.8812499999985,7.292350113122172
41500,1,2017,54116.38671875,47702.7890625,54175.372083333335,6413.59765625,58.98536458333547,11.85148906851877
41500,2,2018,53319.203125,48189.44921875,54175.372083333335,5129.75390625,856.1689583333355,9.620837532443899
41500,3,2019,55690.0,48595.5234375,54175.372083333335,7094.4765625,1514.6279166666645,12.739228878613753
41540,1,2017,48620.5546875,44771.6875,48052.4225,3848.8671875,568.1321874999994,7.916131792896876
41540,2,2018,49061.609375,45287.54296875,48052.4225,3774.06640625,1009.1868749999994,7.692504290682983
41540,3,2019,49861.0,45630.51171875,48052.4225,4230.48828125,1808.5774999999994,8.484563649445459
41620,1,2017,49533.3984375,45650.5390625,48699.13041666667,3882.859375,834.2680208333331,7.838871342331366
41620,2,2018,50902.73046875,46251.58203125,48699.13041666667,4651.1484375,2203.600052083333,9.137326022924084
41620,3,2019,52179.0,46464.03125,48699.13041666667,5714.96875,3479.869583333333,10.952622223499874
41660,1,2017,46335.84375,44601.5078125,44588.752916666665,1734.3359375,1747.0908333333355,3.7429682879142563
41660,2,2018,49455.69921875,45309.671875,44588.752916666665,4146.02734375,4866.9463020833355,8.383315592024081
41660,3,2019,51908.0,45868.7890625,44588.752916666665,6039.2109375,7319.2470833333355,11.63445121657548
41700,1,2017,47476.11328125,43989.4296875,46522.48416666667,3486.68359375,953.6291145833311,7.344079691390861
41700,2,2018,48717.41796875,44172.90625,46522.48416666667,4544.51171875,2194.933802083331,9.328309890448416
41700,3,2019,48271.0,44252.671875,46522.48416666667,4018.328125,1748.515833333331,8.324518085392887
41740,1,2017,59441.12109375,51755.59375,58685.28083333333,7685.52734375,755.8402604166695,12.929647359154709
41740,2,2018,60103.24609375,52195.546875,58685.28083333333,7907.69921875,1417.9652604166695,13.156858793309508
41740,3,2019,62058.0,51656.296875,58685.28083333333,10401.703125,3372.7191666666695,16.76126063521222
41760,1,2017,39455.625,37957.51171875,39296.82833333333,1498.11328125,158.7966666666689,3.7969574205198877
41760,2,2018,40473.10546875,38116.71875,39296.82833333333,2356.38671875,1176.277135416669,5.822105053365396
41760,3,2019,43316.0,38365.66015625,39296.82833333333,4950.33984375,4019.171666666669,11.428432550904978
41780,1,2017,59064.5078125,60501.30859375,62179.8475,1436.80078125,3115.3396875000035,2.4325958760396635
41780,2,2018,58365.99609375,62481.4609375,62179.8475,4115.46484375,3813.8514062500035,7.051134426181233
41780,3,2019,53930.0,63650.3984375,62179.8475,9720.3984375,8249.847500000003,18.024102424439086
41820,1,2017,39641.32421875,36768.7578125,39675.05125,2872.56640625,33.7270312499968,7.246393663336052
41820,2,2018,40694.078125,37023.57421875,39675.05125,3670.50390625,1019.0268750000032,9.019749495185302
41820,3,2019,42020.0,37284.69140625,39675.05125,4735.30859375,2344.948750000003,11.269177995597335
41860,1,2017,93429.0859375,70504.2578125,89288.30916666667,22924.828125,4140.776770833327,24.537142684169805
41860,2,2018,97728.109375,71753.4921875,89288.30916666667,25974.6171875,8439.800208333327,26.578450512974534
41860,3,2019,99886.0,71986.328125,89288.30916666667,27899.671875,10597.690833333327,27.931513800732837
41940,1,2017,100319.734375,68430.3125,94595.14958333332,31889.421875,5724.584791666683,31.787785398031264
41940,2,2018,106739.21875,71532.65625,94595.14958333332,35206.5625,12144.069166666683,32.98371761785075
41940,3,2019,110733.0,72826.5234375,94595.14958333332,37906.4765625,16137.850416666683,34.232321496301914
42020,1,2017,55952.5,46862.85546875,54468.36166666666,9089.64453125,1484.1383333333433,16.245287576515793
42020,2,2018,56498.3984375,47413.0390625,54468.36166666666,9085.359375,2030.0367708333433,16.08073790808506
42020,3,2019,59023.0,47606.0625,54468.36166666666,11416.9375,4554.638333333343,19.3432009555597
42100,1,2017,64802.37109375,55048.125,62374.81875,9754.24609375,2427.5523437500015,15.052298132175551
42100,2,2018,66094.015625,55954.87109375,62374.81875,10139.14453125,3719.1968750000015,15.340487993310663
42100,3,2019,69475.0,55616.7265625,62374.81875,13858.2734375,7100.1812500000015,19.947137009715725
42140,1,2017,56410.484375,51484.25,57070.10916666667,4926.234375,659.6247916666689,8.732834737336892
42140,2,2018,58210.19140625,51884.88671875,57070.10916666667,6325.3046875,1140.082239583331,10.866318310750058
42140,3,2019,60853.0,51975.16015625,57070.10916666667,8877.83984375,3782.890833333331,14.588992890654529
42200,1,2017,59495.37109375,48922.18359375,58476.45916666667,10573.1875,1018.9119270833326,17.77144558580746
42200,2,2018,60763.1171875,49463.65625,58476.45916666667,11299.4609375,2286.6580208333326,18.59592045390405
42200,3,2019,62413.0,49817.3515625,58476.45916666667,12595.6484375,3936.5408333333326,20.181129632448368
42220,1,2017,60384.21484375,49226.96875,59164.71833333333,11157.24609375,1219.4965104166695,18.47709061485763
42220,2,2018,62215.2421875,49146.1875,59164.71833333333,13069.0546875,3050.5238541666695,21.006194347220227
42220,3,2019,65926.0,48937.80859375,59164.71833333333,16988.19140625,6761.2816666666695,25.76857598860844
42300,1,2017,33743.84375,34415.2421875,33468.99916666667,671.3984375,274.8445833333317,1.9896916381969676
42300,2,2018,34193.12890625,34414.19140625,33468.99916666667,221.0625,724.1297395833317,0.6465114690325782
42300,3,2019,34978.0,34656.78125,33468.99916666667,321.21875,1509.0008333333317,0.9183451026359426
42340,1,2017,45933.15234375,43431.13671875,45049.01291666667,2502.015625,884.1394270833334,5.4470801530791135
42340,2,2018,46549.41796875,43874.125,45049.01291666667,2675.29296875,1500.4050520833334,5.7472103529758485
42340,3,2019,46457.0,43961.4609375,45049.01291666667,2495.5390625,1407.9870833333334,5.371718067244979
42380,1,2017,40474.87890625,41983.41015625,39336.24875,1508.53125,1138.6301562500012,3.7270803292435732
42380,2,2018,40950.6953125,42524.6875,39336.24875,1573.9921875,1614.4465625000012,3.84362750250921
42380,3,2019,42970.0,43367.46875,39336.24875,397.46875,3633.751250000001,0.9249912729811497
42420,1,2017,44283.77734375,43809.60546875,46167.70041666667,474.171875,1883.9230729166666,1.0707575176328592
42420,2,2018,44720.515625,44949.07421875,46167.70041666667,228.55859375,1447.1847916666666,0.5110821969642708
42420,3,2019,46319.0,46207.125,46167.70041666667,111.875,151.29958333333343,0.24153155292644485
42460,1,2017,36216.34375,35386.1484375,36153.84916666667,830.1953125,62.49458333333314,2.2923222681748485
42460,2,2018,36615.7109375,35516.80859375,36153.84916666667,1098.90234375,461.86177083333314,3.0011771330228596
42460,3,2019,36957.0,35874.90625,36153.84916666667,1082.09375,803.1508333333331,2.927980490840707
42540,1,2017,43987.4921875,42134.6640625,44122.10041666667,1852.828125,134.60822916666802,4.212170398580989
42540,2,2018,44803.0,42564.07421875,44122.10041666667,2238.92578125,680.899583333332,4.997267551838046
42540,3,2019,45401.0,42931.13671875,44122.10041666667,2469.86328125,1278.899583333332,5.4401076655800535
42620,1,2017,36432.29296875,35461.85546875,36011.083333333336,970.4375,421.20963541666424,2.6636739576957127
42620,2,2018,37124.87109375,35665.57421875,36011.083333333336,1459.296875,1113.7877604166642,3.930779641806416
42620,3,2019,37040.0,36050.18359375,36011.083333333336,989.81640625,1028.9166666666642,2.6722905136339095
42660,1,2017,71021.171875,59486.57421875,68857.87916666667,11534.59765625,2163.2927083333343,16.241069179415028
42660,2,2018,73494.1484375,60444.5859375,68857.87916666667,13049.5625,4636.269270833334,17.75592040650345
42660,3,2019,76784.0,60377.98046875,68857.87916666667,16406.01953125,7926.120833333334,21.36645594296989
42680,1,2017,77235.796875,66672.9375,74832.73583333334,10562.859375,2403.0610416666605,13.676118849521485
42680,2,2018,81474.71875,69375.28125,74832.73583333334,12099.4375,6641.9829166666605,14.850542211905458
42680,3,2019,83867.0,69253.1484375,74832.73583333334,14613.8515625,9034.26416666666,17.425031970262438
42700,1,2017,35205.43359375,32768.3046875,34743.2375,2437.12890625,462.1960937499971,6.922593070072745
42700,2,2018,34748.11328125,32835.3828125,34743.2375,1912.73046875,4.87578124999709,5.504559206620593
42700,3,2019,36015.0,33277.3359375,34743.2375,2737.6640625,1271.762499999997,7.601455122865473
42740,1,2017,37371.21875,35738.59375,37626.255,1632.625,255.03624999999738,4.368669405516779
42740,2,2018,37121.81640625,35987.47265625,37626.255,1134.34375,504.4385937499974,3.0557334199008017
42740,3,2019,37544.0,36398.5234375,37626.255,1145.4765625,82.25499999999738,3.051024298156829
42780,1,2017,41730.94921875,40481.53125,40826.76666666667,1249.41796875,904.1825520833299,2.9939840625255365
42780,2,2018,42496.50390625,40768.234375,40826.76666666667,1728.26953125,1669.73723958333,4.066851087474567
42780,3,2019,42987.0,40885.75,40826.76666666667,2101.25,2160.23333333333,4.888105706376346
42820,1,2017,33996.3125,34957.94921875,34054.97833333333,961.63671875,58.66583333333256,2.8286500741808394
42820,2,2018,33997.609375,35248.3828125,34054.97833333333,1250.7734375,57.36895833333256,3.679004084386448
42820,3,2019,35142.0,35768.953125,34054.97833333333,626.953125,1087.0216666666674,1.784056470889534
42860,1,2017,44122.07421875,39557.04296875,42952.27291666667,4565.03125,1169.8013020833314,10.346365919624096
42860,2,2018,45116.640625,40034.22265625,42952.27291666667,5082.41796875,2164.3677083333314,11.265062953144021
42860,3,2019,46073.0,40706.9296875,42952.27291666667,5366.0703125,3120.7270833333314,11.646887141058755
42900,1,2017,39493.18359375,38128.45703125,37730.66583333333,1364.7265625,1762.5177604166674,3.4556002791225344
42900,2,2018,39113.6484375,38397.70703125,37730.66583333333,715.94140625,1382.9826041666674,1.8304132568814395
42900,3,2019,40465.0,38758.5859375,37730.66583333333,1706.4140625,2734.3341666666674,4.217012387248239
42940,1,2017,40046.10546875,36694.33203125,39427.87458333333,3351.7734375,618.2308854166695,8.369786270766225
42940,2,2018,40933.3828125,36906.3828125,39427.87458333333,4027.0,1505.5082291666695,9.837935990890687
42940,3,2019,42738.0,37178.3984375,39427.87458333333,5559.6015625,3310.1254166666695,13.008567463381535
42980,1,2017,40558.33984375,39610.1875,40817.17791666667,948.15234375,258.83807291666744,2.3377493935963196
42980,2,2018,42129.91015625,40025.1953125,40817.17791666667,2104.71484375,1312.7322395833326,4.995773396962168
42980,3,2019,42012.0,40510.953125,40817.17791666667,1501.046875,1194.8220833333326,3.572900302294583
43020,1,2017,41552.5546875,38071.95703125,40420.84291666667,3480.59765625,1131.7117708333317,8.376374647542542
43020,2,2018,41794.8828125,38500.97265625,40420.84291666667,3293.91015625,1374.0398958333317,7.8811326521170635
43020,3,2019,42979.0,39218.171875,40420.84291666667,3760.828125,2558.1570833333317,8.750385362618953
43060,1,2017,37761.390625,38979.86328125,37387.60166666667,1218.47265625,373.7889583333308,3.2267684957643166
43060,2,2018,37714.4765625,39218.50390625,37387.60166666667,1504.02734375,326.8748958333308,3.987931109841981
43060,3,2019,40176.0,39468.421875,37387.60166666667,707.578125,2788.398333333331,1.7611960498805257
43100,1,2017,51016.8984375,47742.375,49496.06208333333,3274.5234375,1520.8363541666695,6.418507470640472
43100,2,2018,52075.8359375,48327.5,49496.06208333333,3748.3359375,2579.7738541666695,7.197841129230554
43100,3,2019,51940.0,48843.62890625,49496.06208333333,3096.37109375,2443.9379166666695,5.961438378417404
43140,1,2017,37042.59375,33591.375,36128.27916666667,3451.21875,914.3145833333328,9.31689279992711
43140,2,2018,37172.73046875,33854.73046875,36128.27916666667,3318.0,1044.4513020833328,8.925897985323793
43140,3,2019,38242.0,34301.66796875,36128.27916666667,3940.33203125,2113.720833333333,10.303676667669055
43180,1,2017,37656.0234375,35507.72265625,37228.85458333333,2148.30078125,427.16885416667355,5.7050654454145056
43180,2,2018,37931.37890625,35648.24609375,37228.85458333333,2283.1328125,702.5243229166736,6.019113668772546
43180,3,2019,38968.0,35926.62890625,37228.85458333333,3041.37109375,1739.1454166666736,7.804791351236913
43220,1,2017,42536.3359375,39316.13671875,41891.11791666667,3220.19921875,645.2180208333302,7.570466867389664
43220,2,2018,42695.078125,39616.4375,41891.11791666667,3078.640625,803.9602083333302,7.210762364660739
43220,3,2019,44755.0,40018.7109375,41891.11791666667,4736.2890625,2863.8820833333302,10.58270374818456
43260,1,2017,56491.859375,57363.625,55086.30333333334,871.765625,1405.556041666663,1.5431703517016695
43260,2,2018,58123.6328125,57420.29296875,55086.30333333334,703.33984375,3037.329479166663,1.2100755058082684
43260,3,2019,58244.0,56893.07421875,55086.30333333334,1350.92578125,3157.696666666663,2.3194248012670835
43300,1,2017,43287.4765625,38701.75,43388.028333333335,4585.7265625,100.55177083333547,10.593656472164565
43300,2,2018,44171.640625,39003.73046875,43388.028333333335,5167.91015625,783.6122916666645,11.699611069743915
43300,3,2019,45459.0,39432.05859375,43388.028333333335,6026.94140625,2070.9716666666645,13.257971812512373
43320,1,2017,32491.947265625,30521.46875,31516.090416666662,1970.478515625,975.8568489583377,6.064513460877356
43320,2,2018,33382.546875,30545.833984375,31516.090416666662,2836.712890625,1866.4564583333377,8.49759277279529
43320,3,2019,33464.0,30846.01953125,31516.090416666662,2617.98046875,1947.9095833333377,7.823274171497729
43340,1,2017,45124.6328125,45408.8125,45169.405,284.1796875,44.772187499998836,0.6297662048150322
43340,2,2018,46948.59765625,45901.6328125,45169.405,1046.96484375,1779.1926562500012,2.2300236769918165
43340,3,2019,47074.0,46342.94140625,45169.405,731.05859375,1904.5950000000012,1.5529986696477887
43380,1,2017,45299.8984375,39713.7421875,44773.07,5586.15625,526.8284375000003,12.331498397744062
43380,2,2018,45453.703125,40087.9921875,44773.07,5365.7109375,680.6331250000003,11.80478281988163
43380,3,2019,45188.0,40535.453125,44773.07,4652.546875,414.9300000000003,10.29597874435691
43420,1,2017,40596.9375,39173.06640625,39613.25708333333,1423.87109375,983.6804166666698,3.507336221482224
43420,2,2018,40349.88671875,39389.1796875,39613.25708333333,960.70703125,736.6296354166698,2.380941086517533
43420,3,2019,41289.0,39747.74609375,39613.25708333333,1541.25390625,1675.7429166666698,3.732843871854489
43460,1,2017,40355.94921875,40066.38671875,40290.86208333333,289.5625,65.08713541666657,0.7175212220394628
43460,2,2018,40541.33203125,40354.0234375,40290.86208333333,187.30859375,250.46994791666657,0.4620188443873011
43460,3,2019,41007.0,40623.8359375,40290.86208333333,383.1640625,716.1379166666666,0.9343869644207087
43500,1,2017,38380.0390625,36320.62890625,38487.11166666666,2059.41015625,107.07260416665667,5.365836530015907
43500,2,2018,39909.97265625,36749.58984375,38487.11166666666,3160.3828125,1422.8609895833433,7.918779698800611
43500,3,2019,41295.0,37367.26953125,38487.11166666666,3927.73046875,2807.8883333333433,9.511394766315535
43580,1,2017,47799.51953125,45996.44921875,48218.6275,1803.0703125,419.1079687500023,3.7721515408145527
43580,2,2018,49241.8515625,46607.6171875,48218.6275,2634.234375,1023.2240624999977,5.3495843300216075
43580,3,2019,51143.0,47182.75390625,48218.6275,3960.24609375,2924.3724999999977,7.743476318851064
43620,1,2017,58851.68359375,52909.25,58670.365,5942.43359375,181.31859375000204,10.097304326534308
43620,2,2018,59536.04296875,53679.57421875,58670.365,5856.46875,865.677968750002,9.836845813004427
43620,3,2019,62662.0,53687.85546875,58670.365,8974.14453125,3991.635000000002,14.321509896348664
43660,1,2017,41789.37109375,50042.93359375,39487.53791666667,8253.5625,2301.833177083332,19.7503869619957
43660,2,2018,42997.51953125,50576.625,39487.53791666667,7579.10546875,3509.981614583332,17.626843481614355
43660,3,2019,44236.0,50643.76953125,39487.53791666667,6407.76953125,4748.462083333332,14.485418055995117
43700,1,2017,36733.79296875,33360.86328125,36729.17416666666,3372.9296875,4.618802083343326,9.182089337655393
43700,2,2018,37550.52734375,33442.62890625,36729.17416666666,4107.8984375,821.3531770833433,10.939655786708222
43700,3,2019,38619.0,33757.63671875,36729.17416666666,4861.36328125,1889.8258333333433,12.58800922149719
43740,1,2017,40207.80859375,39376.51953125,39375.66916666667,831.2890625,832.1394270833334,2.0674816449191353
43740,2,2018,40770.453125,39705.6875,39375.66916666667,1064.765625,1394.7839583333334,2.6116109667348715
43740,3,2019,41606.0,40130.47265625,39375.66916666667,1475.52734375,2230.3308333333334,3.5464292259529877
43760,1,2017,44933.71875,42458.2265625,45052.20916666667,2475.4921875,118.49041666666744,5.509208354805932
43760,2,2018,44498.51953125,42795.0703125,45052.20916666667,1703.44921875,553.6896354166674,3.8281031294843815
43760,3,2019,45744.0,42945.46875,45052.20916666667,2798.53125,691.7908333333326,6.117810532528856
43780,1,2017,46509.0234375,42330.625,45508.2075,4178.3984375,1000.8159375000032,8.984059712874938
43780,2,2018,47388.51171875,42669.0,45508.2075,4719.51171875,1880.3042187500032,9.95918957480712
43780,3,2019,46942.0,43087.3671875,45508.2075,3854.6328125,1433.7925000000032,8.211479724979762
43900,1,2017,42892.08203125,39854.28515625,43217.56166666667,3037.796875,325.4796354166683,7.0824187848627735
43900,2,2018,42708.31640625,40180.45703125,43217.56166666667,2527.859375,509.2452604166683,5.91889258980499
43900,3,2019,44458.0,40576.0546875,43217.56166666667,3881.9453125,1240.4383333333317,8.731713780421972
43940,1,2017,50575.6015625,44734.8046875,49484.3425,5840.796875,1091.2590625000012,11.54864538345055
43940,2,2018,51810.0546875,45463.21875,49484.3425,6346.8359375,2325.712187500001,12.250201193150401
43940,3,2019,53561.0,46154.4375,49484.3425,7406.5625,4076.657500000001,13.828275237579582
43980,1,2017,47444.81640625,50230.46484375,47555.93833333333,2785.6484375,111.12192708333168,5.871344118286104
43980,2,2018,48970.98046875,51132.9375,47555.93833333333,2161.95703125,1415.0421354166683,4.4147717904680635
43980,3,2019,49052.0,51371.0390625,47555.93833333333,2319.0390625,1496.0616666666683,4.727715613022915
44020,1,2017,57643.60546875,55240.265625,57500.5375,2403.33984375,143.06796875000146,4.169308675622154
44020,2,2018,58914.8671875,55595.1484375,57500.5375,3319.71875,1414.3296875000015,5.6347725259819414
44020,3,2019,59507.0,54646.4765625,57500.5375,4860.5234375,2006.4625000000015,8.167986014250424
44060,1,2017,43530.55078125,40506.20703125,42944.815,3024.34375,585.7357812499977,6.94763492701471
44060,2,2018,44368.17578125,40737.87109375,42944.815,3630.3046875,1423.3607812499977,8.18222661530783
44060,3,2019,45179.0,41016.5,42944.815,4162.5,2234.1849999999977,9.213351335797606
44100,1,2017,47140.1875,49018.546875,46974.22083333333,1878.359375,165.96666666666715,3.984624318687744
44100,2,2018,47730.66796875,49424.66015625,46974.22083333333,1693.9921875,756.4471354166672,3.5490644895417818
44100,3,2019,48731.0,49567.4375,46974.22083333333,836.4375,1756.7791666666672,1.7164382015554782
44140,1,2017,51382.03125,47033.1328125,51093.121666666666,4348.8984375,288.909583333334,8.46385075035351
44140,2,2018,52207.19921875,47706.80859375,51093.121666666666,4500.390625,1114.077552083334,8.620249108064971
44140,3,2019,53506.0,48310.44921875,51093.121666666666,5195.55078125,2412.878333333334,9.710220874761708
44180,1,2017,41139.4296875,38422.29296875,40399.53458333333,2717.13671875,739.8951041666733,6.604701959627768
44180,2,2018,41582.0546875,38630.7734375,40399.53458333333,2951.28125,1182.5201041666733,7.097487779715671
44180,3,2019,42575.0,38830.30859375,40399.53458333333,3744.69140625,2175.4654166666733,8.795517102172637
44220,1,2017,40109.7421875,38903.81640625,39639.8925,1205.92578125,469.84968749999825,3.0065657754983546
44220,2,2018,40062.72265625,39159.98828125,39639.8925,902.734375,422.83015624999825,2.2533026093751234
44220,3,2019,40890.0,39573.33984375,39639.8925,1316.66015625,1250.1074999999983,3.220005273294204
44260,1,2017,33985.87890625,38103.76171875,34175.370416666665,4117.8828125,189.49151041666482,12.116452317914666
44260,2,2018,34307.1796875,38552.00390625,34175.370416666665,4244.82421875,131.80927083333518,12.372990894079889
44260,3,2019,34782.0,39160.87109375,34175.370416666665,4378.87109375,606.6295833333352,12.58947471033868
44300,1,2017,46917.9765625,45197.17578125,45775.62708333333,1720.80078125,1142.3494791666672,3.6676790162885666
44300,2,2018,47070.796875,45803.89453125,45775.62708333333,1266.90234375,1295.1697916666672,2.6914826768587607
44300,3,2019,48182.0,46583.296875,45775.62708333333,1598.703125,2406.372916666667,3.318050568677099
44340,1,2017,32383.451171875,30580.330078125,32188.36833333333,1803.12109375,195.08283854167166,5.56803252432838
44340,2,2018,32609.642578125,30345.447265625,32188.36833333333,2264.1953125,421.27424479167166,6.943330663853561
44340,3,2019,32764.0,30570.27734375,32188.36833333333,2193.72265625,575.6316666666717,6.695527579813209
44420,1,2017,43205.05859375,40177.1796875,42782.871666666666,3027.87890625,422.186927083334,7.008158314795134
44420,2,2018,43356.984375,40468.48046875,42782.871666666666,2888.50390625,574.112708333334,6.662142092879356
44420,3,2019,44722.0,40769.2890625,42782.871666666666,3952.7109375,1939.128333333334,8.838403777782746
44460,1,2017,82156.7890625,65554.6796875,74475.82125,16602.109375,7680.967812500006,20.207836217126378
44460,2,2018,81332.1484375,68255.75,74475.82125,13076.3984375,6856.327187500006,16.07777328979402
44460,3,2019,85668.0,69478.65625,74475.82125,16189.34375,11192.178750000006,18.897772505486294
44500,1,2017,39123.875,34925.53515625,37592.16166666667,4198.33984375,1531.7133333333331,10.730889626219284
44500,2,2018,40365.1640625,35349.3203125,37592.16166666667,5015.84375,2773.002395833333,12.426169610592055
44500,3,2019,41870.0,36041.9296875,37592.16166666667,5828.0703125,4277.838333333333,13.919441873656558
44540,1,2017,46676.98828125,42436.234375,51743.02583333333,4240.75390625,5066.037552083333,9.085320331075211
44540,2,2018,45171.62890625,44259.484375,51743.02583333333,912.14453125,6571.396927083333,2.0192863382081727
44540,3,2019,42694.0,45842.875,51743.02583333333,3148.875,9049.025833333333,7.37545088302806
44580,1,2017,43000.58203125,45247.125,42617.732083333336,2246.54296875,382.84994791666395,5.224447815886213
44580,2,2018,43111.5703125,45767.22265625,42617.732083333336,2655.65234375,493.83822916666395,6.159952709910931
44580,3,2019,43511.0,46420.59375,42617.732083333336,2909.59375,893.267916666664,6.687030291190734
44620,1,2017,45943.58203125,40806.390625,44924.35916666667,5137.19140625,1019.2228645833311,11.181521290080896
44620,2,2018,46438.41796875,41062.125,44924.35916666667,5376.29296875,1514.058802083331,11.577252636745488
44620,3,2019,47727.0,41391.55859375,44924.35916666667,6335.44140625,2802.640833333331,13.274334037861168
44660,1,2017,36559.5703125,34478.37890625,36550.184166666666,2081.19140625,9.386145833334012,5.692603574004327
44660,2,2018,37335.6640625,34744.76171875,36550.184166666666,2590.90234375,785.479895833334,6.939483758512564
44660,3,2019,38475.0,35220.453125,36550.184166666666,3254.546875,1924.815833333334,8.458861273554257
44700,1,2017,42632.31640625,37821.41796875,42352.443333333336,4810.8984375,279.87307291666366,11.284628289150882
44700,2,2018,43076.9453125,38146.21875,42352.443333333336,4930.7265625,724.5019791666637,11.446323611691216
44700,3,2019,45284.0,38620.84765625,42352.443333333336,6663.15234375,2931.5566666666637,14.714142619357832
44740,1,2017,41863.44140625,44191.8984375,40401.66541666667,2328.45703125,1461.7759895833296,5.562029668450461
44740,2,2018,43767.3671875,44918.359375,40401.66541666667,1150.9921875,3365.7017708333296,2.6297953508812486
44740,3,2019,41905.0,45645.328125,40401.66541666667,3740.328125,1503.3345833333296,8.92573231118005
44780,1,2017,38597.03515625,35774.96875,37379.07833333333,2822.06640625,1217.956822916669,7.311614466825243
44780,2,2018,38358.0546875,35900.8125,37379.07833333333,2457.2421875,978.9763541666689,6.406065707760614
44780,3,2019,38401.0,36302.19140625,37379.07833333333,2098.80859375,1021.9216666666689,5.465505048696649
44860,1,2017,40006.4609375,35736.390625,38980.39958333333,4270.0703125,1026.061354166668,10.67345176863034
44860,2,2018,41123.80859375,36088.41796875,38980.39958333333,5035.390625,2143.409010416668,12.244465668885734
44860,3,2019,42825.0,36680.17578125,38980.39958333333,6144.82421875,3844.600416666668,14.348684690601285
44900,1,2017,30773.71875,28341.3046875,29857.236666666668,2432.4140625,916.4820833333324,7.904192802502948
44900,2,2018,30702.330078125,28029.568359375,29857.236666666668,2672.76171875,845.0934114583324,8.705403505039857
44900,3,2019,31049.0,28214.80859375,29857.236666666668,2834.19140625,1191.7633333333324,9.128124597410544
44940,1,2017,38115.0546875,35208.72265625,37596.42333333333,2906.33203125,518.6313541666677,7.625155086562539
44940,2,2018,38647.2578125,35322.48046875,37596.42333333333,3324.77734375,1050.8344791666677,8.60288033857512
44940,3,2019,39061.0,35675.5390625,37596.42333333333,3385.4609375,1464.5766666666677,8.667112817132178
44980,1,2017,40234.93359375,39121.5859375,39513.10791666667,1113.34765625,721.8256770833323,2.767116922551464
44980,2,2018,40951.71484375,39369.58984375,39513.10791666667,1582.125,1438.6069270833323,3.8633913281447407
44980,3,2019,41889.0,39789.546875,39513.10791666667,2099.453125,2375.8920833333323,5.011943768053666
45000,1,2017,33643.6953125,30876.88671875,34521.630833333336,2766.80859375,877.9355208333363,8.223854627294815
45000,2,2018,33329.59375,30999.533203125,34521.630833333336,2330.060546875,1192.0370833333363,6.99096593961635
45000,3,2019,32815.0,31499.3828125,34521.630833333336,1315.6171875,1706.6308333333363,4.009194537559043
45020,1,2017,42997.453125,36695.12890625,40395.27291666667,6302.32421875,2602.1802083333314,14.65743610540886
45020,2,2018,44604.42578125,37154.08984375,40395.27291666667,7450.3359375,4209.152864583331,16.703131599626683
45020,3,2019,45549.0,37784.73828125,40395.27291666667,7764.26171875,5153.727083333331,17.04595428823904
45060,1,2017,48568.39453125,45477.58203125,47161.73416666667,3090.8125,1406.660364583331,6.363835020347032
45060,2,2018,48913.953125,45873.3046875,47161.73416666667,3040.6484375,1752.218958333331,6.216321199248808
45060,3,2019,50089.0,46376.14453125,47161.73416666667,3712.85546875,2927.265833333331,7.412516657849029
45140,1,2017,33495.55078125,33919.07421875,32822.29125,423.5234375,673.259531249998,1.2644169975466657
45140,2,2018,34150.359375,33891.6015625,32822.29125,258.7578125,1328.068124999998,0.7577015798241508
45140,3,2019,35440.0,34171.61328125,32822.29125,1268.38671875,2617.708749999998,3.5789692966986455
45180,1,2017,33878.42578125,33695.6640625,34099.72583333333,182.76171875,221.30005208333023,0.539463432953102
45180,2,2018,34078.05859375,33631.54296875,34099.72583333333,446.515625,21.66723958333023,1.3102730713711845
45180,3,2019,35123.0,33823.62109375,34099.72583333333,1299.37890625,1023.2741666666698,3.699510025481878
45220,1,2017,42396.54296875,40162.98046875,41749.4175,2233.5625,647.1254687499968,5.268265626389239
45220,2,2018,43391.609375,40491.09765625,41749.4175,2900.51171875,1642.1918749999968,6.684499055296909
45220,3,2019,44630.0,40816.57421875,41749.4175,3813.42578125,2880.582499999997,8.544534575957876
45300,1,2017,47675.375,45133.8125,46692.950833333336,2541.5625,982.424166666664,5.330975372506247
45300,2,2018,48479.1328125,45395.234375,46692.950833333336,3083.8984375,1786.181979166664,6.361290432787689
45300,3,2019,50091.0,45308.078125,46692.950833333336,4782.921875,3398.049166666664,9.548465542712263
45340,1,2017,36291.45703125,34909.52734375,36348.82041666667,1381.9296875,57.36338541666919,3.807864992331507
45340,2,2018,36827.51953125,35080.6015625,36348.82041666667,1746.91796875,478.6991145833308,4.743512435768726
45340,3,2019,37228.0,35520.2265625,36348.82041666667,1707.7734375,879.1795833333308,4.587335976952831
45380,1,2017,38893.31640625,40485.2734375,39312.809583333335,1591.95703125,419.49317708333547,4.093137789078277
45380,2,2018,39790.83203125,41012.08203125,39312.809583333335,1221.25,478.02244791666453,3.069174323977149
45380,3,2019,39576.0,41570.79296875,39312.809583333335,1994.79296875,263.19041666666453,5.0404107761016785
45460,1,2017,37820.85546875,36568.16796875,37138.29416666667,1252.6875,682.5613020833334,3.3121606702816395
45460,2,2018,37764.375,36808.51953125,37138.29416666667,955.85546875,626.0808333333334,2.5311036360326367
45460,3,2019,38193.0,37271.0703125,37138.29416666667,921.9296875,1054.7058333333334,2.4138708336606185
45500,1,2017,38369.60546875,37099.8828125,38179.20625,1269.72265625,190.3992187499971,3.309188720442074
45500,2,2018,38301.02734375,37331.3515625,38179.20625,969.67578125,121.82109374999709,2.531722641659722
45500,3,2019,38703.0,37798.296875,38179.20625,904.703125,523.7937499999971,2.3375529674702222
45520,1,2017,42423.6640625,39671.26171875,42632.64791666667,2752.40234375,208.9838541666686,6.4878939727956215
45520,2,2018,42931.328125,39886.7578125,42632.64791666667,3044.5703125,298.6802083333314,7.0917216994436965
45520,3,2019,43342.0,40239.7890625,42632.64791666667,3102.2109375,709.3520833333314,7.157516813944903
45580,1,2017,33832.51953125,32803.40234375,34311.74375,1029.1171875,479.22421875000146,3.041798842529117
45580,2,2018,34090.27734375,32777.84375,34311.74375,1312.43359375,221.46640625000146,3.8498765513581756
45580,3,2019,35274.0,33064.8984375,34311.74375,2209.1015625,962.2562499999985,6.262690827521687
45620,1,2017,42868.08984375,39819.80078125,41815.473333333335,3048.2890625,1052.6165104166648,7.110858154890306
45620,2,2018,43905.859375,39964.16015625,41815.473333333335,3941.69921875,2090.386041666665,8.97761545921227
45620,3,2019,43701.0,39970.796875,41815.473333333335,3730.203125,1885.5266666666648,8.53573859865907
45660,1,2017,39233.4140625,39103.1875,39232.903333333335,130.2265625,0.5107291666645324,0.33192768361311914
45660,2,2018,39336.66015625,39366.453125,39232.903333333335,29.79296875,103.75682291666453,0.07573842983023649
45660,3,2019,40095.0,39758.4609375,39232.903333333335,336.5390625,862.0966666666645,0.8393541900486344
45700,1,2017,36599.21484375,33871.7890625,36695.08083333333,2727.42578125,95.86598958333343,7.452142874905851
45700,2,2018,37149.30859375,33906.3984375,36695.08083333333,3242.91015625,454.22776041666657,8.72939572500035
45700,3,2019,37630.0,34275.9375,36695.08083333333,3354.0625,934.9191666666666,8.913267339888387
45740,1,2017,37388.953125,34261.90234375,36927.34166666667,3127.05078125,461.61145833333285,8.363568701149612
45740,2,2018,36558.68359375,34434.8984375,36927.34166666667,2123.78515625,368.65807291666715,5.809249533845573
45740,3,2019,36180.0,34770.93359375,36927.34166666667,1409.06640625,747.3416666666672,3.894600348949696
45780,1,2017,45971.75,42008.453125,46028.130833333336,3963.296875,56.38083333333634,8.621157286812009
45780,2,2018,46824.36328125,42505.91015625,46028.130833333336,4318.453125,796.2324479166637,9.222662781469683
45780,3,2019,47586.0,42937.05859375,46028.130833333336,4648.94140625,1557.8691666666637,9.769557025700838
45820,1,2017,45024.48046875,42521.65234375,44889.20041666667,2502.828125,135.28005208333343,5.5588162238476695
45820,2,2018,46186.89453125,43034.95703125,44889.20041666667,3151.9375,1297.6941145833334,6.824311380942493
45820,3,2019,46554.0,43520.8515625,44889.20041666667,3033.1484375,1664.7995833333334,6.515333671650127
45860,1,2017,60782.73828125,60148.78515625,61112.3,633.953125,329.5617187500029,1.0429821737655396
45860,2,2018,61039.08203125,60089.3671875,61112.3,949.71484375,73.21796875000291,1.555912723693612
45860,3,2019,64553.0,59050.9921875,61112.3,5502.0078125,3440.699999999997,8.523241077099437
45900,1,2017,49223.5546875,45058.4375,48157.89875,4165.1171875,1065.6559374999997,8.461634300778575
45900,2,2018,50052.43359375,45879.44921875,48157.89875,4172.984375,1894.5348437499997,8.337225735855283
45900,3,2019,51315.0,46644.00390625,48157.89875,4670.99609375,3157.1012499999997,9.102593966189223
45940,1,2017,65630.7109375,64324.2265625,65402.73291666667,1306.484375,227.97802083333227,1.990660098508094
45940,2,2018,66820.0859375,64808.9296875,65402.73291666667,2011.15625,1417.3530208333323,3.009807936914553
45940,3,2019,69532.0,64397.2734375,65402.73291666667,5134.7265625,4129.267083333332,7.3846956257550485
45980,1,2017,37241.85546875,29657.435546875,36948.65,7584.419921875,293.20546874999854,20.36531162696542
45980,2,2018,37386.578125,29842.025390625,36948.65,7544.552734375,437.92812499999854,20.17984290819608
45980,3,2019,37768.0,30273.421875,36948.65,7494.578125,819.3499999999985,19.843725177398856
46020,1,2017,58396.828125,53632.83203125,58972.943333333336,4763.99609375,576.1152083333363,8.157970641063821
46020,2,2018,58354.79296875,54501.3671875,58972.943333333336,3853.42578125,618.1503645833363,6.603443496601172
46020,3,2019,60440.0,54465.49609375,58972.943333333336,5974.50390625,1467.0566666666637,9.885016390221708
46060,1,2017,43757.98046875,40323.60546875,42318.35,3434.375,1439.6304687500015,7.8485683370435195
46060,2,2018,44412.98046875,40722.39453125,42318.35,3690.5859375,2094.6304687500015,8.309701124644814
46060,3,2019,45477.0,41209.609375,42318.35,4267.390625,3158.6500000000015,9.383623864810783
46100,1,2017,38586.6015625,38128.296875,38343.28041666667,458.3046875,243.32114583333168,1.1877301160032678
46100,2,2018,38911.00390625,38300.69140625,38343.28041666667,610.3125,567.7234895833317,1.5684830478042995
46100,3,2019,40740.0,38547.14453125,38343.28041666667,2192.85546875,2396.7195833333317,5.382561288046146
46140,1,2017,52602.6328125,52584.89453125,50158.75125,17.73828125,2443.881562499999,0.033721280288816345
46140,2,2018,54953.60546875,54821.37890625,50158.75125,132.2265625,4794.854218749999,0.24061489937214794
46140,3,2019,55361.0,55650.86328125,50158.75125,289.86328125,5202.248749999999,0.5235875097090009
46180,1,2017,38040.98046875,35914.6953125,37575.115,2126.28515625,465.86546875000204,5.5894593936576005
46180,2,2018,38083.109375,36005.84375,37575.115,2077.265625,507.99437500000204,5.454558882115965
46180,3,2019,39296.0,36370.8515625,37575.115,2925.1484375,1720.885000000002,7.443883442335098
46220,1,2017,36724.40234375,36220.66015625,36354.1475,503.7421875,370.2548437500009,1.3716824654757933
46220,2,2018,36706.33984375,36405.66015625,36354.1475,300.6796875,352.1923437500009,0.8191491954248793
46220,3,2019,37387.0,36766.08984375,36354.1475,620.91015625,1032.8525000000009,1.6607648547623506
46300,1,2017,38331.00390625,35657.375,38461.54166666666,2673.62890625,130.53776041665697,6.975107964271335
46300,2,2018,38369.2578125,35934.625,38461.54166666666,2434.6328125,92.28385416665697,6.345269497777049
46300,3,2019,39415.0,36326.5703125,38461.54166666666,3088.4296875,953.458333333343,7.835670905746543
46340,1,2017,54183.15234375,48320.08984375,48826.980416666665,5863.0625,5356.171927083335,10.820822057017693
46340,2,2018,56246.87109375,49450.8828125,48826.980416666665,6795.98828125,7419.890677083335,12.082429029559213
46340,3,2019,55403.0,50055.65625,48826.980416666665,5347.34375,6576.019583333335,9.651722379654531
46380,1,2017,45618.08984375,42013.00390625,45251.442083333335,3605.0859375,366.6477604166648,7.902755134746007
46380,2,2018,46062.66015625,42368.5234375,45251.442083333335,3694.13671875,811.2180729166648,8.019807597344682
46380,3,2019,47010.0,42840.23828125,45251.442083333335,4169.76171875,1758.5579166666648,8.869946221548606
46460,1,2017,38119.2265625,39949.6953125,37612.40458333334,1830.46875,506.82197916666337,4.801956689752813
46460,2,2018,38670.6796875,40330.234375,37612.40458333334,1659.5546875,1058.2751041666634,4.291506383934696
46460,3,2019,40180.0,40761.6875,37612.40458333334,581.6875,2567.5954166666634,1.447704081632653
46500,1,2017,41140.47265625,38371.8671875,40492.22583333333,2768.60546875,648.2468229166698,6.729639428022949
46500,2,2018,42030.11328125,38425.578125,40492.22583333333,3604.53515625,1537.8874479166698,8.57607766157988
46500,3,2019,42101.0,38693.87890625,40492.22583333333,3407.12109375,1608.7741666666698,8.09273198676991
46520,1,2017,56045.3515625,52377.9296875,55194.97583333334,3667.421875,850.3757291666625,6.5436682485793805
46520,2,2018,55631.80859375,53119.125,55194.97583333334,2512.68359375,436.8327604166625,4.516631145499536
46520,3,2019,56772.0,53146.2421875,55194.97583333334,3625.7578125,1577.0241666666625,6.3865247172902135
46540,1,2017,43357.37109375,41266.8671875,42031.752916666665,2090.50390625,1325.6181770833355,4.821565176841055
46540,2,2018,43425.2109375,41868.96484375,42031.752916666665,1556.24609375,1393.4580208333355,3.5837387088109645
46540,3,2019,44968.0,42555.1875,42031.752916666665,2412.8125,2936.2470833333355,5.365621108343712
46620,1,2017,42796.10546875,33869.28125,41141.06458333333,8926.82421875,1655.0408854166672,20.858963966402097
46620,2,2018,43423.17578125,34356.12109375,41141.06458333333,9067.0546875,2282.111197916667,20.880680706488373
46620,3,2019,44420.0,35170.8984375,41141.06458333333,9249.1015625,3278.935416666667,20.821930577442593
46660,1,2017,35875.19921875,33829.74609375,35477.309583333335,2045.453125,397.88963541666453,5.701579836610228
46660,2,2018,36386.58984375,34004.63671875,35477.309583333335,2381.953125,909.2802604166645,6.546238972183155
46660,3,2019,36699.0,34338.21875,35477.309583333335,2360.78125,1221.6904166666645,6.432821739011962
46700,1,2017,48656.02734375,43851.48046875,48409.33708333333,4804.546875,246.69026041666802,9.87451532172233
46700,2,2018,49452.64453125,44131.5625,48409.33708333333,5321.08203125,1043.307447916668,10.759954460852978
46700,3,2019,51607.0,44141.75,48409.33708333333,7465.25,3197.662916666668,14.465576375297925
46780,1,2017,41121.69140625,38929.52734375,40582.78625,2192.1640625,538.9051562500026,5.330919005356908
46780,2,2018,42011.78515625,39412.05859375,40582.78625,2599.7265625,1428.9989062500026,6.18808877754447
46780,3,2019,41397.0,39871.78515625,40582.78625,1525.21484375,814.2137500000026,3.684360808150349
46820,1,2017,36163.13671875,36713.94140625,37488.81625,550.8046875,1325.6795312500035,1.5231109286336235
46820,2,2018,37746.046875,36794.953125,37488.81625,951.09375,257.2306249999965,2.519717503529964
46820,3,2019,39687.0,37052.22265625,37488.81625,2634.77734375,2198.1837499999965,6.638892694711114
46860,1,2017,31380.888671875,35773.08984375,30336.674166666668,4392.201171875,1044.2145052083324,13.996420617021894
46860,2,2018,31673.806640625,36285.67578125,30336.674166666668,4611.869140625,1337.1324739583324,14.560514285358398
46860,3,2019,31973.0,36913.07421875,30336.674166666668,4940.07421875,1636.3258333333324,15.450768519532105
46900,1,2017,42786.71484375,40258.171875,41425.53083333333,2528.54296875,1361.1840104166695,5.909645033473171
46900,2,2018,45273.4609375,40535.65625,41425.53083333333,4737.8046875,3847.9301041666695,10.464860846491366
46900,3,2019,47859.0,40842.87109375,41425.53083333333,7016.12890625,6433.4691666666695,14.659998968323617
46980,1,2017,39783.20703125,38970.21484375,40171.535416666666,812.9921875,388.3283854166657,2.0435561840486836
46980,2,2018,40447.64453125,39312.02734375,40171.535416666666,1135.6171875,276.1091145833343,2.8076225467780156
46980,3,2019,40838.0,39716.3515625,40171.535416666666,1121.6484375,666.4645833333343,2.746580237768745
47020,1,2017,46625.8671875,45063.5546875,44992.54583333334,1562.3125,1633.3213541666628,3.35074196843859
47020,2,2018,48557.54296875,45879.5703125,44992.54583333334,2677.97265625,3564.997135416663,5.515049758537933
47020,3,2019,51867.0,46520.74609375,44992.54583333334,5346.25390625,6874.454166666663,10.307621235564039
47080,1,2017,34097.5078125,31733.58984375,34614.32208333333,2363.91796875,516.8142708333326,6.932817441523975
47080,2,2018,34037.32421875,31968.697265625,34614.32208333333,2068.626953125,576.9978645833326,6.0775251892023405
47080,3,2019,34265.0,32442.474609375,34614.32208333333,1822.525390625,349.32208333333256,5.3189125656646725
47180,1,2017,44259.78125,37949.51953125,43784.363333333335,6310.26171875,475.4179166666654,14.257326946797777
47180,2,2018,44686.91015625,38243.890625,43784.363333333335,6443.01953125,902.5468229166654,14.418136113509892
47180,3,2019,44677.0,38697.08984375,43784.363333333335,5979.91015625,892.6366666666654,13.384762083958188
47220,1,2017,38536.5234375,37153.83984375,38095.03833333333,1382.68359375,441.48510416666977,3.587982180054433
47220,2,2018,38492.47265625,37447.34375,38095.03833333333,1045.12890625,397.43432291666977,2.7151513896842454
47220,3,2019,40050.0,37964.94921875,38095.03833333333,2085.05078125,1954.9616666666698,5.206119303995006
47240,1,2017,72699.7578125,69368.5390625,72102.07291666667,3331.21875,597.6848958333285,4.582159349954849
47240,2,2018,75652.984375,70462.3515625,72102.07291666667,5190.6328125,3550.9114583333285,6.861107800811725
47240,3,2019,78578.0,69607.53125,72102.07291666667,8970.46875,6475.9270833333285,11.416005434090968
47260,1,2017,49407.1640625,48404.50390625,49150.86708333333,1002.66015625,256.2969791666692,2.029382125599511
47260,2,2018,48352.859375,48473.79296875,49150.86708333333,120.93359375,798.0077083333308,0.2501063955951416
47260,3,2019,49085.0,48216.2421875,49150.86708333333,868.7578125,65.86708333333081,1.7699048843842313
47300,1,2017,39619.41796875,35600.13671875,39546.13583333333,4019.28125,73.28213541667355,10.144725632189314
47300,2,2018,38761.30859375,35927.05078125,39546.13583333333,2834.2578125,784.8272395833264,7.31207979123028
47300,3,2019,39837.0,36424.7578125,39546.13583333333,3412.2421875,290.86416666667355,8.56550992168085
47340,1,2017,41282.3515625,40100.0703125,41133.60666666667,1182.28125,148.74489583333343,2.863890270906851
47340,2,2018,42086.12109375,40241.66796875,41133.60666666667,1844.453125,952.5144270833334,4.382568592841669
47340,3,2019,42569.0,40561.8125,41133.60666666667,2007.1875,1435.3933333333334,4.715138950879749
47380,1,2017,40925.5625,37302.21875,40362.245,3623.34375,563.3174999999974,8.85349773750819
47380,2,2018,41497.53515625,37502.72265625,40362.245,3994.8125,1135.2901562499974,9.626625979009107
47380,3,2019,41725.0,37875.828125,40362.245,3849.171875,1362.7549999999974,9.225097363690834
47420,1,2017,48864.67578125,52699.578125,50217.34916666667,3834.90234375,1352.6733854166669,7.848005297154762
47420,2,2018,49907.83203125,53420.11328125,50217.34916666667,3512.28125,309.51713541666686,7.037535206499794
47420,3,2019,49507.0,53400.46484375,50217.34916666667,3893.46484375,710.3491666666669,7.864473395176439
47460,1,2017,43596.27734375,41152.5078125,43103.56208333333,2443.76953125,492.7152604166695,5.605454594164657
47460,2,2018,44134.98046875,41747.671875,43103.56208333333,2387.30859375,1031.4183854166695,5.409107624824591
47460,3,2019,45971.0,42375.19921875,43103.56208333333,3595.80078125,2867.4379166666695,7.8218894112592725
47540,1,2017,48362.875,42758.47265625,46890.05291666667,5604.40234375,1472.8220833333326,11.588232386412098
47540,2,2018,48483.203125,43371.44921875,46890.05291666667,5111.75390625,1593.1502083333326,10.543350225996438
47540,3,2019,47044.0,44039.25,46890.05291666667,3004.75,153.94708333333256,6.387105688291812
47580,1,2017,41692.34765625,39771.7734375,41290.222916666666,1920.57421875,402.1247395833343,4.606538913531513
47580,2,2018,41638.0625,40072.57421875,41290.222916666666,1565.48828125,347.8395833333343,3.759752945397015
47580,3,2019,42157.0,40453.59765625,41290.222916666666,1703.40234375,866.7770833333343,4.04061565991413
47620,1,2017,41194.71875,41734.2890625,40833.159166666665,539.5703125,361.55958333333547,1.3098045790153623
47620,2,2018,42164.53125,41796.56640625,40833.159166666665,367.96484375,1331.3720833333355,0.8726880931470097
47620,3,2019,42970.0,41903.7890625,40833.159166666665,1066.2109375,2136.8408333333355,2.4812914533395394
47660,1,2017,37011.296875,33780.34765625,36536.33375,3230.94921875,474.96312500000204,8.729629846968177
47660,2,2018,37312.2421875,33935.19921875,36536.33375,3377.04296875,775.908437500002,9.05076396047125
47660,3,2019,37349.0,34359.6328125,36536.33375,2989.3671875,812.666250000002,8.003874769070123
47700,1,2017,46839.734375,44485.41796875,45624.33791666666,2354.31640625,1215.3964583333436,5.026323137106817
47700,2,2018,47450.62890625,45111.8125,45624.33791666666,2338.81640625,1826.2909895833436,4.928947118637537
47700,3,2019,48127.0,45377.06640625,45624.33791666666,2749.93359375,2502.6620833333436,5.713910266066865
47780,1,2017,41952.1171875,39964.21484375,40682.93541666667,1987.90234375,1269.1817708333328,4.738503029216158
47780,2,2018,42768.39453125,40335.953125,40682.93541666667,2432.44140625,2085.459114583333,5.687474203579619
47780,3,2019,43494.0,40761.95703125,40682.93541666667,2732.04296875,2811.064583333333,6.281424952292271
47820,1,2017,43910.29296875,38758.41796875,42997.020416666666,5151.875,913.2725520833337,11.73272745792536
47820,2,2018,43936.41015625,39034.4453125,42997.020416666666,4901.96484375,939.3897395833337,11.156953484176928
47820,3,2019,46195.0,39387.91796875,42997.020416666666,6807.08203125,3197.9795833333337,14.735538545838295
47900,1,2017,70821.90625,70712.3671875,70507.14416666667,109.5390625,314.7620833333349,0.1546683339944694
47900,2,2018,71529.8125,71541.296875,70507.14416666667,11.484375,1022.6683333333349,0.016055368522041074
47900,3,2019,72207.0,70341.0546875,70507.14416666667,1865.9453125,1699.8558333333349,2.584161248216932
47920,1,2017,38420.72265625,35737.9296875,38226.08458333334,2682.79296875,194.63807291666308,6.982671806443971
47920,2,2018,38557.64453125,35904.76953125,38226.08458333334,2652.875,331.5599479166631,6.880282839502582
47920,3,2019,39175.0,36217.7578125,38226.08458333334,2957.2421875,948.9154166666631,7.548799457562221
47940,1,2017,44836.69921875,44537.609375,44382.06208333333,299.08984375,454.6371354166695,0.667064812890877
47940,2,2018,46399.72265625,45097.171875,44382.06208333333,1302.55078125,2017.6605729166695,2.8072382908404037
47940,3,2019,46285.0,45728.00390625,44382.06208333333,556.99609375,1902.9379166666695,1.2034051933671817
47980,1,2017,47701.45703125,43721.8046875,46673.77333333333,3979.65234375,1027.6836979166692,8.342831836652003
47980,2,2018,48388.5,44301.66015625,46673.77333333333,4086.83984375,1714.7266666666692,8.445890746251692
47980,3,2019,49360.0,44396.33203125,46673.77333333333,4963.66796875,2686.226666666669,10.056053421292544
48020,1,2017,45652.515625,40509.9140625,44638.8275,5142.6015625,1013.6881250000006,11.264661962426086
48020,2,2018,46323.34765625,40770.9140625,44638.8275,5552.43359375,1684.5201562500006,11.986252882569595
48020,3,2019,47297.0,41013.78125,44638.8275,6283.21875,2658.1725000000006,13.284603146076918
48060,1,2017,44834.609375,47442.32421875,44699.55625,2607.71484375,135.05312499999854,5.816298792611038
48060,2,2018,44365.12109375,48175.375,44699.55625,3810.25390625,334.43515625000146,8.588399653408755
48060,3,2019,45633.0,48803.33203125,44699.55625,3170.33203125,933.4437499999985,6.947454761356912
48140,1,2017,48320.1015625,42921.8203125,47815.9,5398.28125,504.20156249999854,11.171916191065021
48140,2,2018,49430.2421875,43466.40625,47815.9,5963.8359375,1614.3421874999985,12.065156215253472
48140,3,2019,50683.0,44019.1171875,47815.9,6663.8828125,2867.0999999999985,13.14816173569047
48180,1,2017,34452.2109375,31665.5703125,34005.96916666667,2786.640625,446.2417708333305,8.088423207599838
48180,2,2018,34141.1953125,31711.513671875,34005.96916666667,2429.681640625,135.22614583333052,7.116568762123654
48180,3,2019,34488.0,32156.052734375,34005.96916666667,2331.947265625,482.0308333333305,6.761619304178265
48220,1,2017,39964.73046875,40198.26953125,37608.14291666666,233.5390625,2356.5875520833433,0.5843629113991233
48220,2,2018,40902.8359375,40405.1484375,37608.14291666666,497.6875,3294.6930208333433,1.2167554855132103
48220,3,2019,41167.0,40413.8046875,37608.14291666666,753.1953125,3558.8570833333433,1.8296094262394635
48260,1,2017,39483.79296875,35908.14453125,38521.205,3575.6484375,962.5879687499983,9.055990239666176
48260,2,2018,40425.2421875,36026.4453125,38521.205,4398.796875,1904.0371874999983,10.8813123607214
48260,3,2019,41318.0,36371.33984375,38521.205,4946.66015625,2796.7949999999983,11.972167472409119
48300,1,2017,47871.50390625,41647.6640625,46985.940416666665,6223.83984375,885.5634895833355,13.001137077160907
48300,2,2018,48231.6796875,42894.828125,46985.940416666665,5336.8515625,1245.7392708333355,11.065033598411315
48300,3,2019,49384.0,44084.421875,46985.940416666665,5299.578125,2398.0595833333355,10.731366687591121
48460,1,2017,33918.06640625,31350.642578125,33453.017916666664,2567.423828125,465.04848958333605,7.5694875921697795
48460,2,2018,34637.1171875,31608.23046875,33453.017916666664,3028.88671875,1184.099270833336,8.744627049514035
48460,3,2019,35465.0,32214.330078125,33453.017916666664,3250.669921875,2011.982083333336,9.165853438248977
48540,1,2017,46708.28515625,40252.15234375,43258.0475,6456.1328125,3450.2376562499994,13.822243293460131
48540,2,2018,48735.74609375,40652.796875,43258.0475,8082.94921875,5477.698593749999,16.585257981279945
48540,3,2019,47365.0,41117.6875,43258.0475,6247.3125,4106.952499999999,13.189723424469546
48580,1,2017,48470.328125,42259.2265625,47517.583333333336,6211.1015625,952.7447916666642,12.81423461067193
48580,2,2018,49143.07421875,42516.04296875,47517.583333333336,6627.03125,1625.4908854166642,13.485178441424264
48580,3,2019,51049.0,42762.25390625,47517.583333333336,8286.74609375,3531.4166666666642,16.23292541234892
48620,1,2017,49580.34375,48131.375,48469.00041666667,1448.96875,1111.3433333333305,2.922466123482655
48620,2,2018,50080.94921875,49164.84765625,48469.00041666667,916.1015625,1611.9488020833305,1.8292416114130226
48620,3,2019,50964.0,49522.7265625,48469.00041666667,1441.2734375,2494.9995833333305,2.8280225992857706
48660,1,2017,43746.50390625,43706.94921875,42926.70291666667,39.5546875,819.8009895833311,0.09041793964785579
48660,2,2018,44601.37109375,44321.80078125,42926.70291666667,279.5703125,1674.668177083331,0.6268199959870208
48660,3,2019,45091.0,44441.484375,42926.70291666667,649.515625,2164.297083333331,1.4404551351710986
48700,1,2017,42436.18359375,43327.58203125,41930.53833333333,891.3984375,505.64526041666977,2.1005622136842796
48700,2,2018,43124.80859375,43950.51171875,41930.53833333333,825.703125,1194.2702604166698,1.9146824111809915
48700,3,2019,43951.0,44553.33984375,41930.53833333333,602.33984375,2020.4616666666698,1.3704804071579713
48780,1,2017,64781.5078125,96863.2578125,64025.14916666667,32081.75,756.3586458333302,49.52300599864955
48780,2,2018,67050.21875,96878.8046875,64025.14916666667,29828.5859375,3025.0695833333302,44.486933068357814
48780,3,2019,65346.0,92561.0703125,64025.14916666667,27215.0703125,1320.8508333333302,41.64764532259052
48820,1,2017,53393.4140625,50574.29296875,51516.09208333334,2819.12109375,1877.3219791666634,5.2799041665514395
48820,2,2018,52087.03515625,51293.1875,51516.09208333334,793.84765625,570.9430729166634,1.5240791760725605
48820,3,2019,50484.0,51520.9453125,51516.09208333334,1036.9453125,1032.0920833333366,2.0540078292132162
48900,1,2017,45078.73046875,42884.3125,44985.08791666666,2194.41796875,93.64255208334362,4.867967544630033
48900,2,2018,46634.953125,43115.76953125,44985.08791666666,3519.18359375,1649.8652083333436,7.546235940920118
48900,3,2019,48630.0,43081.3671875,44985.08791666666,5548.6328125,3644.9120833333436,11.4098967972445
48940,1,2017,44656.21484375,42417.9609375,44155.12833333333,2238.25390625,501.08651041667326,5.012189040386753
48940,2,2018,45097.29296875,42655.2421875,44155.12833333333,2442.05078125,942.1646354166733,5.415071771474643
48940,3,2019,45284.0,43071.734375,44155.12833333333,2212.265625,1128.8716666666733,4.88531407340341
48980,1,2017,40485.3125,39022.57421875,40354.787083333336,1462.73828125,130.52541666666366,3.613009733468156
48980,2,2018,40903.8515625,39264.6875,40354.787083333336,1639.1640625,549.0644791666637,4.007358720230541
48980,3,2019,41576.0,39593.09765625,40354.787083333336,1982.90234375,1221.2129166666637,4.769343716928035
49020,1,2017,47888.1953125,43582.8671875,47393.995,4305.328125,494.2003124999974,8.990374552444667
49020,2,2018,47962.84375,44117.23046875,47393.995,3845.61328125,568.8487499999974,8.017900901153302
49020,3,2019,49693.0,44480.0234375,47393.995,5212.9765625,2299.0049999999974,10.490363959712635
49080,1,2017,46434.953125,45031.9296875,45630.730416666665,1403.0234375,804.2227083333346,3.021481326196558
49080,2,2018,45986.28515625,45324.69140625,45630.730416666665,661.59375,355.5547395833346,1.4386762221650833
49080,3,2019,47618.0,45353.15234375,45630.730416666665,2264.84765625,1987.2695833333346,4.756284716388761
49100,1,2017,48910.578125,45444.15625,48937.78375,3466.421875,27.20562500000233,7.0872641622450665
49100,2,2018,48307.03515625,46546.234375,48937.78375,1760.80078125,630.7485937500023,3.6450193549545262
49100,3,2019,48505.0,47561.9453125,48937.78375,943.0546875,432.7837500000023,1.944242217297186
49180,1,2017,44820.00390625,41868.18359375,43884.5125,2951.8203125,935.4914062500029,6.5859438983412915
49180,2,2018,44535.1796875,42318.07421875,43884.5125,2217.10546875,650.6671875000029,4.978323842650377
49180,3,2019,45830.0,42813.46875,43884.5125,3016.53125,1945.487500000003,6.582001418284966
49220,1,2017,45675.46875,43032.359375,45278.0775,2643.109375,397.3912500000006,5.786715379905106
49220,2,2018,46060.62109375,43502.37890625,45278.0775,2558.2421875,782.5435937500006,5.554076620662698
49220,3,2019,47103.0,44033.95703125,45278.0775,3069.04296875,1824.9225000000006,6.515599789291553
49260,1,2017,39358.60546875,41786.8515625,39410.82791666667,2428.24609375,52.2224479166689,6.169543013097814
49260,2,2018,40148.26171875,43392.5234375,39410.82791666667,3244.26171875,737.4338020833311,8.08070282463778
49260,3,2019,39818.0,44847.91796875,39410.82791666667,5029.91796875,407.1720833333311,12.63227175837561
49300,1,2017,43875.8671875,39531.60546875,42488.816666666666,4344.26171875,1387.0505208333343,9.901255512934128
49300,2,2018,44896.68359375,39959.0390625,42488.816666666666,4937.64453125,2407.8669270833343,10.997793458261942
49300,3,2019,45607.0,40463.7578125,42488.816666666666,5143.2421875,3118.1833333333343,11.277308719056284
49340,1,2017,53373.59375,51033.265625,53200.51583333333,2340.328125,173.0779166666689,4.384805220278052
49340,2,2018,53782.5390625,51185.421875,53200.51583333333,2597.1171875,582.0232291666689,4.828922607171676
49340,3,2019,55314.0,51186.53515625,53200.51583333333,4127.46484375,2113.484166666669,7.461880977239035
49380,1,2017,43143.5078125,49456.42578125,41476.67083333334,6312.91796875,1666.8369791666628,14.632370636587305
49380,2,2018,42989.37109375,50660.64453125,41476.67083333334,7671.2734375,1512.7002604166628,17.844581677574915
49380,3,2019,43093.0,51663.84765625,41476.67083333334,8570.84765625,1616.3291666666628,19.889187701598868
49420,1,2017,40950.6015625,40131.73046875,40642.449583333335,818.87109375,308.1519791666651,1.999655835336668
49420,2,2018,41282.66796875,40345.81640625,40642.449583333335,936.8515625,640.2183854166651,2.2693580831771203
49420,3,2019,42775.0,40623.37109375,40642.449583333335,2151.62890625,2132.550416666665,5.03010848918761
49460,1,2017,47656.59765625,44852.75390625,46708.93208333333,2803.84375,947.6655729166669,5.883432489713805
49460,2,2018,48878.3125,45215.98828125,46708.93208333333,3662.32421875,2169.380416666667,7.492738663492116
49460,3,2019,50922.0,45060.99609375,46708.93208333333,5861.00390625,4213.067916666667,11.509767696182397
49620,1,2017,49160.95703125,47654.80078125,48456.215416666666,1506.15625,704.741614583334,3.063724428803504
49620,2,2018,49912.92578125,47895.2734375,48456.215416666666,2017.65234375,1456.710364583334,4.042344367053593
49620,3,2019,50682.0,47721.6171875,48456.215416666666,2960.3828125,2225.784583333334,5.841093114912592
49660,1,2017,41210.3671875,39508.92578125,41075.00875,1701.44140625,135.35843749999913,4.128673249885733
49660,2,2018,41650.28125,39810.91015625,41075.00875,1839.37109375,575.2724999999991,4.416227306388238
49660,3,2019,41879.0,40232.82421875,41075.00875,1646.17578125,803.9912499999991,3.930790566274266
49700,1,2017,40872.35546875,36276.3125,41445.77375,4596.04296875,573.4182812500003,11.244869340265993
49700,2,2018,41695.0859375,36458.34375,41445.77375,5236.7421875,249.3121874999997,12.559614807725206
49700,3,2019,42693.0,36795.87109375,41445.77375,5897.12890625,1247.2262499999997,13.812870742861827
49740,1,2017,36358.22265625,31729.548828125,35238.65625,4628.673828125,1119.56640625,12.730748342367962
49740,2,2018,35950.74609375,31822.892578125,35238.65625,4127.853515625,712.08984375,11.481968982954218
49740,3,2019,36950.0,32212.763671875,35238.65625,4737.236328125,1711.34375,12.820666652571042
49780,1,2017,40824.3671875,40534.3515625,40253.5725,290.015625,570.794687499998,0.7103983355528896
49780,2,2018,41081.0390625,41038.06640625,40253.5725,42.97265625,827.466562499998,0.10460459917925183
49780,3,2019,41878.0,41776.515625,40253.5725,101.484375,1624.427499999998,0.24233338507092028
49820,1,2017,28583.94140625,29544.103515625,26627.95875,960.162109375,1955.9826562499984,3.3590962692256863
49820,2,2018,29662.626953125,29843.408203125,26627.95875,180.78125,3034.6682031249984,0.6094579899672522
49820,3,2019,29761.0,30420.5,26627.95875,659.5,3133.0412499999984,2.2159873660159266
