CBSA_Code,horizon,year,y_true,y_pred,y_base,abs_err_model,abs_err_base,smape_model
10100,1,2017,0.014681247994303703,0.014742475934326649,0.00957971354778117,6.12279400229454e-05,0.005101534446522534,0.4161806259630999
10100,2,2018,0.011746772564947605,0.014324549585580826,0.00957971354778117,0.0025777770206332207,0.0021670590171664356,19.77480096337135
10100,3,2019,0.006721856538206339,0.014003267511725426,0.00957971354778117,0.007281410973519087,0.0028578570095748306,70.26647891373285
10140,1,2017,0.007651932537555695,0.00899489875882864,0.009137595678882778,0.0013429662212729454,0.0014856631413270836,16.134787343285783
10140,2,2018,0.004859772510826588,0.008645039051771164,0.009137595678882778,0.0037852665409445763,0.0042778231680561905,56.05800155742972
10140,3,2019,0.006474350579082966,0.008881820365786552,0.009137595678882778,0.0024074697867035866,0.0026632450997998124,31.35505885671293
10180,1,2017,0.014783650636672974,0.016024423763155937,0.01179037274288632,0.0012407731264829636,0.002993277893786653,8.054854111538685
10180,2,2018,0.010159777477383614,0.01567929796874523,0.01179037274288632,0.005519520491361618,0.001630595265502707,42.72225890400885
10180,3,2019,0.01087353564798832,0.015590713359415531,0.01179037274288632,0.004717177711427212,0.0009168370948980011,35.6494221894329
10220,1,2017,0.012303254567086697,0.011391934007406235,0.01409848049710198,0.0009113205596804619,0.0017952259300152828,7.69202719964936
10220,2,2018,0.009877060540020466,0.011203350499272346,0.01409848049710198,0.0013262899592518806,0.0042214199570815136,12.583144869637517
10220,3,2019,0.025905780494213104,0.010991490446031094,0.01409848049710198,0.01491429004818201,0.011807299997111125,80.84221746494528
10300,1,2017,0.006099826190620661,0.008660958148539066,0.007510859073359073,0.0025611319579184055,0.0014110328827384123,34.70181751836806
10300,2,2018,0.004977078177034855,0.008340258151292801,0.007510859073359073,0.003363179974257946,0.002533780896324218,50.508260299637065
10300,3,2019,0.007485418580472469,0.008442457765340805,0.007510859073359073,0.0009570391848683357,2.5440492886603765e-05,12.01715235894935
10420,1,2017,0.017623091116547585,0.012751616537570953,0.014559802894909966,0.004871474578976631,0.003063288221637619,32.07585093925048
10420,2,2018,0.011983262374997139,0.012429981492459774,0.014559802894909966,0.00044671911746263504,0.0025765405199128268,3.6596442234856337
10420,3,2019,0.012751069851219654,0.01238611526787281,0.014559802894909966,0.0003649545833468437,0.0018087330436903117,2.903701718650778
10460,1,2017,0.014126043766736984,0.009988476522266865,0.007261489747141835,0.0041375672444701195,0.006864554019595149,34.315967965229966
10460,2,2018,0.0053940340876579285,0.009544282220304012,0.007261489747141835,0.004150248132646084,0.0018674556594839064,55.56510210161969
10460,3,2019,0.00737537257373333,0.009674351662397385,0.007261489747141835,0.002298979088664055,0.00011388282659149495,26.967916998872674
10500,1,2017,0.009929793886840343,0.013636935502290726,0.012929295601394115,0.0037071416154503822,0.002999501714553772,31.460793572148617
10500,2,2018,0.009548156522214413,0.013502799905836582,0.012929295601394115,0.0039546433836221695,0.0033811390791797027,34.3121699124052
10500,3,2019,0.010910890065133572,0.013004879467189312,0.012929295601394115,0.0020939894020557404,0.002018405536260544,17.51136231395386
10540,1,2017,0.006207257974892855,0.010824979282915592,0.010917407794387449,0.0046177213080227375,0.004710149819494594,54.22327703592653
10540,2,2018,0.006698007695376873,0.010574858635663986,0.010917407794387449,0.003876850940287113,0.004219400099010576,44.889465610543105
10540,3,2019,0.009017478674650192,0.010564612224698067,0.010917407794387449,0.0015471335500478745,0.0018999291197372564,15.801507284638358
10580,1,2017,0.013415965251624584,0.012605320662260056,0.01307965773737831,0.0008106445893645287,0.000336307514246275,6.230624270576614
10580,2,2018,0.014555291272699833,0.012410840950906277,0.01307965773737831,0.002144450321793556,0.0014756335353215237,15.904761637846057
10580,3,2019,0.01527002826333046,0.012368257157504559,0.01307965773737831,0.002901771105825901,0.0021903705259521504,20.998191542872156
10620,1,2017,0.013568652793765068,0.010846390388906002,0.014043968041288274,0.002722262404859066,0.0004753152475232055,22.299868728455035
10620,2,2018,0.008103148080408573,0.010566648095846176,0.014043968041288274,0.002463500015437603,0.0059408199608797,26.390204506470056
10620,3,2019,0.009921081364154816,0.010393064469099045,0.014043968041288274,0.0004719831049442291,0.004122886677133458,4.64683946326337
10660,1,2017,0.006755009759217501,0.007535912562161684,0.013334634273262432,0.0007809028029441833,0.006579624514044931,10.928647416179496
10660,2,2018,0.01305035874247551,0.00718685844913125,0.013334634273262432,0.005863500293344259,0.00028427553078692186,57.94766484388832
10660,3,2019,0.007263528183102608,0.007208020426332951,0.013334634273262432,5.5507756769657135e-05,0.006071106090159824,0.7671289356968873
10700,1,2017,0.00772393774241209,0.008905052207410336,0.00778788481467137,0.0011811144649982452,6.394707225928012e-05,14.205478003033583
10700,2,2018,0.008783532306551933,0.008571327663958073,0.00778788481467137,0.00021220464259386063,0.0009956474918805629,2.445476606329475
10700,3,2019,0.008073296397924423,0.008511891588568687,0.00778788481467137,0.0004385951906442642,0.0002854115832530528,5.288995536881182
10740,1,2017,0.011567633599042892,0.015896718949079514,0.014152308212204005,0.004329085350036621,0.0025846746131611125,31.525110713575092
10740,2,2018,0.012800236232578754,0.015320870094001293,0.014152308212204005,0.0025206338614225388,0.0013520719796252505,17.92698292734587
10740,3,2019,0.012665800750255585,0.015125274658203125,0.014152308212204005,0.0024594739079475403,0.0014865074619484202,17.699732643036356
10760,1,2017,0.0038306070491671562,0.006572005804628134,0.005025125628140704,0.0027413987554609776,0.0011945185789735474,52.70591453694404
10760,2,2018,0.0043967911042273045,0.006340000778436661,0.005025125628140704,0.0019432096742093563,0.0006283345239133991,36.19717855364239
10760,3,2019,0.008728565648198128,0.006504282355308533,0.005025125628140704,0.002224283292889595,0.003703440020057424,29.203755360649417
10780,1,2017,0.00871689897030592,0.012631507590413094,0.00799291815820421,0.003914608620107174,0.0007239808121017096,36.67352666623562
10780,2,2018,0.009809537790715694,0.012163088656961918,0.00799291815820421,0.0023535508662462234,0.0018166196325114844,21.422562302440323
10780,3,2019,0.0118727907538414,0.01192642841488123,0.00799291815820421,5.3637661039829254e-05,0.00387987259563719,0.4507512462657473
10820,1,2017,0.013454916886985302,0.015345203690230846,0.013750365701215458,0.0018902868032455444,0.00029544881423015576,13.12693217259893
10820,2,2018,0.00658662524074316,0.015233687125146389,0.013750365701215458,0.008647061884403229,0.0071637404604722975,79.25695816410743
10820,3,2019,0.00565672293305397,0.014822104945778847,0.013750365701215458,0.009165382012724876,0.008093642768161487,89.51076293443711
10860,1,2017,0.0062471297569572926,0.016832415014505386,0.008520602935967571,0.010585285257548094,0.0022734731790102786,91.72867815142212
10860,2,2018,0.012634212151169777,0.016937514767050743,0.008520602935967571,0.004303302615880966,0.004113609215202206,29.10415866191141
10860,3,2019,0.006483179982751608,0.016463391482830048,0.008520602935967571,0.00998021150007844,0.0020374229532159633,86.98647783372954
10900,1,2017,0.01565796695649624,0.012390712276101112,0.014205151798291588,0.0032672546803951263,0.0014528151582046504,23.297022212346523
10900,2,2018,0.011918139643967152,0.0116338599473238,0.014205151798291588,0.0002842796966433525,0.0022870121543244366,2.4140589408427657
10900,3,2019,0.012463217601180077,0.011333391070365906,0.014205151798291588,0.0011298265308141708,0.0017419341971115117,9.49568967262667
10940,1,2017,0.005124292802065611,0.00917809922248125,0.007419462926619118,0.00405380642041564,0.0022951701245535073,56.68707135288452
10940,2,2018,0.007314850576221943,0.008976885117590427,0.007419462926619118,0.0016620345413684845,0.00010461235039717527,20.40339411877424
10940,3,2019,0.004722156096249819,0.009137188084423542,0.007419462926619118,0.004415031988173723,0.0026973068303692994,63.71194401439588
10980,1,2017,0.010319987311959267,0.007613887544721365,0.009982788296041309,0.0027060997672379017,0.00033719901591795776,30.178623191392244
10980,2,2018,0.0169063787907362,0.0071564847603440285,0.009982788296041309,0.00974989403039217,0.0069235904946948895,81.03682222071502
10980,3,2019,0.009463286027312279,0.007347446400672197,0.009982788296041309,0.0021158396266400814,0.0005195022687290302,25.17247094474411
11020,1,2017,0.01115331519395113,0.015033325180411339,0.015875052115070076,0.003880009986460209,0.004721736921118946,29.633495930116034
11020,2,2018,0.0073901754803955555,0.01500902883708477,0.015875052115070076,0.007618853356689215,0.00848487663467452,68.02786248393961
11020,3,2019,0.014302046969532967,0.014937722124159336,0.015875052115070076,0.0006356751546263695,0.001573005145537109,4.348016122758597
11060,1,2017,0.012502456083893776,0.012106497772037983,0.003144532008230133,0.000395958311855793,0.009357924075663642,3.2180006779143686
11060,2,2018,0.010657829232513905,0.011543279513716698,0.003144532008230133,0.0008854502812027931,0.007513297224283772,7.9766275864195215
11060,3,2019,0.010269420221447945,0.011541453190147877,0.003144532008230133,0.001272032968699932,0.007124888213217812,11.664204009486859
11100,1,2017,0.012747938744723797,0.015932133421301842,0.014366080193309674,0.003184194676578045,0.0016181414485858768,22.20492018220251
11100,2,2018,0.015239144675433636,0.015459798276424408,0.014366080193309674,0.00022065360099077225,0.0008730644821239621,1.4375317707857997
11100,3,2019,0.014249216765165329,0.015129356645047665,0.014366080193309674,0.0008801398798823357,0.00011686342814434467,5.991710815956967
11140,1,2017,0.006951626855880022,0.009571184404194355,0.00977724876721646,0.002619557548314333,0.0028256219113364373,31.708356667202015
11140,2,2018,0.009703689254820347,0.00957172829657793,0.00977724876721646,0.00013196095824241638,7.355951239611247e-05,1.3692143314646597
11140,3,2019,0.0045454539358615875,0.00950092263519764,0.00977724876721646,0.004955468699336052,0.005231794831354872,70.55862622414448
11180,1,2017,0.010148738510906696,0.009654664434492588,0.009195179789962735,0.0004940740764141083,0.000953558720943961,4.989787142007673
11180,2,2018,0.009086795151233673,0.009358876384794712,0.009195179789962735,0.00027208123356103897,0.00010838463872906226,2.9500805706702216
11180,3,2019,0.00997069850564003,0.009154696948826313,0.009195179789962735,0.0008160015568137169,0.0007755187156772946,8.533168708568805
11220,1,2017,0.004269094206392765,0.009481937624514103,0.004774138733234883,0.005212843418121338,0.0005050445268421182,75.81743234036189
11220,2,2018,0.009084698744118214,0.009269808419048786,0.004774138733234883,0.0001851096749305725,0.0043105600108833304,2.017047610514561
11220,3,2019,0.004875297658145428,0.009169057942926884,0.004774138733234883,0.004293760284781456,0.00010115892491054448,61.14566377357223
11260,1,2017,0.013209034688770771,0.015358290635049343,0.021230963994489333,0.002149255946278572,0.008021929305718562,15.04694730478745
11260,2,2018,0.01084664836525917,0.015047754161059856,0.021230963994489333,0.004201105795800686,0.010384315629230163,32.44797148057088
11260,3,2019,0.013249439187347889,0.014898378401994705,0.021230963994489333,0.0016489392146468163,0.007981524807141444,11.716280479642712
11380,1,2017,0.018116986379027367,0.01873527094721794,0.01887114193145001,0.0006182845681905746,0.0007541555524226418,3.3554764091828186
11380,2,2018,0.026708561927080154,0.018745815381407738,0.01887114193145001,0.007962746545672417,0.007837419995630146,35.03620669939379
11380,3,2019,0.013745889067649841,0.018705107271671295,0.01887114193145001,0.004959218204021454,0.005125252863800167,30.564341531759094
11420,1,2017,0.007584185339510441,0.012975890189409256,0.013533305993321226,0.005391704849898815,0.0059491206538107855,52.448272574692105
11420,2,2018,0.011324827559292316,0.012564826756715775,0.013533305993321226,0.001239999197423458,0.00220847843402891,10.381051663355136
11420,3,2019,0.00804951786994934,0.012392927892506123,0.013533305993321226,0.004343410022556782,0.0054837881233718855,42.49401415395377
11460,1,2017,0.01142628863453865,0.01858857274055481,0.013717687929353097,0.007162284106016159,0.0022913992948144467,47.724902875708935
11460,2,2018,0.011859754100441933,0.018707087263464928,0.013717687929353097,0.006847333163022995,0.0018579338289111645,44.80234540027424
11460,3,2019,0.0109327994287014,0.018330050632357597,0.013717687929353097,0.007397251203656197,0.0027848885006516964,50.55726739096121
11500,1,2017,0.010074528865516186,0.009240561164915562,0.009096671406300858,0.0008339677006006241,0.0009778574592153276,8.635396133456965
11500,2,2018,0.01574350893497467,0.00878714770078659,0.009096671406300858,0.00695636123418808,0.006646837528673812,56.7156313970446
11500,3,2019,0.007804394233971834,0.008692016825079918,0.009096671406300858,0.0008876225911080837,0.001292277172329024,10.761395916492276
11540,1,2017,0.013255871832370758,0.015274113044142723,0.018385069044271923,0.002018241211771965,0.005129197211901165,14.148205918069936
11540,2,2018,0.010762963443994522,0.014943537302315235,0.018385069044271923,0.004180573858320713,0.007622105600277401,32.52540883185281
11540,3,2019,0.01564992591738701,0.014624074101448059,0.018385069044271923,0.0010258518159389496,0.0027351431268849147,6.777112218042556
11580,1,2017,0.010130162350833416,0.007962015457451344,0.007529580494801004,0.0021681468933820724,0.002600581856032412,23.967769032214402
11580,2,2018,0.01266200840473175,0.007590524852275848,0.007529580494801004,0.005071483552455902,0.005132427909930746,50.082436443641356
11580,3,2019,0.00818068627268076,0.007506618741899729,0.007529580494801004,0.0006740675307810307,0.0006511057778797553,8.593790972572709
11620,1,2017,0.011009996756911278,0.015250097028911114,0.01541657367508455,0.004240100271999836,0.004406576918173272,32.29309607137981
11620,2,2018,0.010210933163762093,0.014967318624258041,0.01541657367508455,0.004756385460495949,0.0052056405113224576,37.78168247308514
11620,3,2019,0.013033299706876278,0.014823058620095253,0.01541657367508455,0.001789758913218975,0.0023832739682082722,12.849908446149216
11660,1,2017,0.008160820230841637,0.008404557593166828,0.01362016867361205,0.0002437373623251915,0.005459348442770413,2.9427305284327754
11660,2,2018,0.01886098086833954,0.008132043294608593,0.01362016867361205,0.010728937573730946,0.0052408121947274885,79.49412066064046
11660,3,2019,0.011352624744176865,0.008314872160553932,0.01362016867361205,0.0030377525836229324,0.0022675439294351854,30.891079365959037
11700,1,2017,0.012499397620558739,0.01453196257352829,0.01673106791183105,0.002032564952969551,0.004231670291272312,15.03856399713074
11700,2,2018,0.014298597350716591,0.014127242378890514,0.01673106791183105,0.0001713549718260765,0.0024324705611144595,1.2056277891851426
11700,3,2019,0.025589268654584885,0.01398260984569788,0.01673106791183105,0.011606658808887005,0.008858200742753834,58.66113167080246
11740,1,2017,0.01706884615123272,0.007011693902313709,0.011309906570337027,0.01005715224891901,0.005758939580895692,83.52925681976153
11740,2,2018,0.010223557241261005,0.006678211968392134,0.011309906570337027,0.0035453452728688717,0.001086349329076022,41.95233210529709
11740,3,2019,0.009140940383076668,0.006907933857291937,0.011309906570337027,0.002233006525784731,0.0021689661872603596,27.827560998513924
11820,1,2017,0.013162205927073956,0.01348875742405653,0.013541134389371486,0.00032655149698257446,0.0003789284622975307,2.450578391116981
11820,2,2018,0.01306215487420559,0.013199981302022934,0.013541134389371486,0.00013782642781734467,0.00047897951516589696,1.0496204452787625
11820,3,2019,0.01112417783588171,0.012889998033642769,0.013541134389371486,0.0017658201977610588,0.002416956553489776,14.706475641982902
11860,1,2017,0.0035117461811751127,0.008230906911194324,0.005620693823280551,0.004719160730019212,0.002108947642105438,80.37632848524446
11860,2,2018,0.006757168099284172,0.008146158419549465,0.005620693823280551,0.0013889903202652931,0.0011364742760036212,18.639991367168
11860,3,2019,0.0034169252030551434,0.008043010719120502,0.005620693823280551,0.004626085516065359,0.0022037686202254075,80.73485769446121
11900,1,2017,0.007634063251316547,0.009596502408385277,0.01073767184930019,0.0019624391570687294,0.0031036085979836425,22.778567539776432
11900,2,2018,0.011903627775609493,0.009227458387613297,0.01073767184930019,0.0026761693879961967,0.0011659559263093033,25.329205520855886
11900,3,2019,0.009443745017051697,0.009351086802780628,0.01073767184930019,9.265821427106857e-05,0.0012939268322484931,0.9859962127831858
11940,1,2017,0.005851754918694496,0.010794557631015778,0.010640949441110494,0.004942802712321281,0.004789194522415998,59.3861220405982
11940,2,2018,0.01077619194984436,0.010663350112736225,0.010640949441110494,0.00011284183710813522,0.0001352425087338665,1.0526510701227116
11940,3,2019,0.011299540288746357,0.01071573793888092,0.010640949441110494,0.0005838023498654366,0.0006585908476358631,5.303608509043412
11980,1,2017,0.007321100682020187,0.010696799494326115,0.009422047084975245,0.0033756988123059273,0.0021009464029550576,37.47048108539806
11980,2,2018,0.009711257182061672,0.010280199348926544,0.009422047084975245,0.000568942166864872,0.00028921009708642725,5.691850230026602
11980,3,2019,0.007611379027366638,0.010157398879528046,0.009422047084975245,0.0025460198521614075,0.0018106680576086068,28.657214723954187
12020,1,2017,0.017641330137848854,0.013197746127843857,0.014067198072560705,0.004443584010004997,0.003574132065288149,28.817870748319233
12020,2,2018,0.019008859992027283,0.012862375937402248,0.014067198072560705,0.006146484054625034,0.0049416619194665775,38.57071711745943
12020,3,2019,0.008766327053308487,0.012677044607698917,0.014067198072560705,0.0039107175543904305,0.005300871019252218,36.47482114727893
12060,1,2017,0.01954694651067257,0.024482272565364838,0.019656887185990814,0.004935326054692268,0.00010994067531824511,22.418407763484026
12060,2,2018,0.019054679200053215,0.023862387984991074,0.019656887185990814,0.004807708784937859,0.0006022079859375994,22.40464216241289
12060,3,2019,0.01959463581442833,0.02335778996348381,0.019656887185990814,0.003763154149055481,6.225137156248492e-05,17.522424891165986
12100,1,2017,0.015842551365494728,0.01630300283432007,0.017318653747269458,0.00046045146882534027,0.0014761023817747299,2.8647900902482406
12100,2,2018,0.018317699432373047,0.015858415514230728,0.017318653747269458,0.0024592839181423187,0.000999045685103589,14.39182424563735
12100,3,2019,0.019751030951738358,0.015485821291804314,0.017318653747269458,0.004265209659934044,0.0024323772044688996,24.208793793582824
12140,1,2017,0.008204814046621323,0.010466450825333595,0.009335879482283047,0.0022616367787122726,0.0011310654356617243,24.225842040484885
12140,2,2018,0.008695244789123535,0.010062472894787788,0.009335879482283047,0.0013672281056642532,0.0006406346931595117,14.577758337295165
12140,3,2019,0.00833622645586729,0.010099458508193493,0.009335879482283047,0.0017632320523262024,0.0009996530264157564,19.12845765525532
12180,1,2017,0.006010422483086586,0.008815677836537361,0.008516879374228077,0.002805255353450775,0.002506456891141491,37.842094696108106
12180,2,2018,0.0053522358648478985,0.008538350462913513,0.008516879374228077,0.0031861145980656147,0.0031646435093801786,45.87441061400543
12180,3,2019,0.005869511980563402,0.008582660928368568,0.008516879374228077,0.0027131489478051662,0.002647367393664675,37.546562549085124
12220,1,2017,0.008695133030414581,0.012542766518890858,0.01699835676465218,0.0038476334884762764,0.0083032237342376,36.233636644357105
12220,2,2018,0.013948719948530197,0.011951562017202377,0.01699835676465218,0.00199715793132782,0.003049636816121984,15.42189511971651
12220,3,2019,0.011654241941869259,0.011691316962242126,0.01699835676465218,3.7075020372867584e-05,0.005344114822782922,0.3176193351736081
12260,1,2017,0.00867535825818777,0.012847191654145718,0.010418157119074031,0.004171833395957947,0.0017427988608862601,38.76707429739601
12260,2,2018,0.01462284754961729,0.012460477650165558,0.010418157119074031,0.0021623698994517326,0.0042046904305432595,15.96826892626629
12260,3,2019,0.011826440691947937,0.012379402294754982,0.010418157119074031,0.000552961602807045,0.001408283572873906,4.568825590329786
12300,1,2017,0.008878154680132866,0.012181389145553112,0.013520489687553774,0.003303234465420246,0.0046423350074209085,31.370412619011397
12300,2,2018,0.006028807256370783,0.011686552315950394,0.013520489687553774,0.005657745059579611,0.007491682431182992,63.8738586455388
12300,3,2019,0.007944445125758648,0.011588978581130505,0.013520489687553774,0.0036445334553718567,0.0055760445617951265,37.31585045476652
12380,1,2017,0.005514566786587238,0.009108754806220531,0.009799949354266903,0.003594188019633293,0.0042853825676796645,49.1568969331316
12380,2,2018,0.0069689019583165646,0.008843924850225449,0.009799949354266903,0.001875022891908884,0.0028310473959503382,23.715199424508146
12380,3,2019,0.007060062140226364,0.008925947360694408,0.009799949354266903,0.0018658852204680443,0.0027398872140405386,23.34396277147756
12420,1,2017,0.022160448133945465,0.026918407529592514,0.026663832132288172,0.004757959395647049,0.004503383998342707,19.389035713520435
12420,2,2018,0.024508366361260414,0.02665122039616108,0.026663832132288172,0.0021428540349006653,0.0021554657710277578,8.377134186812413
12420,3,2019,0.02063986100256443,0.02598651684820652,0.026663832132288172,0.00534665584564209,0.006023971129723742,22.93403410426821
12460,1,2017,0.004614690318703651,0.010011750273406506,0.00438796644083266,0.005397059954702854,0.00022672387787099103,73.79862832359551
12460,2,2018,0.028798067942261696,0.009511797688901424,0.00438796644083266,0.01928627025336027,0.024410101501429034,100.68563228470457
12460,3,2019,0.005348692182451487,0.009303297847509384,0.00438796644083266,0.003954605665057898,0.0009607257416188262,53.98042119808075
12540,1,2017,0.010185787454247475,0.009841457940638065,0.00931262006180573,0.00034432951360940933,0.0008731673924417451,3.4386091036452497
12540,2,2018,0.01626606471836567,0.009457146748900414,0.00931262006180573,0.006808917969465256,0.00695344465655994,52.93985419462255
12540,3,2019,0.009158426895737648,0.009344931691884995,0.00931262006180573,0.0001865047961473465,0.00015419316606808155,2.0159009994764316
12580,1,2017,0.016473261639475822,0.014786053448915482,0.01554465117400113,0.0016872081905603409,0.0009286104654746916,10.794911187554174
12580,2,2018,0.015074462629854679,0.014951055869460106,0.01554465117400113,0.0001234067603945732,0.0004701885441464517,0.8220122446630006
12580,3,2019,0.014434249140322208,0.015089019201695919,0.01554465117400113,0.0006547700613737106,0.0011104020336789224,4.435618929499632
12620,1,2017,0.009110809303820133,0.0126950116828084,0.009636552987858734,0.003584202378988266,0.0005257436840386005,32.87379766619415
12620,2,2018,0.006564251612871885,0.012340251356363297,0.009636552987858734,0.005775999743491411,0.0030723013749868484,61.10709916612139
12620,3,2019,0.011454165913164616,0.012084362097084522,0.009636552987858734,0.0006301961839199066,0.001817612925305882,5.35459070266392
12660,1,2017,0.012294703163206577,0.014098433777689934,0.01405828135182944,0.0018037306144833565,0.0017635781886228621,13.668173928046853
12660,2,2018,0.006484468933194876,0.013683565892279148,0.01405828135182944,0.007199096959084272,0.007573812418634564,71.3911241410092
12660,3,2019,0.013042421080172062,0.013497869484126568,0.01405828135182944,0.0004554484039545059,0.0010158602716573775,3.4321269486085932
12700,1,2017,0.016764864325523376,0.012162648141384125,0.01249027341758566,0.004602216184139252,0.004274590907937716,31.81894467045419
12700,2,2018,0.011198639869689941,0.01169515959918499,0.01249027341758566,0.0004965197294950485,0.0012916335478957187,4.337589427133892
12700,3,2019,0.010103942826390266,0.011646447703242302,0.01249027341758566,0.0015425048768520355,0.0023863305911953937,14.183691695704999
12740,1,2017,0.010324383154511452,0.013937098905444145,0.012438062493679847,0.0036127157509326935,0.002113679339168395,29.781480397041214
12740,2,2018,0.009946560487151146,0.01355360634624958,0.012438062493679847,0.0036070458590984344,0.002491502006528701,30.69803163329181
12740,3,2019,0.00675709405913949,0.013472174294292927,0.012438062493679847,0.006715080235153437,0.005680968434540357,66.38971611178656
12780,1,2017,0.008860543370246887,0.018252290785312653,0.010932094872235919,0.009391747415065765,0.0020715515019890315,69.27895399819181
12780,2,2018,0.009832104668021202,0.01782650128006935,0.010932094872235919,0.007994396612048149,0.0010999902042147167,57.8076403175919
12780,3,2019,0.00717362854629755,0.017660394310951233,0.010932094872235919,0.010486765764653683,0.0037584663259383685,84.45479495765997
12860,1,2017,0.011082927696406841,0.007957213558256626,0.005679402812494686,0.003125714138150215,0.005403524883912155,32.832870877374354
12860,2,2018,0.006951799150556326,0.007461130619049072,0.005679402812494686,0.0005093314684927464,0.0012723963380616397,7.067697175379107
12860,3,2019,0.014613491483032703,0.007787145674228668,0.005679402812494686,0.006826345808804035,0.008934088670538017,60.94775531153539
12900,1,2017,0.010168375447392464,0.009155784733593464,0.01078425941314424,0.0010125907137989998,0.0006158839657517765,10.480043430742928
12900,2,2018,0.006213322281837463,0.008794043213129044,0.01078425941314424,0.00258072093129158,0.004570937131306777,34.39270153741615
12900,3,2019,0.014785920269787312,0.008695892058312893,0.01078425941314424,0.006090028211474419,0.004001660856643071,51.870149823820185
12940,1,2017,0.01339714601635933,0.010285656899213791,0.01681585699930271,0.0031114891171455383,0.0034187109829433814,26.27634756257788
12940,2,2018,0.016234062612056732,0.00977049209177494,0.01681585699930271,0.006463570520281792,0.0005817943872459784,49.71104568675521
12940,3,2019,0.017638014629483223,0.009835870005190372,0.01681585699930271,0.0078021446242928505,0.0008221576301805124,56.79678638969595
12980,1,2017,0.007736957632005215,0.010160964913666248,0.0065698632577613466,0.0024240072816610336,0.0011670943742438681,27.087008798089016
12980,2,2018,0.00823296420276165,0.00969816092401743,0.0065698632577613466,0.0014651967212557793,0.0016631009450003035,16.342487086248045
12980,3,2019,0.005612458102405071,0.009744135662913322,0.0065698632577613466,0.004131677560508251,0.0009574051553562753,53.80978273124816
13020,1,2017,0.00842776894569397,0.008309070020914078,0.007384597838793374,0.00011869892477989197,0.0010431711069005959,1.418414242928404
13020,2,2018,0.007409742102026939,0.007605795748531818,0.007384597838793374,0.000196053646504879,2.5144263233565535e-05,2.6113419031538494
13020,3,2019,0.006471806671470404,0.00767523655667901,0.007384597838793374,0.0012034298852086067,0.0009127911673229702,17.013152715281446
13060,1,2017,0.008191780187189579,0.00803345162421465,0.008631218956111067,0.0001583285629749298,0.0004394387689214876,1.951632706806816
13060,2,2018,0.0063282400369644165,0.007795616518706083,0.008631218956111067,0.0014673764817416668,0.00230297891914665,20.778679492019688
13060,3,2019,0.00834000762552023,0.007890555076301098,0.008631218956111067,0.00044945254921913147,0.00029121133059083724,5.538344918275074
13100,1,2017,0.012934002093970776,0.011192196048796177,0.004319852941176471,0.0017418060451745987,0.008614149152794305,14.439119772717312
13100,2,2018,0.006595941260457039,0.011072209104895592,0.004319852941176471,0.004476267844438553,0.002276088319280568,50.670446179745355
13100,3,2019,0.005932125262916088,0.011114834807813168,0.004319852941176471,0.0051827095448970795,0.0016122723217396173,60.80505243328989
13140,1,2017,0.01160938199609518,0.017132889479398727,0.014117406054670911,0.005523507483303547,0.0025080240585757304,38.43471846876853
13140,2,2018,0.013068560510873795,0.01650376059114933,0.014117406054670911,0.0034352000802755356,0.0010488455437971164,23.23252819281821
13140,3,2019,0.01274760253727436,0.015954166650772095,0.014117406054670911,0.003206564113497734,0.0013698035173965502,22.344009355581584
13180,1,2017,0.007764376234263182,0.008133815601468086,0.006627376597570339,0.00036943936720490456,0.001136999636692843,4.6475616679439575
13180,2,2018,0.006678673904389143,0.0076064737513661385,0.006627376597570339,0.0009277998469769955,5.1297306818804365e-05,12.989703989765887
13180,3,2019,0.008265107870101929,0.007338373921811581,0.006627376597570339,0.000926733948290348,0.00163773127253159,11.878545656948745
13220,1,2017,0.007685299497097731,0.014913994818925858,0.009921805535935383,0.007228695321828127,0.002236506038837653,63.97272429932955
13220,2,2018,0.008120500482618809,0.014853817410767078,0.009921805535935383,0.00673331692814827,0.0018013050533165747,58.61600791452736
13220,3,2019,0.014958464540541172,0.01502030435949564,0.009921805535935383,6.183981895446777e-05,0.005036659004605789,0.4125572903464179
13260,1,2017,0.006806481163948774,0.01005147211253643,0.009875397667020148,0.003244990948587656,0.003068916503071374,38.49801895243206
13260,2,2018,0.0076602124609053135,0.00974874198436737,0.009875397667020148,0.002088529523462057,0.002215185206114835,23.993724957364556
13260,3,2019,0.006002666428685188,0.009742625057697296,0.009875397667020148,0.003739958629012108,0.00387273123833496,47.505709970007956
13300,1,2017,0.004477610811591148,0.008542301133275032,0.006872313051118712,0.004064690321683884,0.002394702239527564,62.43801366699608
13300,2,2018,0.00534691009670496,0.008418627083301544,0.006872313051118712,0.0030717169865965843,0.0015254029544137524,44.62905755113082
13300,3,2019,0.005383925046771765,0.008249005302786827,0.006872313051118712,0.0028650802560150623,0.0014883880043469475,42.03172877680534
13340,1,2017,0.010099906474351883,0.007047357968986034,0.01833373538893397,0.0030525485053658485,0.008233828914582086,35.60389163249007
13340,2,2018,0.007038569543510675,0.006651421543210745,0.01833373538893397,0.00038714800029993057,0.011295165845423293,5.655923587550972
13340,3,2019,0.007738030515611172,0.006843176670372486,0.01833373538893397,0.0008948538452386856,0.010595704873322797,12.274062361527307
13380,1,2017,0.011468768119812012,0.013479731976985931,0.013431247140549574,0.0020109638571739197,0.0019624790207375623,16.12091342826937
13380,2,2018,0.013508402742445469,0.012861596420407295,0.013431247140549574,0.0006468063220381737,7.715560189589486e-05,4.905620760642927
13380,3,2019,0.013169344514608383,0.012577306479215622,0.013431247140549574,0.0005920380353927612,0.00026190262594119086,4.598950019459041
13420,1,2017,0.014180824160575867,0.011021552607417107,0.010595324812926295,0.00315927155315876,0.0035854993476495713,25.07120918540171
13420,2,2018,0.023615850135684013,0.011015962809324265,0.010595324812926295,0.012599887326359749,0.013020525322757718,72.76479408183077
13420,3,2019,0.0082006324082613,0.010869098827242851,0.010595324812926295,0.002668466418981552,0.0023946924046649963,27.986393585806884
13460,1,2017,0.020677700638771057,0.020435037091374397,0.021207505481813767,0.00024266354739665985,0.0005298048430427103,1.1804783712801057
13460,2,2018,0.025596952065825462,0.019287561997771263,0.021207505481813767,0.006309390068054199,0.004389446584011695,28.113877554385766
13460,3,2019,0.019783148542046547,0.01898784190416336,0.021207505481813767,0.0007953066378831863,0.0014243569397672205,4.102585069923993
13540,1,2017,0.014081092551350594,0.01374717429280281,0.013668774384501547,0.0003339182585477829,0.0004123181668490468,2.3998486174176294
13540,2,2018,0.005994140170514584,0.013268222101032734,0.013668774384501547,0.00727408193051815,0.007674634213986963,75.52633526102892
13540,3,2019,0.012469828128814697,0.013031354174017906,0.013668774384501547,0.0005615260452032089,0.0011989462556868495,4.403919930762108
13660,1,2017,0.013605101965367794,0.007431379519402981,0.004360250283293098,0.006173722445964813,0.009244851682074697,58.69536229873919
13660,2,2018,0.006264661904424429,0.007014860399067402,0.004360250283293098,0.000750198494642973,0.0019044116211313312,11.298568014262212
13660,3,2019,0.009883061982691288,0.007213965989649296,0.004360250283293098,0.002669095993041992,0.00552281169939819,31.22290536360776
13700,1,2017,0.009446538053452969,0.010572604835033417,0.020080321285140562,0.0011260667815804482,0.010633783231687594,11.249894417141725
13700,2,2018,0.010997964069247246,0.010159598663449287,0.020080321285140562,0.0008383654057979584,0.009082357215893316,7.924967730370729
13700,3,2019,0.02540297619998455,0.009980287402868271,0.020080321285140562,0.01542268879711628,0.005322654914843988,87.17502495796661
13740,1,2017,0.011929675936698914,0.01663321815431118,0.01832101283984106,0.0047035422176122665,0.006391336903142145,32.93462179213536
13740,2,2018,0.014107154682278633,0.0160563625395298,0.01832101283984106,0.0019492078572511673,0.004213858157562426,12.924270049173007
13740,3,2019,0.013440213166177273,0.016166146844625473,0.01832101283984106,0.0027259336784482002,0.004880799673663786,18.414507941727162
13780,1,2017,0.01072340551763773,0.008788342587649822,0.011704987761325789,0.0019350629299879074,0.0009815822436880593,19.834839275334378
13780,2,2018,0.006357656326144934,0.008293714374303818,0.011704987761325789,0.001936058048158884,0.005347331435180855,26.42833583731239
13780,3,2019,0.0076887346804142,0.008406340144574642,0.011704987761325789,0.0007176054641604424,0.004016253080911589,8.917075889482797
13820,1,2017,0.015007225796580315,0.014061433263123035,0.020058611702481386,0.0009457925334572792,0.005051385905901071,6.507298504205621
13820,2,2018,0.017503200098872185,0.013814008794724941,0.020058611702481386,0.0036891913041472435,0.0025554116036092013,23.560146363453153
13820,3,2019,0.014448254369199276,0.013522942550480366,0.020058611702481386,0.0009253118187189102,0.00561035733328211,6.616173705882463
13900,1,2017,0.019356414675712585,0.013883180916309357,0.01210776838116364,0.005473233759403229,0.007248646294548945,32.93200182084529
13900,2,2018,0.011179540306329727,0.013409212231636047,0.01210776838116364,0.00222967192530632,0.0009282280748339131,18.13569854817737
13900,3,2019,0.022598059847950935,0.013301454484462738,0.01210776838116364,0.009296605363488197,0.010490291466787295,51.79235957226483
13940,1,2017,0.004301444627344608,0.010058918967843056,0.005257761197286035,0.005757474340498447,0.000956316569941427,80.185578771124
13940,2,2018,0.008706812746822834,0.009730438701808453,0.005257761197286035,0.0010236259549856186,0.0034490515495367987,11.10388283897345
13940,3,2019,0.008244475349783897,0.009878468699753284,0.005257761197286035,0.001633993349969387,0.002986714152497862,18.03230693520536
13980,1,2017,0.011027750559151173,0.011415207758545876,0.009212150404913147,0.0003874571993947029,0.0018156001542380257,3.4528159903802
13980,2,2018,0.0064109088853001595,0.01113199908286333,0.009212150404913147,0.004721090197563171,0.0028012415196129875,53.82331726262306
13980,3,2019,0.013898971490561962,0.010954012162983418,0.009212150404913147,0.0029449593275785446,0.004686821085648815,23.699030938741128
14010,1,2017,0.012233159504830837,0.012907416559755802,0.01260771499624082,0.0006742570549249649,0.0003745554914099825,5.36389289567702
14010,2,2018,0.01625184714794159,0.012744808569550514,0.01260771499624082,0.003507038578391075,0.0036441321517007696,24.189254120176102
14010,3,2019,0.014879437163472176,0.012614105828106403,0.01260771499624082,0.0022653313353657722,0.002271722167231356,16.479000266423586
14020,1,2017,0.010509785264730453,0.012582585215568542,0.012813856024923043,0.002072799950838089,0.0023040707601925895,17.952241455630567
14020,2,2018,0.01488095335662365,0.012282309122383595,0.012813856024923043,0.002598644234240055,0.0020670973317006066,19.133513727025203
14020,3,2019,0.013770438730716705,0.012278527021408081,0.012813856024923043,0.0014919117093086243,0.0009565827057936623,11.454666958925866
14100,1,2017,0.007867341861128807,0.008839810267090797,0.00820868079856704,0.0009724684059619904,0.000341338937438233,11.641335596060577
14100,2,2018,0.010587725788354874,0.008275168016552925,0.00820868079856704,0.0023125577718019485,0.0023790449897878336,24.51963701580518
14100,3,2019,0.007201609667390585,0.00845288299024105,0.00820868079856704,0.0012512733228504658,0.0010070711311764551,15.986114030144096
14140,1,2017,0.006759559269994497,0.008260529488325119,0.007251381215469613,0.0015009702183306217,0.0004918219454751157,19.98615644919426
14140,2,2018,0.008550186641514301,0.008069705218076706,0.007251381215469613,0.00048048142343759537,0.0012988054260446883,5.7820007301706084
14140,3,2019,0.00985152367502451,0.00801942776888609,0.007251381215469613,0.00183209590613842,0.0026001424595548965,20.503607619417625
14180,1,2017,0.011009996756911278,0.009954920969903469,0.014347967178155858,0.0010550757870078087,0.00333797042124458,10.06515071986951
14180,2,2018,0.00826784037053585,0.009586349129676819,0.014347967178155858,0.0013185087591409683,0.006080126807620007,14.76973256768261
14180,3,2019,0.010989545844495296,0.009584127925336361,0.014347967178155858,0.0014054179191589355,0.0033584213336605613,13.662287559992327
14220,1,2017,0.009355868212878704,0.00821324810385704,0.006780321902822607,0.0011426201090216637,0.002575546310056097,13.007136364353451
14220,2,2018,0.00535984430462122,0.008140020072460175,0.006780321902822607,0.002780175767838955,0.0014204775982013876,41.18817242564616
14220,3,2019,0.005700308829545975,0.008360560983419418,0.006780321902822607,0.0026602521538734436,0.0010800130732766325,37.83905686215243
14260,1,2017,0.015394805930554867,0.023024121299386024,0.016128075811068218,0.007629315368831158,0.0007332698805133514,39.716431108799284
14260,2,2018,0.021816464141011238,0.022598978132009506,0.016128075811068218,0.0007825139909982681,0.00568838832994302,3.523611495333529
14260,3,2019,0.01893073506653309,0.022578192874789238,0.016128075811068218,0.0036474578082561493,0.0028026592554648705,17.574324900397365
14300,1,2017,0.00673889834433794,0.006731449626386166,0.007630201401827699,7.448717951774597e-06,0.000891303057489759,0.11059420941838842
14300,2,2018,0.0064966510981321335,0.006392916664481163,0.007630201401827699,0.00010373443365097046,0.0011335503036955658,1.609586218593693
14300,3,2019,0.009810295887291431,0.006529530510306358,0.007630201401827699,0.003280765376985073,0.002180094485463732,40.156649028228905
14380,1,2017,0.01117787603288889,0.016834260895848274,0.016893237017234514,0.005656384862959385,0.005715360984345625,40.3852291461216
14380,2,2018,0.01649666391313076,0.01591615192592144,0.016893237017234514,0.0005805119872093201,0.00039657310410375415,3.581989364900713
14380,3,2019,0.009658177383244038,0.01506690215319395,0.016893237017234514,0.005408724769949913,0.007235059633990477,43.75090138281553
14420,1,2017,0.005831999704241753,0.010481934063136578,0.011549387603036372,0.004649934358894825,0.0057173878987946194,57.005644069865205
14420,2,2018,0.005863004829734564,0.009379529394209385,0.011549387603036372,0.003516524564474821,0.005686382773301808,46.14091339096583
14420,3,2019,0.007019230630248785,0.009029866196215153,0.011549387603036372,0.0020106355659663677,0.004530156972787587,25.056043151896276
14460,1,2017,0.01869729720056057,0.01680622063577175,0.016803202047278153,0.0018910765647888184,0.0018940951532824164,10.652893839206573
14460,2,2018,0.02052382193505764,0.016416773200035095,0.016803202047278153,0.004107048735022545,0.0037206198877794867,22.235958073794205
14460,3,2019,0.01639379747211933,0.016280731186270714,0.016803202047278153,0.00011306628584861755,0.000409404575158822,0.6920757904539522
14500,1,2017,0.022290585562586784,0.018147265538573265,0.024769263525585443,0.004143320024013519,0.0024786779629986586,20.492280804113346
14500,2,2018,0.022113576531410217,0.01794382557272911,0.024769263525585443,0.004169750958681107,0.0026556869941752256,20.818873410198286
14500,3,2019,0.020100899040699005,0.017564374953508377,0.024769263525585443,0.002536524087190628,0.004668364484886438,13.468763902487632
14540,1,2017,0.01432548463344574,0.011605646461248398,0.01113841209213499,0.002719838172197342,0.0031870725413107506,20.97738901859477
14540,2,2018,0.019376240670681,0.011632750742137432,0.01113841209213499,0.007743489928543568,0.00823782857854601,49.943497537734835
14540,3,2019,0.010221474803984165,0.01122695580124855,0.01113841209213499,0.0010054809972643852,0.000916937288150824,9.375795805118631
14580,1,2017,0.018114369362592697,0.0194416306912899,0.020932347178867047,0.0013272613286972046,0.0028179778162743495,7.068170057431275
14580,2,2018,0.02619815804064274,0.01914755068719387,0.020932347178867047,0.007050607353448868,0.005265810861775692,31.09712471762268
14580,3,2019,0.0241203885525465,0.018577266484498978,0.020932347178867047,0.0055431220680475235,0.0031880413736794545,25.964520838496355
14620,1,2017,0.005453535821288824,0.008599948137998581,0.008390468427865944,0.003146412316709757,0.00293693260657712,44.77765210309734
14620,2,2018,0.006800232455134392,0.008235865272581577,0.008390468427865944,0.0014356328174471855,0.0015902359727315522,19.095803826955724
14620,3,2019,0.005756600294262171,0.008292528800666332,0.008390468427865944,0.0025359285064041615,0.002633868133603773,36.100838482261
14660,1,2017,0.017722515389323235,0.012765645980834961,0.020892320892320893,0.004956869408488274,0.0031698055029976586,32.51667243867603
14660,2,2018,0.009393427520990372,0.012423522770404816,0.020892320892320893,0.003030095249414444,0.011498893371330522,27.777428284631764
14660,3,2019,0.009310460649430752,0.01210541371256113,0.020892320892320893,0.0027949530631303787,0.011581860242890141,26.10168243241692
14700,1,2017,0.023157134652137756,0.025699108839035034,0.029431144300461235,0.002541974186897278,0.006274009648323479,10.405931708850964
14700,2,2018,0.024739161133766174,0.02593163028359413,0.029431144300461235,0.0011924691498279572,0.004691983166695061,4.706730963285715
14700,3,2019,0.013799379579722881,0.025144970044493675,0.029431144300461235,0.011345590464770794,0.015631764720738354,58.265641413786796
14720,1,2017,0.03665628284215927,0.034572187811136246,0.028169014084507043,0.0020840950310230255,0.008487268757652228,5.8518587281605905
14720,2,2018,0.029238637536764145,0.03445678949356079,0.028169014084507043,0.005218151956796646,0.001069623452257102,16.384696298770418
14720,3,2019,0.026244113221764565,0.03270673751831055,0.028169014084507043,0.006462624296545982,0.0019249008627424784,21.925462038767673
14740,1,2017,0.010220412164926529,0.009258715435862541,0.011810890002602017,0.0009616967290639877,0.0015904778376754879,9.874120187179445
14740,2,2018,0.012276302091777325,0.008674506098031998,0.011810890002602017,0.003601795993745327,0.0004654120891753079,34.38334447002432
14740,3,2019,0.01177865918725729,0.008901748806238174,0.011810890002602017,0.0028769103810191154,3.223081534472691e-05,27.822555442776633
14780,1,2017,0.009986224584281445,0.013647252693772316,0.014484824051143236,0.0036610281094908714,0.004498599466861791,30.981700384864745
14780,2,2018,0.012747992761433125,0.013549529016017914,0.014484824051143236,0.0008015362545847893,0.0017368312897101112,6.095904827631549
14780,3,2019,0.009948994033038616,0.013300571590662003,0.014484824051143236,0.0033515775576233864,0.00453583001810462,28.831300939590378
14820,1,2017,0.007999022491276264,0.008507074788212776,0.004735401740413887,0.000508052296936512,0.0032636207508623775,6.155931114876882
14820,2,2018,0.008430116809904575,0.008236777037382126,0.004735401740413887,0.0001933397725224495,0.0036947150694906887,2.320044254097312
14820,3,2019,0.014459295198321342,0.008102155290544033,0.004735401740413887,0.006357139907777309,0.009723893457907456,56.35397505329684
14860,1,2017,0.02118167281150818,0.018160657957196236,0.019429090268574593,0.003021014854311943,0.001752582542933586,15.357575554909863
14860,2,2018,0.018107227981090546,0.017908640205860138,0.019429090268574593,0.00019858777523040771,0.001321862287484047,1.1027790254041911
14860,3,2019,0.015352617017924786,0.01731082610785961,0.019429090268574593,0.001958209089934826,0.004076473250649807,11.990214766295015
15020,1,2017,0.004199640359729528,0.014314300380647182,0.008784982544497224,0.010114660020917654,0.004585342184767695,109.26527960192516
15020,2,2018,0.005208333022892475,0.014251873828470707,0.008784982544497224,0.009043540805578232,0.0035766495216047484,92.94388520593216
15020,3,2019,0.007841342128813267,0.014158479869365692,0.008784982544497224,0.006317137740552425,0.0009436404156839568,57.42896346731491
15060,1,2017,0.008105501532554626,0.01204586774110794,0.013009845288326301,0.003940366208553314,0.004904343755771675,39.10765764508527
15060,2,2018,0.012906309217214584,0.011851602233946323,0.013009845288326301,0.001054706983268261,0.00010353607111171677,8.520157763234241
15060,3,2019,0.00794370286166668,0.01163814403116703,0.013009845288326301,0.003694441169500351,0.005066142426659622,37.73330782386005
15100,1,2017,0.007801000960171223,0.013784090057015419,0.015716624497693107,0.005983089096844196,0.007915623537521885,55.4372119183533
15100,2,2018,0.005286060739308596,0.013356360606849194,0.015716624497693107,0.008070299867540598,0.010430563758384512,86.57990706994224
15100,3,2019,0.00725629972293973,0.013399515300989151,0.015716624497693107,0.006143215578049421,0.008460324774753378,59.48167716305469
15180,1,2017,0.009753966704010963,0.013442015275359154,0.011921187440024062,0.0036880485713481903,0.0021672207360130986,31.799015749171147
15180,2,2018,0.014134311117231846,0.013197154738008976,0.011921187440024062,0.0009371563792228699,0.0022131236772077838,6.857707825120389
15180,3,2019,0.007674053777009249,0.012850371189415455,0.011921187440024062,0.005176317412406206,0.004247133663014813,50.440535107290266
15220,1,2017,0.012204726226627827,0.010874728672206402,0.010417482572256598,0.0013299975544214249,0.0017872436543712282,11.525376002011248
15220,2,2018,0.005226800683885813,0.010468242689967155,0.010417482572256598,0.005241442006081343,0.005190681888370786,66.7910058186011
15220,3,2019,0.012063358910381794,0.010203078389167786,0.010417482572256598,0.0018602805212140083,0.0016458763381251955,16.70927109464507
15260,1,2017,0.012133527547121048,0.016705596819519997,0.014299728676347118,0.004572069272398949,0.0021662011292260704,31.707396028416003
15260,2,2018,0.009421930648386478,0.01639869250357151,0.014299728676347118,0.006976761855185032,0.00487779802796064,54.040207411846374
15260,3,2019,0.009049893356859684,0.016549333930015564,0.014299728676347118,0.00749944057315588,0.005249835319487434,58.59112511137861
15340,1,2017,0.006754355970770121,0.008731546811759472,0.005506530180021179,0.0019771908409893513,0.0012478257907489413,25.535347754507775
15340,2,2018,0.024392563849687576,0.00852048397064209,0.005506530180021179,0.015872079879045486,0.018886033669666395,96.4485279106559
15340,3,2019,0.00674034096300602,0.008396405726671219,0.005506530180021179,0.0016560647636651993,0.0012338107829848403,21.881368613060683
15380,1,2017,0.014821793884038925,0.014411546289920807,0.013297193353220707,0.0004102475941181183,0.0015246005308182185,2.806709403313997
15380,2,2018,0.01303752139210701,0.014442558400332928,0.013297193353220707,0.0014050370082259178,0.0002596719611136968,10.225854564801736
15380,3,2019,0.0134119288995862,0.014502729289233685,0.013297193353220707,0.0010908003896474838,0.000114735546365494,7.815248830966658
15420,1,2017,0.009825716726481915,0.010877800174057484,0.00905099023209965,0.0010520834475755692,0.0007747264943822642,10.163325820086806
15420,2,2018,0.008745905943214893,0.010590189136564732,0.00905099023209965,0.0018442831933498383,0.000305084288884757,19.076056793655546
15420,3,2019,0.015138275921344757,0.010627583600580692,0.00905099023209965,0.004510692320764065,0.006087285689245107,35.0129252725253
15460,1,2017,0.023867329582571983,0.009864774532616138,0.016958259897691612,0.014002555049955845,0.0069090696848803715,83.0221017404367
15460,2,2018,0.010593543760478497,0.009624805301427841,0.016958259897691612,0.0009687384590506554,0.006364716137213115,9.582760461266785
15460,3,2019,0.005412156693637371,0.009358465671539307,0.016958259897691612,0.003946308977901936,0.01154610320405424,53.43452982020966
15500,1,2017,0.011065083555877209,0.017890606075525284,0.012822747304733212,0.006825522519648075,0.0017576637488560028,47.14458712125738
15500,2,2018,0.023840051144361496,0.01703593134880066,0.012822747304733212,0.006804119795560837,0.011017303839628284,33.29152091756083
15500,3,2019,0.019320905208587646,0.01735980249941349,0.012822747304733212,0.001961102709174156,0.006498157903854435,10.692826267935223
15540,1,2017,0.012341180816292763,0.0137024549767375,0.014216462073562822,0.0013612741604447365,0.001875281257270059,10.453791080272158
15540,2,2018,0.014297840185463428,0.013004124164581299,0.014216462073562822,0.0012937160208821297,8.137811190060684e-05,9.477087658900464
15540,3,2019,0.015374410897493362,0.012596710585057735,0.014216462073562822,0.002777700312435627,0.0011579488239305408,19.861193775220762
15580,1,2017,0.009745473973453045,0.012230895459651947,0.014227408599678087,0.002485421486198902,0.004481934626225042,22.61902597526951
15580,2,2018,0.01591954380273819,0.012082114815711975,0.014227408599678087,0.0038374289870262146,0.0016921352030601026,27.408573676911175
15580,3,2019,0.015713995322585106,0.011774285696446896,0.014227408599678087,0.00393970962613821,0.0014865867229070188,28.66463850670442
15620,1,2017,0.006416646763682365,0.009300592355430126,0.011804138735062664,0.0028839455917477608,0.005387491971380299,36.69784158655123
15620,2,2018,0.013728609308600426,0.008741887286305428,0.011804138735062664,0.004986722022294998,0.0019244705735377617,44.384598106261706
15620,3,2019,0.007137859705835581,0.008952087722718716,0.011804138735062664,0.0018142280168831348,0.004666279029227083,22.55106049769263
15660,1,2017,0.013648124411702156,0.01655454933643341,0.009567254783627391,0.0029064249247312546,0.004080869628074765,19.24613685968003
15660,2,2018,0.0194746945053339,0.01611294411122799,0.009567254783627391,0.0033617503941059113,0.00990743972170651,18.892793004263897
15660,3,2019,0.01171046495437622,0.01570594310760498,0.009567254783627391,0.00399547815322876,0.0021432101707488296,29.146609481924663
15700,1,2017,0.008076900616288185,0.010037434287369251,0.005539911851126347,0.001960533671081066,0.002536988765161838,21.646200086266635
15700,2,2018,0.00774046266451478,0.009628670290112495,0.005539911851126347,0.0018882076255977154,0.002200550813388433,21.742093211279396
15700,3,2019,0.00616123853251338,0.009572112001478672,0.005539911851126347,0.003410873468965292,0.0006213266813870329,43.358486085614985
15740,1,2017,0.006700683850795031,0.00981896836310625,0.018358974358974357,0.00311828451231122,0.011658290508179327,37.75240040546575
15740,2,2018,0.00762313324958086,0.009857816621661186,0.018358974358974357,0.002234683372080326,0.010735841109393497,25.567055682755807
15740,3,2019,0.007345879450440407,0.010076599195599556,0.018358974358974357,0.002730719745159149,0.01101309490853395,31.34706872981463
15780,1,2017,0.014373498037457466,0.006797097623348236,0.008261858918256608,0.00757640041410923,0.006111639119200858,71.57471576862662
15780,2,2018,0.004461894743144512,0.006478413939476013,0.008261858918256608,0.002016519196331501,0.003799964175112096,36.863993725061874
15780,3,2019,0.003946843557059765,0.006479344330728054,0.008261858918256608,0.002532500773668289,0.0043150153611968434,48.57956468742266
15820,1,2017,0.01192476786673069,0.009103995747864246,0.006214566070649804,0.0028207721188664436,0.005710201796080886,26.827737751750753
15820,2,2018,0.006430607754737139,0.00861081387847662,0.006214566070649804,0.002180206123739481,0.00021604168408733467,28.989343260720684
15820,3,2019,0.009812906384468079,0.008592873811721802,0.006214566070649804,0.0012200325727462769,0.0035983403138182745,13.257051827080279
15860,1,2017,0.00808335468173027,0.008250203914940357,0.005725310907451293,0.00016684923321008682,0.0023580437742789775,2.0430224077804615
15860,2,2018,0.0053159939125180244,0.008127464912831783,0.005725310907451293,0.002811471000313759,0.00040931699493326843,41.82657075846795
15860,3,2019,0.010827374644577503,0.008396157063543797,0.005725310907451293,0.0024312175810337067,0.00510206373712621,25.294169180142273
15940,1,2017,0.015880702063441277,0.010485918261110783,0.011664030377967063,0.005394783802330494,0.004216671685474214,40.921298898835644
15940,2,2018,0.011147796176373959,0.009654977358877659,0.011664030377967063,0.0014928188174962997,0.0005162342015931042,14.352106437743053
15940,3,2019,0.009339515119791031,0.009595578536391258,0.011664030377967063,0.00025606341660022736,0.002324515258176032,2.7046423536912925
15980,1,2017,0.017339881509542465,0.02558927983045578,0.01744074247934258,0.008249398320913315,0.00010086096980011644,38.432599854202785
15980,2,2018,0.016027061268687248,0.025510743260383606,0.01744074247934258,0.009483681991696358,0.0014136812106553334,45.662883804630894
15980,3,2019,0.02009020932018757,0.025089846923947334,0.01744074247934258,0.004999637603759766,0.002649466840844987,22.13205078869843
16020,1,2017,0.007143518887460232,0.015476313419640064,0.01445392298769158,0.008332794532179832,0.007310404100231349,73.6768578582371
16020,2,2018,0.00951568502932787,0.015230054967105389,0.01445392298769158,0.005714369937777519,0.004938237958363711,46.184657475333445
16020,3,2019,0.012753003276884556,0.015183075331151485,0.01445392298769158,0.0024300720542669296,0.0017009197108070247,17.39736788755674
16060,1,2017,0.005122695118188858,0.005750893149524927,0.003982323434553754,0.0006281980313360691,0.0011403716836351037,11.554556566639649
16060,2,2018,0.0028237069491297007,0.005444628652185202,0.003982323434553754,0.002620921703055501,0.0011586164854240537,63.39652040279255
16060,3,2019,0.00415405910462141,0.00558799784630537,0.003982323434553754,0.00143393874168396,0.000171735670067656,29.438080212486053
16100,1,2017,0.01665693335235119,0.016876600682735443,0.02035924156414909,0.00021966733038425446,0.0037023082117979,1.3101348915248168
16100,2,2018,0.02591601014137268,0.016427993774414062,0.02035924156414909,0.009488016366958618,0.005556768577223592,44.813967734982654
16100,3,2019,0.023857951164245605,0.016104763373732567,0.02035924156414909,0.007753187790513039,0.0034987096000965168,38.80209810592306
16140,1,2017,0.007831268012523651,0.013475103303790092,0.006812838842776951,0.005643835291266441,0.0010184291697466997,52.977886835669295
16140,2,2018,0.05594136193394661,0.013440675102174282,0.006812838842776951,0.04250068683177233,0.049128523091169655,122.51205793811793
16140,3,2019,0.012481397949159145,0.013696596026420593,0.006812838842776951,0.001215198077261448,0.005668559106382194,9.284115613971565
16180,1,2017,0.01572715863585472,0.02605932392179966,0.017152965140171887,0.010332165285944939,0.001425806504317166,49.45217774231357
16180,2,2018,0.01949317753314972,0.025746053084731102,0.017152965140171887,0.006252875551581383,0.002340212392977832,27.643592006316446
16180,3,2019,0.01933957450091839,0.025584165006875992,0.017152965140171887,0.0062445905059576035,0.002186609360746501,27.800842869868426
16220,1,2017,0.01606486551463604,0.019587527960538864,0.01559961806976427,0.0035226624459028244,0.00046524744487176986,19.761149894736754
16220,2,2018,0.018693726509809494,0.01980126090347767,0.01559961806976427,0.0011075343936681747,0.003094108440045224,5.75417310346872
16220,3,2019,0.012416476383805275,0.019745664671063423,0.01559961806976427,0.007329188287258148,0.003183141685958995,45.576480719554716
16260,1,2017,0.01614593155682087,0.016945037990808487,0.011400489445096596,0.0007991064339876175,0.004745442111724273,4.829753878016377
16260,2,2018,0.01644693687558174,0.016846144571900368,0.011400489445096596,0.0003992076963186264,0.005046447430485145,2.3981413498254014
16260,3,2019,0.013495905324816704,0.016885792836546898,0.011400489445096596,0.003389887511730194,0.0020954158797201073,22.315318768291714
16300,1,2017,0.013241605833172798,0.011925223283469677,0.011324529070736632,0.0013163825497031212,0.0019170767624361665,10.46124659200937
16300,2,2018,0.012941954657435417,0.011340164579451084,0.011324529070736632,0.001601790077984333,0.0016174255866987855,13.193159976688415
16300,3,2019,0.012826832942664623,0.011285902000963688,0.011324529070736632,0.0015409309417009354,0.0015023038719279916,12.781049567798124
16340,1,2017,0.01575254276394844,0.007676619105041027,0.007830514988470408,0.008075923658907413,0.007922027775478032,68.93904491431552
16340,2,2018,0.009684944525361061,0.007428321987390518,0.007830514988470408,0.002256622537970543,0.001854429536890653,26.37277012720586
16340,3,2019,0.01754632778465748,0.0075204805471003056,0.007830514988470408,0.010025847237557173,0.00971581279618707,79.99297800674746
16380,1,2017,0.006816877517849207,0.006649988703429699,0.005028873917228104,0.00016688881441950798,0.001788003600621103,2.47850818077333
16380,2,2018,0.00661416444927454,0.0061068106442689896,0.005028873917228104,0.0005073538050055504,0.001585290532046436,7.976643338149263
16380,3,2019,0.008673926815390587,0.00622527115046978,0.005028873917228104,0.002448655664920807,0.003645052898162483,32.86960851250065
16460,1,2017,0.003246413078159094,0.0069987038150429726,0.006400249765844521,0.0037522907368838787,0.003153836687685427,73.25025401830075
16460,2,2018,0.005638552829623222,0.006618079263716936,0.006400249765844521,0.0009795264340937138,0.0007616969362212985,15.983601815801656
16460,3,2019,0.006443094462156296,0.006763073615729809,0.006400249765844521,0.00031997915357351303,4.284469631177495e-05,4.845900936461273
16500,1,2017,0.007460784632712603,0.008705899119377136,0.006017206872352039,0.0012451144866645336,0.0014435777603605633,15.40345237879684
16500,2,2018,0.011131027713418007,0.008282827213406563,0.006017206872352039,0.002848200500011444,0.0051138208410659676,29.341921464345017
16500,3,2019,0.013057765550911427,0.008503773249685764,0.006017206872352039,0.004553992301225662,0.007040558678559387,42.24179202840503
16540,1,2017,0.012890441343188286,0.00939487386494875,0.014094560745480267,0.0034955674782395363,0.001204119402291981,31.37102506328425
16540,2,2018,0.007257026620209217,0.009014924988150597,0.014094560745480267,0.0017578983679413795,0.00683753412527105,21.606471429212924
16540,3,2019,0.006567585747689009,0.009164533577859402,0.014094560745480267,0.002596947830170393,0.007526974997791258,33.01457515929574
16580,1,2017,0.010517977178096771,0.008376394398510456,0.009838325883425623,0.002141582779586315,0.0006796512946711485,22.66899047109081
16580,2,2018,0.011489475145936012,0.0077556730248034,0.009838325883425623,0.0037338021211326122,0.0016511492625103895,38.80250905715634
16580,3,2019,0.012357032857835293,0.007947024889290333,0.009838325883425623,0.00441000796854496,0.00251870697440967,43.43964986197673
16620,1,2017,0.012804192490875721,0.01243747677654028,0.014922615946767751,0.0003667157143354416,0.00211842345589203,2.90563643131959
16620,2,2018,0.012133914977312088,0.012227194383740425,0.014922615946767751,9.32794064283371e-05,0.002788700969455663,0.765805585908077
16620,3,2019,0.00992350373417139,0.01232728362083435,0.014922615946767751,0.00240377988666296,0.004999112212596361,21.606235932234434
16660,1,2017,0.012577768415212631,0.0107454564422369,0.01969372687604732,0.001832311972975731,0.0071159584608346885,15.712331365479375
16660,2,2018,0.006254271604120731,0.010725630447268486,0.01969372687604732,0.004471358843147755,0.013439455271926588,52.66645468616463
16660,3,2019,0.01823519729077816,0.010715882293879986,0.01969372687604732,0.007519314996898174,0.0014585295852691596,51.94495340087534
16700,1,2017,0.01746576651930809,0.01878012716770172,0.02079468983481525,0.001314360648393631,0.0033289233155071596,7.2524644977450805
16700,2,2018,0.018859151750802994,0.01844310574233532,0.02079468983481525,0.00041604600846767426,0.001935538084012256,2.2306740926363533
16700,3,2019,0.0178800318390131,0.01779291406273842,0.02079468983481525,8.711777627468109e-05,0.00291465799580215,0.4884247692544237
16740,1,2017,0.019443707540631294,0.02169077657163143,0.020780383548983365,0.0022470690310001373,0.001336676008352071,10.925473034225341
16740,2,2018,0.01941191777586937,0.02175637148320675,0.020780383548983365,0.0023444537073373795,0.0013684657731139957,11.389606806846713
16740,3,2019,0.01917901076376438,0.021152690052986145,0.020780383548983365,0.0019736792892217636,0.0016013727852189838,9.787233168408303
16820,1,2017,0.017615513876080513,0.015035079792141914,0.017722413969541637,0.0025804340839385986,0.00010690009346112431,15.80634839195966
16820,2,2018,0.013188290409743786,0.014842700213193893,0.017722413969541637,0.0016544098034501076,0.0045341235597978514,11.804143745737775
16820,3,2019,0.01693255826830864,0.014942281879484653,0.017722413969541637,0.001990276388823986,0.0007898557012329978,12.488067423663
16860,1,2017,0.013795965351164341,0.013621148653328419,0.015308587944600965,0.00017481669783592224,0.0015126225934366244,1.2752373137844477
16860,2,2018,0.010341913439333439,0.013422243297100067,0.015308587944600965,0.0030803298577666283,0.0049666745052675265,25.92415624692692
16860,3,2019,0.016534700989723206,0.013190466910600662,0.015308587944600965,0.0033442340791225433,0.0012261130451222402,22.50101977748706
16940,1,2017,0.017701804637908936,0.015246142633259296,0.01788536642567988,0.002455662004649639,0.00018356178777094445,14.906308056909586
16940,2,2018,0.02080480195581913,0.014745267108082771,0.01788536642567988,0.006059534847736359,0.00291943553013925,34.090134296715554
16940,3,2019,0.015434048138558865,0.014684656634926796,0.01788536642567988,0.0007493915036320686,0.0024513182871210154,4.976251538407467
16980,1,2017,0.016784334555268288,0.01382130291312933,0.01800827543576853,0.002963031642138958,0.001223940880500242,19.362646356026197
16980,2,2018,0.01665652170777321,0.013952572830021381,0.01800827543576853,0.0027039488777518272,0.001351753727995321,17.667611768342496
16980,3,2019,0.015177182853221893,0.014082510955631733,0.01800827543576853,0.0010946718975901604,0.0028310925825466363,7.4824537168344545
17020,1,2017,0.011751003563404083,0.011658843606710434,0.01113575825605117,9.215995669364929e-05,0.0006152453073529126,0.7873602647290175
17020,2,2018,0.008896823041141033,0.01119900867342949,0.01113575825605117,0.002302185632288456,0.0022389352149101375,22.91205976825795
17020,3,2019,0.0097279604524374,0.011100242845714092,0.01113575825605117,0.0013722823932766914,0.0014077978036137698,13.177149413948834
17060,1,2017,0.00730659207329154,0.011173442006111145,0.006471151606139829,0.003866849932819605,0.0008354404671517112,41.84892542685525
17060,2,2018,0.007316536735743284,0.011246299371123314,0.006471151606139829,0.00392976263538003,0.0008453851296034553,42.340087427933454
17060,3,2019,0.004859211854636669,0.011209612712264061,0.006471151606139829,0.006350400857627392,0.0016119397515031598,79.03996809710416
17140,1,2017,0.015881188213825226,0.015908511355519295,0.01647816649729189,2.732314169406891e-05,0.0005969782834666648,0.17189928479508465
17140,2,2018,0.017576156184077263,0.015583517029881477,0.01647816649729189,0.0019926391541957855,0.0010979896867853722,12.01844505774394
17140,3,2019,0.017211465165019035,0.01534052100032568,0.01647816649729189,0.0018709441646933556,0.0007332986677271447,11.495111729493182
17220,1,2017,0.012236000038683414,0.012051090598106384,0.012876137158852344,0.00018490944057703018,0.0006401371201689293,1.522696705072582
17220,2,2018,0.02092456817626953,0.011911917477846146,0.012876137158852344,0.009012650698423386,0.008048431017417187,54.89410802759492
17220,3,2019,0.015599405393004417,0.011947693303227425,0.012876137158852344,0.003651712089776993,0.0027232682341520736,26.51248906043275
17260,1,2017,0.003740106476470828,0.006380144972354174,0.006464424539462566,0.0026400384958833456,0.0027243180629917376,52.173325940899744
17260,2,2018,0.005362889263778925,0.005852391477674246,0.006464424539462566,0.0004895022138953209,0.0011015352756836407,8.72919347665339
17260,3,2019,0.018819427117705345,0.006076112389564514,0.006464424539462566,0.012743314728140831,0.01235500257824278,102.37423941511794
17300,1,2017,0.008004151284694672,0.009689101949334145,0.009920010709863114,0.001684950664639473,0.0019158594251684428,19.046239716807783
17300,2,2018,0.00949261337518692,0.009268097579479218,0.009920010709863114,0.00022451579570770264,0.00042739733467619424,2.3934666077090325
17300,3,2019,0.010821402072906494,0.009183243848383427,0.009920010709863114,0.0016381582245230675,0.0009013913630433797,16.377769564930734
17340,1,2017,0.006589785683900118,0.00620834156870842,0.005514678108994213,0.0003814441151916981,0.0010751075749059046,5.960931777223307
17340,2,2018,0.004911270458251238,0.005959478672593832,0.005514678108994213,0.0010482082143425941,0.0006034076507429754,19.28491288834414
17340,3,2019,0.007548391819000244,0.006052729673683643,0.005514678108994213,0.0014956621453166008,0.002033713710006031,21.993201758561405
17380,1,2017,0.007237373851239681,0.008880309760570526,0.0061325480433528645,0.0016429359093308449,0.0011048258078868167,20.38673707169848
17380,2,2018,0.0067842621356248856,0.008629129268229008,0.0061325480433528645,0.0018448671326041222,0.000651714092272021,23.938481640306083
17380,3,2019,0.008334397338330746,0.008356100879609585,0.0061325480433528645,2.170354127883911e-05,0.002201849294977881,0.2600704663445821
17420,1,2017,0.009759875014424324,0.013019702397286892,0.011767997629941736,0.003259827382862568,0.0020081226155174124,28.62060075053561
17420,2,2018,0.009968354366719723,0.012886581011116505,0.011767997629941736,0.002918226644396782,0.0017996432632220137,25.536938252556546
17420,3,2019,0.013989359140396118,0.012752946466207504,0.011767997629941736,0.001236412674188614,0.0022213615104543817,9.246863228876858
17500,1,2017,0.01265790406614542,0.012220071628689766,0.011257723321813802,0.00043783243745565414,0.001400180744331618,3.519838324744681
17500,2,2018,0.006959301419556141,0.011760067194700241,0.011257723321813802,0.0048007657751441,0.004298421902257661,51.29193520866032
17500,3,2019,0.010240471921861172,0.011365066282451153,0.011257723321813802,0.001124594360589981,0.0010172513999526303,10.410236759144295
17540,1,2017,0.013686365447938442,0.00958345178514719,0.007975628847659143,0.004102913662791252,0.0057107366002792995,35.26380855082263
17540,2,2018,0.010153592564165592,0.009345069527626038,0.007975628847659143,0.0008085230365395546,0.0021779637165064494,8.293108707437765
17540,3,2019,0.008122917264699936,0.009389678947627544,0.007975628847659143,0.0012667616829276085,0.00014728841704079315,14.466855105048944
17580,1,2017,0.0109621686860919,0.011966902762651443,0.010913888222595347,0.0010047340765595436,4.828046349655314e-05,8.763840617039714
17580,2,2018,0.017180167138576508,0.011720141395926476,0.010913888222595347,0.005460025742650032,0.006266278915981161,37.78522881075872
17580,3,2019,0.00873946025967598,0.011487482115626335,0.010913888222595347,0.0027480218559503555,0.002174427962919367,27.171882396932602
17660,1,2017,0.014542159624397755,0.01984969899058342,0.013061694976719487,0.005307539366185665,0.0014804646476782677,30.865082822941986
17660,2,2018,0.015890754759311676,0.0193009115755558,0.013061694976719487,0.0034101568162441254,0.002829059782592189,19.380473858617435
17660,3,2019,0.01354579534381628,0.019408460706472397,0.013061694976719487,0.0058626653626561165,0.0004841003670967934,35.58061559440957
17740,1,2017,0.0070128776133060455,0.005962000228464603,0.0071984655308586255,0.001050877384841442,0.00018558791755258,16.198635358654965
17740,2,2018,0.010669056326150894,0.005687767639756203,0.0071984655308586255,0.0049812886863946915,0.0034705907952922686,60.90773675122336
17740,3,2019,0.004471971653401852,0.005856427829712629,0.0071984655308586255,0.0013844561763107777,0.002726493877456774,26.808700382651786
17780,1,2017,0.01662205345928669,0.015323858708143234,0.013103862129014798,0.0012981947511434555,0.003518191330271892,8.1274520381009
17780,2,2018,0.014334061183035374,0.015166244469583035,0.013103862129014798,0.0008321832865476608,0.0012301990540205757,5.641860218358696
17780,3,2019,0.019044358283281326,0.01501806452870369,0.013103862129014798,0.004026293754577637,0.005940496154266528,23.64067051112666
17820,1,2017,0.016375523060560226,0.01887734793126583,0.01750034295184956,0.0025018248707056046,0.0011248198912893331,14.193590993517338
17820,2,2018,0.016069423407316208,0.0185967069119215,0.01750034295184956,0.0025272835046052933,0.0014309195445333517,14.580703137596178
17820,3,2019,0.017631685361266136,0.018172595649957657,0.01750034295184956,0.0005409102886915207,0.0001313424094165766,3.0214830313045895
17860,1,2017,0.020323647186160088,0.01235862448811531,0.016602248770203793,0.007965022698044777,0.0037213984159562945,48.74214583563875
17860,2,2018,0.010908866301178932,0.011809326708316803,0.016602248770203793,0.0009004604071378708,0.005693382469024861,7.927215077367669
17860,3,2019,0.010920091532170773,0.01164341066032648,0.016602248770203793,0.0007233191281557083,0.0056821572380330206,6.411405476105125
17900,1,2017,0.017404651269316673,0.01359589397907257,0.015244623459534019,0.0038087572902441025,0.0021600278097826543,24.572187560685716
17900,2,2018,0.014360249042510986,0.01302004512399435,0.015244623459534019,0.001340203918516636,0.0008843744170230327,9.78954733568025
17900,3,2019,0.017101727426052094,0.012858659029006958,0.015244623459534019,0.0042430683970451355,0.0018571039665180745,28.324514352871052
17980,1,2017,0.010603007860481739,0.011347120627760887,0.013542691339235448,0.0007441127672791481,0.0029396834787537088,6.780027995520162
17980,2,2018,0.0109840864315629,0.011014286428689957,0.013542691339235448,3.0199997127056122e-05,0.0025586049076725473,0.27456561074425256
17980,3,2019,0.010797769762575626,0.010799077339470387,0.013542691339235448,1.3075768947601318e-06,0.0027449215766598214,0.012108955377921692
18020,1,2017,0.012098418548703194,0.016340462490916252,0.020240065202894612,0.0042420439422130585,0.008141646654191419,29.83269591140726
18020,2,2018,0.011905785650014877,0.01558866910636425,0.020240065202894612,0.003682883456349373,0.008334279552879735,26.78999928881968
18020,3,2019,0.012329417280852795,0.014923413284122944,0.020240065202894612,0.0025939960032701492,0.007910647922041818,19.036518392169725
18060,1,2017,0.015341699123382568,0.0071389018557965755,0.012566004946193437,0.008202797267585993,0.002775694177189132,72.97663996039229
18060,2,2018,0.0137643339112401,0.006781331729143858,0.012566004946193437,0.006983002182096243,0.0011983289650466643,67.97539593558719
18060,3,2019,0.013682627119123936,0.00687866285443306,0.012566004946193437,0.006803964264690876,0.0011166221729304992,66.18223821880096
18100,1,2017,0.020479226484894753,0.0115278959274292,0.02041302857824001,0.008951330557465553,6.619790665474135e-05,55.93334911826686
18100,2,2018,0.014259256422519684,0.011617926880717278,0.02041302857824001,0.0026413295418024063,0.006153772155720327,20.41434332425846
18100,3,2019,0.007910329848527908,0.011448519304394722,0.02041302857824001,0.0035381894558668137,0.012502698729712103,36.553698003765355
18140,1,2017,0.018996695056557655,0.017299257218837738,0.017931978191600147,0.0016974378377199173,0.0010647168649575087,9.3533149766942
18140,2,2018,0.016526591032743454,0.016970913857221603,0.017931978191600147,0.0004443228244781494,0.0014053871588566927,2.652870375236441
18140,3,2019,0.014368133619427681,0.0166438240557909,0.017931978191600147,0.00227569043636322,0.0035638445721724657,14.676207973618562
18180,1,2017,0.009790877811610699,0.009949535131454468,0.011138350031976125,0.00015865731984376907,0.0013474722203654262,1.607435872082017
18180,2,2018,0.01999026909470558,0.009945203550159931,0.011138350031976125,0.01004506554454565,0.008851919062729457,67.11143203344052
18180,3,2019,0.01331039983779192,0.010000609792768955,0.011138350031976125,0.0033097900450229645,0.002172049805815795,28.39678484662946
18220,1,2017,0.004646007437258959,0.0058861686848104,0.006376466587315083,0.0012401612475514412,0.001730459150056124,23.549930340725407
18220,2,2018,0.007053392473608255,0.005312532652169466,0.006376466587315083,0.0017408598214387894,0.0006769258862931726,28.155732724326462
18220,3,2019,0.004563094582408667,0.0054354616440832615,0.006376466587315083,0.0008723670616745949,0.0018133720049064161,17.44984314577414
18260,1,2017,0.011444801464676857,0.0113493287935853,0.017521787442719,9.547267109155655e-05,0.006076985978042144,0.8376948637661445
18260,2,2018,0.01172991469502449,0.011267339810729027,0.017521787442719,0.00046257488429546356,0.0057918727476945105,4.022868756236076
18260,3,2019,0.011433778330683708,0.010776305571198463,0.017521787442719,0.0006574727594852448,0.006088009112035293,5.9204860851986565
18300,1,2017,0.0069661871530115604,0.01749415509402752,0.00847430929653782,0.010527967941015959,0.0015081221435262592,86.08189967738805
18300,2,2018,0.008034746162593365,0.016876045614480972,0.00847430929653782,0.008841299451887608,0.00043956313394445494,70.98366026921177
18300,3,2019,0.00924026221036911,0.016292113810777664,0.00847430929653782,0.007051851600408554,0.0007659529138312905,55.238484915338304
18380,1,2017,0.012624834664165974,0.011356918141245842,0.008504737693552115,0.0012679165229201317,0.0041200969706138586,10.57400603290104
18380,2,2018,0.012950398959219456,0.010866637341678143,0.008504737693552115,0.002083761617541313,0.004445661265667341,17.49806916622387
18380,3,2019,0.017529334872961044,0.010956446640193462,0.008504737693552115,0.006572888232767582,0.00902459717940893,46.14853850722228
18420,1,2017,0.009159103967249393,0.014088649302721024,0.012685755708590069,0.00492954533547163,0.003526651741340675,42.40877092756031
18420,2,2018,0.0065370663069188595,0.013725087977945805,0.012685755708590069,0.007188021671026945,0.006148689401671209,70.95018646548256
18420,3,2019,0.01100848987698555,0.013590235263109207,0.012685755708590069,0.0025817453861236572,0.0016772658316045186,20.990879176673893
18460,1,2017,0.007576602511107922,0.008279584348201752,0.00834558407780165,0.0007029818370938301,0.0007689815666937286,8.866966566211458
18460,2,2018,0.009355212561786175,0.007861761376261711,0.00834558407780165,0.0014934511855244637,0.0010096284839845246,17.348580807165412
18460,3,2019,0.0072347791865468025,0.007761489599943161,0.00834558407780165,0.0005267104133963585,0.0011108048912548477,7.024548168187804
18500,1,2017,0.007154304068535566,0.007959949783980846,0.0083481479171215,0.0008056457154452801,0.0011938438485859341,10.660733771842233
18500,2,2018,0.007834331132471561,0.007561303209513426,0.0083481479171215,0.0002730279229581356,0.000513816784649939,3.5468203459801884
18500,3,2019,0.005139912944287062,0.007717450615018606,0.0083481479171215,0.0025775376707315445,0.003208234972834439,40.09431100127013
18580,1,2017,0.015358036383986473,0.018148347735404968,0.015396337148410594,0.002790311351418495,3.830076442412102e-05,16.65539622960284
18580,2,2018,0.01565314270555973,0.01760154217481613,0.015396337148410594,0.001948399469256401,0.00025680555714913643,11.718041475137294
18580,3,2019,0.012309350073337555,0.017474297434091568,0.015396337148410594,0.005164947360754013,0.003086987075073039,34.68309665772706
18620,1,2017,0.01120420079678297,0.011960404925048351,0.007545119816502686,0.0007562041282653809,0.0036590809802802843,6.528958972133536
18620,2,2018,0.0067682224325835705,0.011652558110654354,0.007545119816502686,0.004884335678070784,0.0007768973839191156,53.03068472122409
18620,3,2019,0.014470414258539677,0.011331564746797085,0.007545119816502686,0.003138849511742592,0.006925294442036991,24.330291056967482
18660,1,2017,0.009096458554267883,0.008922873996198177,0.008309900533008771,0.00017358455806970596,0.0007865580212591122,1.9266469637674575
18660,2,2018,0.009697865694761276,0.008874720893800259,0.008309900533008771,0.0008231448009610176,0.0013879651617525052,8.864078827491195
18660,3,2019,0.007642853073775768,0.00879845954477787,0.008309900533008771,0.001155606471002102,0.0006670474592330028,14.05734195250238
18700,1,2017,0.028800807893276215,0.010881793685257435,0.009996054189135867,0.01791901420801878,0.018804753704140347,90.3116679836268
18700,2,2018,0.012235178612172604,0.010344902984797955,0.009996054189135867,0.001890275627374649,0.002239124423036736,16.74285172189697
18700,3,2019,0.011373935267329216,0.010417809709906578,0.009996054189135867,0.0009561255574226379,0.0013778810781933486,8.775112958285648
18740,1,2017,0.00507960794493556,0.00626572547480464,0.005909264201296225,0.0011861175298690796,0.0008296562563606651,20.90932792400639
18740,2,2018,0.007819950580596924,0.0061128828674554825,0.005909264201296225,0.0017070677131414413,0.0019106863793006985,24.504225853195283
18740,3,2019,0.015141178853809834,0.006239452864974737,0.005909264201296225,0.008901725988835096,0.009231914652513608,83.2690253727439
18820,1,2017,0.007465236354619265,0.010064153000712395,0.0073721071061846714,0.00259891664609313,9.312924843459316e-05,29.652090107727002
18820,2,2018,0.005460444372147322,0.009879189543426037,0.0073721071061846714,0.004418745171278715,0.0019116627340373497,57.612095764395754
18820,3,2019,0.0034044121857732534,0.009900212287902832,0.0073721071061846714,0.006495800102129579,0.003967694920411418,97.64717873282214
18860,1,2017,0.00892824586480856,0.005600753705948591,0.0034834262246993255,0.003327492158859968,0.005444819640109234,45.804803729461135
18860,2,2018,0.0036951161455363035,0.005101327784359455,0.0034834262246993255,0.0014062116388231516,0.000211689920836978,31.972239041552413
18860,3,2019,0.0017695282585918903,0.005355997011065483,0.0034834262246993255,0.0035864687524735928,0.0017138979661074352,100.66524455350975
18880,1,2017,0.02000892348587513,0.02052468992769718,0.016567195671504574,0.000515766441822052,0.0034417278143705557,2.544881993694905
18880,2,2018,0.015186268836259842,0.020617060363292694,0.016567195671504574,0.005430791527032852,0.001380926835244732,30.33678784408313
18880,3,2019,0.02228010818362236,0.0203272495418787,0.016567195671504574,0.00195285864174366,0.005712912512117786,9.166765026767184
18900,1,2017,0.0038236044347286224,0.010923972353339195,0.009298104419596226,0.007100367918610573,0.005474499984867603,96.2919292579507
18900,2,2018,0.00961377378553152,0.010590361431241035,0.009298104419596226,0.0009765876457095146,0.0003156693659352953,9.667200816778887
18900,3,2019,0.012290412560105324,0.010604859329760075,0.009298104419596226,0.0016855532303452492,0.0029923081405090982,14.724022516546167
18980,1,2017,0.007683207280933857,0.008252584375441074,0.013221792917656234,0.0005693770945072174,0.005538585636722377,7.145885808379708
18980,2,2018,0.005881466902792454,0.007957017049193382,0.013221792917656234,0.0020755501464009285,0.00734032601486378,29.996763428192057
18980,3,2019,0.0075836037285625935,0.008094062097370625,0.013221792917656234,0.0005104583688080311,0.00563818918909364,6.511913812679513
19060,1,2017,0.011987444944679737,0.009887436404824257,0.0073263055069396395,0.00210000853985548,0.0046611394377400975,19.200173443632643
19060,2,2018,0.005863612052053213,0.009615102782845497,0.0073263055069396395,0.003751490730792284,0.0014626934548864264,48.47286544346446
19060,3,2019,0.007329721935093403,0.00970801617950201,0.0073263055069396395,0.0023782942444086075,3.4164281537633207e-06,27.917941131800603
19100,1,2017,0.022709904238581657,0.02412901073694229,0.022060262206879098,0.0014191064983606339,0.0006496420317025596,6.059517801069086
19100,2,2018,0.019533075392246246,0.023301972076296806,0.022060262206879098,0.00376889668405056,0.0025271868146328515,17.597252842806803
19100,3,2019,0.022369230166077614,0.023118987679481506,0.022060262206879098,0.0007497575134038925,0.000308967959198516,3.296490318108047
19140,1,2017,0.01624293625354767,0.011941256932914257,0.011544920235096557,0.004301679320633411,0.0046980160184511115,30.52546344613135
19140,2,2018,0.009377624839544296,0.011313343420624733,0.011544920235096557,0.0019357185810804367,0.0021672953955522607,18.710749745523373
19140,3,2019,0.016703559085726738,0.011183179914951324,0.011544920235096557,0.0055203791707754135,0.005158638850630181,39.59141433546941
19180,1,2017,0.007539481855928898,0.010604577139019966,0.006621071946415511,0.0030650952830910683,0.0009184099095133867,33.78619519077404
19180,2,2018,0.014180385507643223,0.010482887737452984,0.006621071946415511,0.003697497770190239,0.007559313561227712,29.98382440363378
19180,3,2019,0.0034716660156846046,0.01066414825618267,0.006621071946415511,0.007192482240498066,0.0031494059307309065,101.76247387019863
19220,1,2017,0.012538265436887741,0.00984976813197136,0.007517829571355048,0.002688497304916382,0.0050204358655326934,24.017259897206714
19220,2,2018,0.008760401047766209,0.009419445879757404,0.007517829571355048,0.0006590448319911957,0.001242571476411161,7.25027523174208
19220,3,2019,0.00767413480207324,0.009277201257646084,0.007517829571355048,0.0016030664555728436,0.00015630523071819263,18.91373640683478
19260,1,2017,0.01182618085294962,0.008006253279745579,0.006557034815862141,0.0038199275732040405,0.005269146037087479,38.522005131043
19260,2,2018,0.009779460728168488,0.007615982089191675,0.006557034815862141,0.0021634786389768124,0.003222425912306347,24.874070962012816
19260,3,2019,0.009187444113194942,0.0076341223903000355,0.006557034815862141,0.001553321722894907,0.002630409297332802,18.468206265592016
19300,1,2017,0.014888038858771324,0.01757439598441124,0.013956830424272417,0.0026863571256399155,0.0009312084344989067,16.550553346286716
19300,2,2018,0.01381636131554842,0.01708771474659443,0.013956830424272417,0.003271353431046009,0.00014046910872399752,21.171009066360188
19300,3,2019,0.018581239506602287,0.01643296889960766,0.013956830424272417,0.002148270606994629,0.00462440908232987,12.270847128854502
19340,1,2017,0.012956607155501842,0.011723298579454422,0.011227895727651024,0.0012333085760474205,0.001728711427850818,9.994431012587134
19340,2,2018,0.012194046750664711,0.011463568545877934,0.011227895727651024,0.0007304782047867775,0.0009661510230136866,6.175414443591939
19340,3,2019,0.013173062354326248,0.011308213695883751,0.011227895727651024,0.0018648486584424973,0.0019451666266752238,15.234891293029115
19430,1,2017,0.015361345373094082,0.014856090769171715,0.014438917764240515,0.0005052546039223671,0.0009224276088535665,3.3441251225771627
19430,2,2018,0.014468765817582607,0.014559539034962654,0.014438917764240515,9.077321738004684e-05,2.9848053342091882e-05,0.6254115531070014
19430,3,2019,0.011920378543436527,0.01438878383487463,0.014438917764240515,0.0024684052914381027,0.002518539220803988,18.764598566186862
19460,1,2017,0.008803739212453365,0.011831832118332386,0.016987623026086057,0.0030280929058790207,0.008183883813632692,29.348268481891303
19460,2,2018,0.013496189378201962,0.011670141480863094,0.016987623026086057,0.0018260478973388672,0.0034914336478840957,14.511826789321375
19460,3,2019,0.009136608801782131,0.011742321774363518,0.016987623026086057,0.0026057129725813866,0.007851014224303926,24.960202966988025
19500,1,2017,0.01140899769961834,0.007779871113598347,0.009425485314214044,0.003629126586019993,0.001983512385404295,37.82531143529205
19500,2,2018,0.01020058710128069,0.007519401144236326,0.009425485314214044,0.002681185957044363,0.0007751017870666448,30.26169551368524
19500,3,2019,0.012375406920909882,0.007844815962016582,0.009425485314214044,0.004530590958893299,0.002949921606695837,44.81245082710035
19540,1,2017,0.015605566091835499,0.00790049135684967,0.005797925252238169,0.007705074734985828,0.009807640839597329,65.55817770715039
19540,2,2018,0.03988964855670929,0.0074663725681602955,0.005797925252238169,0.032423275988548994,0.03409172330447112,136.93409358167906
19540,3,2019,0.010746050626039505,0.007441321387887001,0.005797925252238169,0.003304729238152504,0.004948125373801336,36.34090091275363
19580,1,2017,0.0041856239549815655,0.008125546388328075,0.003695414563056264,0.00393992243334651,0.0004902093919253014,64.00560016956639
19580,2,2018,0.006172679830342531,0.007805045694112778,0.003695414563056264,0.0016323658637702465,0.002477265267286267,23.356656890728477
19580,3,2019,0.009538950398564339,0.00778593122959137,0.003695414563056264,0.001753019168972969,0.005843535835508075,20.23700011056962
19620,1,2017,0.006559082306921482,0.009642519056797028,0.013542230926288595,0.0030834367498755455,0.006983148619367113,38.06333432710919
19620,2,2018,0.014313474297523499,0.009452629834413528,0.013542230926288595,0.00486084446310997,0.0007712433712349035,40.90567297729116
19620,3,2019,0.0071900226175785065,0.009553483687341213,0.013542230926288595,0.0023634610697627068,0.0063522083087100886,28.23135865515005
19660,1,2017,0.014539884403347969,0.018545977771282196,0.01273351511243423,0.004006093367934227,0.0018063692909137397,24.21633830167578
19660,2,2018,0.01533989142626524,0.01821628399193287,0.01273351511243423,0.0028763925656676292,0.0026063763138310103,17.14373984897408
19660,3,2019,0.013062672689557076,0.018196778371930122,0.01273351511243423,0.005134105682373047,0.0003291575771228461,32.84833140452606
19700,1,2017,0.004868779331445694,0.006397799123078585,0.010936081171779383,0.0015290197916328907,0.006067301840333689,27.142551586126114
19700,2,2018,0.0033774387557059526,0.00615544430911541,0.010936081171779383,0.002778005553409457,0.00755864241607343,58.282528389224396
19700,3,2019,0.006986622698605061,0.00625348137691617,0.010936081171779383,0.0007331413216888905,0.003949458473174322,11.07454690355496
19740,1,2017,0.025693992152810097,0.02456313744187355,0.024861267601920194,0.0011308547109365463,0.0008327245508899031,4.500274866642715
19740,2,2018,0.022447658702731133,0.024295857176184654,0.024861267601920194,0.0018481984734535217,0.002413608899189061,7.907826543684729
19740,3,2019,0.022560203447937965,0.023368190973997116,0.024861267601920194,0.0008079875260591507,0.0023010641539822282,3.5184654735066805
19760,1,2017,0.00910052377730608,0.007368064485490322,0.006021101474893664,0.0017324592918157578,0.0030794223024124155,21.039547679409875
19760,2,2018,0.004971708171069622,0.006764857564121485,0.006021101474893664,0.0017931493930518627,0.0010493933038240423,30.556602428343037
19760,3,2019,0.00804215855896473,0.006869432516396046,0.006021101474893664,0.0011727260425686836,0.002021057084071065,15.729042597664991
19780,1,2017,0.01700568199157715,0.01818232797086239,0.018224262980629295,0.0011766459792852402,0.001218580989052146,6.687764645701678
19780,2,2018,0.0174855999648571,0.0177735798060894,0.018224262980629295,0.0002879798412322998,0.0007386630157721931,1.6335023187038435
19780,3,2019,0.014418116770684719,0.017666524276137352,0.018224262980629295,0.003248407505452633,0.0038061462099445754,20.248981363157956
19820,1,2017,0.0144746582955122,0.016527686268091202,0.016913353119531287,0.0020530279725790024,0.0024386948240190873,13.244335802734454
19820,2,2018,0.015227550640702248,0.016348334029316902,0.016913353119531287,0.0011207833886146545,0.001685802478829039,7.098981044415644
19820,3,2019,0.012732738628983498,0.01642126590013504,0.016913353119531287,0.0036885272711515427,0.004180614490547789,25.303734876495337
19860,1,2017,0.026660118252038956,0.026629718020558357,0.020706381688646355,3.040023148059845e-05,0.005953736563392601,0.11409389820751217
19860,2,2018,0.027623478323221207,0.027079623192548752,0.020706381688646355,0.0005438551306724548,0.006917096634574852,1.9883882857949344
19860,3,2019,0.019327927380800247,0.026422321796417236,0.020706381688646355,0.007094394415616989,0.0013784543078461074,31.01357038497314
19940,1,2017,0.007243253756314516,0.013332994654774666,0.0100512643280917,0.00608974089846015,0.0028080105717771843,59.19191698310126
19940,2,2018,0.00937093235552311,0.01326814666390419,0.0100512643280917,0.0038972143083810806,0.0006803319725685909,34.42907358186331
19940,3,2019,0.008665312081575394,0.013102848082780838,0.0100512643280917,0.004437536001205444,0.0013859522465163067,40.77086836147193
19980,1,2017,0.008860725909471512,0.011960649862885475,0.010162543767257821,0.0030999239534139633,0.0013018178577863092,29.776346178932073
19980,2,2018,0.007154444232583046,0.011795240454375744,0.010162543767257821,0.004640796221792698,0.003008099534674775,48.98016879381704
19980,3,2019,0.006869451608508825,0.011869966052472591,0.010162543767257821,0.005000514443963766,0.003293092158748996,53.36891322861116
20020,1,2017,0.010564351454377174,0.017126331105828285,0.009847903110644088,0.006561979651451111,0.0007164483437330869,47.39483952728138
20020,2,2018,0.0108414888381958,0.016845952719449997,0.009847903110644088,0.006004463881254196,0.0009935857275517133,43.37317841443651
20020,3,2019,0.013623162172734737,0.016594598069787025,0.009847903110644088,0.002971435897052288,0.00377525906209065,19.666811106207636
20060,1,2017,0.0103896614164114,0.008889734745025635,0.006387898263902497,0.001499926671385765,0.004001763152508903,15.559884561029078
20060,2,2018,0.00996833574026823,0.008384882472455502,0.006387898263902497,0.0015834532678127289,0.003580437476365734,17.255310613039388
20060,3,2019,0.015387612394988537,0.008296585641801357,0.006387898263902497,0.0070910267531871796,0.00899971413108604,59.87978776552143
20100,1,2017,0.011590657755732536,0.016783565282821655,0.011603969960783412,0.005192907527089119,1.3312205050875284e-05,36.60298073983623
20100,2,2018,0.011861240491271019,0.016544803977012634,0.011603969960783412,0.004683563485741615,0.0002572705304876074,32.975811483928375
20100,3,2019,0.014533527195453644,0.016197973862290382,0.011603969960783412,0.0016644466668367386,0.002929557234670232,10.832182405279514
20140,1,2017,0.0053975461050868034,0.009340093471109867,0.008559755169253235,0.003942547366023064,0.0031622090641664317,53.50306839145937
20140,2,2018,0.007985173724591732,0.009300105273723602,0.008559755169253235,0.0013149315491318703,0.0005745814446615032,15.21445836699666
20140,3,2019,0.007058893796056509,0.009284738451242447,0.008559755169253235,0.002225844655185938,0.0015008613731967262,27.238049163169777
20180,1,2017,0.008053475990891457,0.012685747817158699,0.013432890900815569,0.004632271826267242,0.0053794149099241125,44.67158111182657
20180,2,2018,0.007481665350496769,0.012815694324672222,0.013432890900815569,0.005334028974175453,0.0059512255503188,52.55881978344116
20180,3,2019,0.006446741987019777,0.012938066385686398,0.013432890900815569,0.00649132439866662,0.006986148913795792,66.97328057307367
20220,1,2017,0.013520381413400173,0.011085194535553455,0.012354257569409673,0.002435186877846718,0.0011661238439905006,19.793772705910918
20220,2,2018,0.013189473189413548,0.010676476173102856,0.012354257569409673,0.002512997016310692,0.0008352156200038749,21.059258319676648
20220,3,2019,0.010639159940183163,0.010832368396222591,0.012354257569409673,0.0001932084560394287,0.00171509762922651,1.7996703637376268
20260,1,2017,0.013890649192035198,0.011831589974462986,0.010712630259746949,0.0020590592175722122,0.0031780189322882495,16.00994690817336
20260,2,2018,0.00992558617144823,0.011177172884345055,0.010712630259746949,0.0012515867128968239,0.0007870440882987179,11.861824479884824
20260,3,2019,0.007447622716426849,0.01097735296934843,0.010712630259746949,0.0035297302529215813,0.0032650075433200993,38.31460510329355
20300,1,2017,0.007031390909105539,0.00942824874073267,0.004672049351356255,0.0023968578316271305,0.0023593415577492843,29.124044346237834
20300,2,2018,0.008290108293294907,0.0089191859588027,0.004672049351356255,0.0006290776655077934,0.0036180589419386516,7.310901780716863
20300,3,2019,0.009751567617058754,0.008825624361634254,0.004672049351356255,0.0009259432554244995,0.005079518265702499,9.968597601366488
20340,1,2017,0.017446305602788925,0.013171065598726273,0.011719106247150023,0.004275240004062653,0.0057271993556389025,27.92688228901222
20340,2,2018,0.01046803779900074,0.012667612172663212,0.011719106247150023,0.0021995743736624718,0.0012510684481492826,19.014580749859412
20340,3,2019,0.006723119877278805,0.012651652097702026,0.011719106247150023,0.005928532220423222,0.004995986369871218,61.198440612946165
20420,1,2017,0.018127331510186195,0.016346875578165054,0.01590511587232182,0.001780455932021141,0.0022222156378643755,10.329202995143595
20420,2,2018,0.01621291972696781,0.015837227925658226,0.01590511587232182,0.00037569180130958557,0.0003078038546459917,2.344399084594226
20420,3,2019,0.013112454675137997,0.01536649651825428,0.01590511587232182,0.0022540418431162834,0.002792661197183823,15.829522908576235
20460,1,2017,0.006750997621566057,0.014157764613628387,0.011940502183406114,0.00740676699206233,0.005189504561840056,70.84841624124611
20460,2,2018,0.008927185088396072,0.013563446700572968,0.011940502183406114,0.004636261612176895,0.0030133170950100412,41.228362051018365
20460,3,2019,0.009921852499246597,0.013413944281637669,0.011940502183406114,0.0034920917823910713,0.0020186496841595163,29.929042652612715
20500,1,2017,0.01614956557750702,0.017947837710380554,0.014724756462109405,0.0017982721328735352,0.0014248091153976142,10.54785075741998
20500,2,2018,0.017983244732022285,0.01753978617489338,0.014724756462109405,0.00044345855712890625,0.0032584882699128806,2.4967375866888313
20500,3,2019,0.013912578113377094,0.016966447234153748,0.014724756462109405,0.0030538691207766533,0.0008121783487323106,19.779562971489312
20540,1,2017,0.008303646929562092,0.012368438765406609,0.006177112732307364,0.004064791835844517,0.0021265341972547275,39.326364349540334
20540,2,2018,0.006748580373823643,0.011960034258663654,0.006177112732307364,0.005211453884840012,0.0005714676415162784,55.71177985783504
20540,3,2019,0.013053912669420242,0.011983153410255909,0.006177112732307364,0.0010707592591643333,0.006876799937112878,8.55338902799055
20580,1,2017,0.0064348927699029446,0.010600036010146141,0.010161542470036478,0.0041651432402431965,0.003726649700133533,48.901182376085934
20580,2,2018,0.005979176145046949,0.010441760532557964,0.010161542470036478,0.004462584387511015,0.004182366324989528,54.35234003405104
20580,3,2019,0.006203881930559874,0.01031692698597908,0.010161542470036478,0.004113045055419207,0.003957660539476604,49.79226606378025
20660,1,2017,0.01652892306447029,0.019346922636032104,0.017834258863733448,0.0028179995715618134,0.0013053357992631569,15.709727428312467
20660,2,2018,0.011221244931221008,0.018844962120056152,0.017834258863733448,0.007623717188835144,0.00661301393251244,50.71284608790717
20660,3,2019,0.013028446584939957,0.018567683175206184,0.017834258863733448,0.005539236590266228,0.004805812278793491,35.062742678794926
20700,1,2017,0.011826475150883198,0.009798485785722733,0.012867869686326753,0.0020279893651604652,0.0010413945354435551,18.75599621479779
20700,2,2018,0.013288717716932297,0.009344584308564663,0.012867869686326753,0.003944133408367634,0.00042084803060554385,34.85246351859131
20700,3,2019,0.010170378722250462,0.009437685832381248,0.012867869686326753,0.0007326928898692131,0.0026974909640762913,7.473379273704775
20740,1,2017,0.015033768489956856,0.01576128788292408,0.014898788319254643,0.0007275193929672241,0.0001349801707022126,4.724908751019284
20740,2,2018,0.013257844373583794,0.015242434106767178,0.014898788319254643,0.001984589733183384,0.0016409439456708495,13.926804527270836
20740,3,2019,0.020002221688628197,0.014703519642353058,0.014898788319254643,0.005298702046275139,0.0051034333693735535,30.53500842406529
20780,1,2017,0.023881565779447556,0.029256580397486687,0.027176382905237134,0.005375014618039131,0.0032948171257895786,20.23033919408845
20780,2,2018,0.017302094027400017,0.029877666383981705,0.027176382905237134,0.012575572356581688,0.009874288877837117,53.309171481461625
20780,3,2019,0.022176839411258698,0.028849834576249123,0.027176382905237134,0.006672995164990425,0.004999543493978437,26.154923830143794
20820,1,2017,0.018765904009342194,0.015993569046258926,0.029554796503213108,0.002772334963083267,0.010788892493870914,15.951531607352457
20820,2,2018,0.020627468824386597,0.01601979322731495,0.029554796503213108,0.004607675597071648,0.008927327678826511,25.146076851620453
20820,3,2019,0.027507571503520012,0.015854258090257645,0.029554796503213108,0.011653313413262367,0.002047224999693096,53.749165268046404
20900,1,2017,0.008279094472527504,0.012754797004163265,0.008374846581474261,0.004475702531635761,9.575210894675716e-05,42.5570361884182
20900,2,2018,0.009800136089324951,0.012602887116372585,0.008374846581474261,0.002802751027047634,0.00142528950785069,25.021174600007633
20900,3,2019,0.009212711825966835,0.012244872748851776,0.008374846581474261,0.003032160922884941,0.0008378652444925739,28.261890328036202
20940,1,2017,0.0051911259070038795,0.009919273667037487,0.00919732441471572,0.0047281477600336075,0.00400619850771184,62.581331589531985
20940,2,2018,0.00913383811712265,0.009509267285466194,0.00919732441471572,0.000375429168343544,6.348629759306973e-05,4.027536817064498
20940,3,2019,0.01026556733995676,0.009369542822241783,0.00919732441471572,0.0008960245177149773,0.0010682429252410405,9.126753595733017
20980,1,2017,0.010941519401967525,0.00920753926038742,0.011788305802521113,0.0017339801415801048,0.0008467864005535872,17.211516528500862
20980,2,2018,0.018497081473469734,0.008829965256154537,0.011788305802521113,0.009667116217315197,0.0067087756709486215,70.75124345049151
20980,3,2019,0.013085677288472652,0.008761424571275711,0.011788305802521113,0.004324252717196941,0.0012973714859515397,39.58649312510773
21020,1,2017,0.006668818183243275,0.010577481240034103,0.024987173884127918,0.003908663056790829,0.018318355700884643,45.32753020788666
21020,2,2018,0.009785179048776627,0.010584601201117039,0.024987173884127918,0.0007994221523404121,0.015201994835351292,7.849095572739982
21020,3,2019,0.008360102772712708,0.010186851024627686,0.024987173884127918,0.001826748251914978,0.01662707111141521,19.69862314797779
21060,1,2017,0.007419043220579624,0.008281037211418152,0.008345842089462624,0.0008619939908385277,0.0009267988688829998,10.980751920788041
21060,2,2018,0.009932531975209713,0.007761562708765268,0.008345842089462624,0.0021709692664444447,0.001586689885747089,24.538899313855943
21060,3,2019,0.01471384335309267,0.0077842907048761845,0.008345842089462624,0.006929552648216486,0.0063680012636300465,61.60110478768167
21120,1,2017,0.015106144361197948,0.024745669215917587,0.01671818538029518,0.009639524854719639,0.0016120410190972323,48.3768319212124
21120,2,2018,0.020444603636860847,0.025075774639844894,0.01671818538029518,0.004631171002984047,0.0037264182565656667,20.34767794524269
21120,3,2019,0.018247852101922035,0.02357124164700508,0.01671818538029518,0.005323389545083046,0.0015296667216268545,25.459127852397454
21180,1,2017,0.004628655966371298,0.009976518340408802,0.008393702981331847,0.005347862374037504,0.003765047014960549,73.23238463419992
21180,2,2018,0.009192083962261677,0.009528675116598606,0.008393702981331847,0.0003365911543369293,0.00079838098092983,3.5959116093901513
21180,3,2019,0.004718318581581116,0.009534052573144436,0.008393702981331847,0.00481573399156332,0.003675384399750731,67.57795682395997
21220,1,2017,0.008002490736544132,0.014547381550073624,0.027957980095834868,0.006544890813529491,0.019955489359290736,58.04811511068119
21220,2,2018,0.02101024240255356,0.014040703885257244,0.027957980095834868,0.006969538517296314,0.00694773769328131,39.76803634153637
21220,3,2019,0.012076902203261852,0.013644537888467312,0.027957980095834868,0.0015676356852054596,0.015881077892573016,12.189325870935551
21260,1,2017,0.009683138690888882,0.010491199791431427,0.010909868796349117,0.0008080611005425453,0.0012267301054602348,8.010777659072218
21260,2,2018,0.01282698567956686,0.010088859125971794,0.010909868796349117,0.002738126553595066,0.0019171168832177437,23.897223794010717
21260,3,2019,0.02284601517021656,0.010164094157516956,0.010909868796349117,0.012681921012699604,0.011936146373867444,76.83656570150512
21300,1,2017,0.006682449020445347,0.010373602621257305,0.010938186527299215,0.0036911536008119583,0.004255737506853869,43.28260155658633
21300,2,2018,0.01000223122537136,0.0100051024928689,0.010938186527299215,2.8712674975395203e-06,0.0009359553019278547,0.028702135955427685
21300,3,2019,0.011231967248022556,0.010276269167661667,0.010938186527299215,0.0009556980803608894,0.0002937807207233408,8.886806129057328
21340,1,2017,0.013013750314712524,0.014744248241186142,0.012839186491881103,0.0017304979264736176,0.0001745638228314219,12.468458772816978
21340,2,2018,0.01575028896331787,0.014411738142371178,0.012839186491881103,0.0013385508209466934,0.0029111024714367686,8.875732207717634
21340,3,2019,0.010389300063252449,0.014161674305796623,0.012839186491881103,0.003772374242544174,0.0024498864286286535,30.73094085221226
21380,1,2017,0.009004657156765461,0.012757496908307076,0.009434761729894636,0.0037528397515416145,0.0004301045731291749,34.48958238086976
21380,2,2018,0.023233938962221146,0.01237246859818697,0.009434761729894636,0.010861470364034176,0.01379917723232651,61.00849851354539
21380,3,2019,0.009220021776854992,0.012338868342339993,0.009434761729894636,0.0031188465654850006,0.00021473995303964398,28.933262348649528
21420,1,2017,0.012090057134628296,0.014173077419400215,0.017924409844299348,0.0020830202847719193,0.005834352709671052,15.862687580969082
21420,2,2018,0.008381537161767483,0.013967330567538738,0.017924409844299348,0.0055857934057712555,0.009542872682531865,49.98723849517123
21420,3,2019,0.008841268718242645,0.013787645846605301,0.017924409844299348,0.004946377128362656,0.009083141126056703,43.71729742779221
21460,1,2017,0.015931444242596626,0.009742002934217453,0.007538518331422798,0.006189441308379173,0.008392925911173828,48.21665633694951
21460,2,2018,0.006972834002226591,0.009271584451198578,0.007538518331422798,0.0022987504489719868,0.0005656843291962071,28.30201697231509
21460,3,2019,0.013606212101876736,0.009189153090119362,0.007538518331422798,0.004417059011757374,0.0060676937704539375,38.75399263714062
21500,1,2017,0.014811048284173012,0.012815204448997974,0.00913945220858101,0.0019958438351750374,0.005671596075592002,14.448887672226602
21500,2,2018,0.014276101253926754,0.012669939547777176,0.00913945220858101,0.001606161706149578,0.005136649045345745,11.921314317777599
21500,3,2019,0.012972654774785042,0.012687131762504578,0.00913945220858101,0.00028552301228046417,0.0038332025662040324,2.2254503215996526
21540,1,2017,0.007905247621238232,0.008656957186758518,0.006487713891817371,0.0007517095655202866,0.0014175337294208609,9.077403888727948
21540,2,2018,0.009563283994793892,0.008240689523518085,0.006487713891817371,0.0013225944712758064,0.003075570102976521,14.857287077529305
21540,3,2019,0.011031905189156532,0.008434377610683441,0.006487713891817371,0.002597527578473091,0.0045441912973391615,26.68743972138798
21580,1,2017,0.009442124515771866,0.005630591884255409,0.003969730802629946,0.0038115326315164566,0.0054723937131419195,50.57522481811332
21580,2,2018,0.0023511936888098717,0.0054041980765759945,0.003969730802629946,0.003053004387766123,0.0016185371138200746,78.73233341417283
21580,3,2019,0.0037795500829815865,0.00557661522179842,0.003969730802629946,0.0017970651388168335,0.00019018071964835986,38.41452474492916
21640,1,2017,0.008892394602298737,0.007216958794742823,0.00424814801811607,0.001675435807555914,0.004644246584182667,20.80076991575723
21640,2,2018,0.003662340110167861,0.006998265627771616,0.00424814801811607,0.003335925517603755,0.0005858079079482086,62.58410582667779
21640,3,2019,0.012350623495876789,0.007164491806179285,0.00424814801811607,0.005186131689697504,0.00810247547776072,53.14986821172092
21660,1,2017,0.011126019060611725,0.014978650026023388,0.012534973605592527,0.003852630965411663,0.0014089545449808023,29.51678473139404
21660,2,2018,0.010955187492072582,0.014404463581740856,0.012534973605592527,0.003449276089668274,0.0015797861135199449,27.202856375947547
21660,3,2019,0.012419057078659534,0.01431368663907051,0.012534973605592527,0.0018946295604109764,0.00011591652693299266,14.174593312879663
21700,1,2017,0.014189137145876884,0.008239868097007275,0.007564550098747258,0.00594926904886961,0.006624587047129626,53.04975706195641
21700,2,2018,0.008226591162383556,0.007937817834317684,0.007564550098747258,0.0002887733280658722,0.000662041063636298,3.572950294406544
21700,3,2019,0.008777821436524391,0.007927008904516697,0.007564550098747258,0.0008508125320076942,0.0012132713377771328,10.186419201114846
21740,1,2017,0.010653235949575901,0.01100328378379345,0.008666507062485037,0.00035004783421754837,0.0019867288870908644,3.2327232343063623
21740,2,2018,0.011545207351446152,0.010463296435773373,0.008666507062485037,0.001081910915672779,0.002878700288961115,9.831748987076548
21740,3,2019,0.011929789558053017,0.01026889681816101,0.008666507062485037,0.001660892739892006,0.00326328249556798,14.963876362322408
21780,1,2017,0.011348641477525234,0.012738573364913464,0.01180425042055822,0.0013899318873882294,0.0004556089430329865,11.540822128577817
21780,2,2018,0.01196614932268858,0.012492611072957516,0.01180425042055822,0.0005264617502689362,0.00016189890213035886,4.304891388674645
21780,3,2019,0.00964871421456337,0.012521929107606411,0.01180425042055822,0.0028732148930430412,0.002155536205994851,25.919081871799776
21820,1,2017,0.010629220865666866,0.010173588991165161,0.008267337062909268,0.00045563187450170517,0.0023618838027575986,4.380481854262342
21820,2,2018,0.006959331221878529,0.009822793304920197,0.008267337062909268,0.002863462083041668,0.001308005841030739,34.12512369590553
21820,3,2019,0.010968904010951519,0.009836498647928238,0.008267337062909268,0.001132405363023281,0.0027015669480422513,10.885680390866654
21860,1,2017,0.01132429949939251,0.010795237496495247,0.017947196677543756,0.0005290620028972626,0.006622897178151246,4.783660379623691
21860,2,2018,0.008425434119999409,0.010749151930212975,0.017947196677543756,0.002323717810213566,0.009521762557544347,24.23746298621845
21860,3,2019,0.008857923559844494,0.010642706416547298,0.017947196677543756,0.0017847828567028046,0.009089273117699262,18.30486444407496
21900,1,2017,0.006823404226452112,0.012374880723655224,0.006863333215709799,0.005551476497203112,3.992898925768689e-05,57.83301602179076
21900,2,2018,0.009024533443152905,0.012194337323307991,0.006863333215709799,0.0031698038801550865,0.0021612002274431054,29.877201489018773
21900,3,2019,0.011643198318779469,0.011973711661994457,0.006863333215709799,0.0003305133432149887,0.0047798651030696694,2.798953830423723
21980,1,2017,0.004376547411084175,0.008022372610867023,0.012505193186539261,0.0036458251997828484,0.008128645775455086,58.80870677273346
21980,2,2018,0.011041904799640179,0.007660892326384783,0.012505193186539261,0.003381012473255396,0.0014632883868990823,36.15513383069342
21980,3,2019,0.006622517481446266,0.007808760739862919,0.012505193186539261,0.0011862432584166527,0.005882675705092995,16.4398803519848
22020,1,2017,0.019048597663640976,0.01916763372719288,0.016547660951040044,0.00011903606355190277,0.002500936712600932,0.6229606011461583
22020,2,2018,0.0214539822191,0.018477048724889755,0.016547660951040044,0.0029769334942102432,0.004906321268059954,14.910372601535288
22020,3,2019,0.014709023758769035,0.017989015206694603,0.016547660951040044,0.0032799914479255676,0.0018386371922710087,20.06230678405285
22060,1,2017,0.005060040857642889,0.009472478181123734,0.006998846177202891,0.0044124373234808445,0.0019388053195600018,60.724975146587816
22060,2,2018,0.005946750286966562,0.009387059137225151,0.006998846177202891,0.003440308850258589,0.0010520958902363285,44.87217118040291
22060,3,2019,0.008608856238424778,0.009348488412797451,0.006998846177202891,0.000739632174372673,0.0016100100612218872,8.237651800481999
22100,1,2017,0.01140133012086153,0.011280601844191551,0.00809491627243373,0.0001207282766699791,0.0033064138484277996,1.0645321009637505
22100,2,2018,0.014897745102643967,0.010897641070187092,0.00809491627243373,0.004000104032456875,0.006802828830210236,31.014092636188895
22100,3,2019,0.009089287370443344,0.010839876718819141,0.00809491627243373,0.0017505893483757973,0.0009943710980096134,17.56810734388623
22140,1,2017,0.010073280893266201,0.011810909025371075,0.009200640181647601,0.0017376281321048737,0.0008726407116186,15.88020707693366
22140,2,2018,0.010587891563773155,0.011409536004066467,0.009200640181647601,0.0008216444402933121,0.0013872513821255542,7.470365016465016
22140,3,2019,0.0100906016305089,0.011372720822691917,0.009200640181647601,0.0012821191921830177,0.0008899614488612987,11.947065489281146
22180,1,2017,0.006233290769159794,0.010785378515720367,0.00767022709964656,0.004552087746560574,0.0014369363304867662,53.49519396143468
22180,2,2018,0.008028744719922543,0.010379699058830738,0.00767022709964656,0.0023509543389081955,0.0003585176202759825,25.542116325072627
22180,3,2019,0.0050972397439181805,0.010354339145123959,0.00767022709964656,0.005257099401205778,0.0025729873557283796,68.0460687759299
22220,1,2017,0.016984302550554276,0.01984354481101036,0.02085078655868938,0.002859242260456085,0.0038664840081351036,15.527605814179845
22220,2,2018,0.015368313528597355,0.019426118582487106,0.02085078655868938,0.0040578050538897514,0.005482473030092024,23.324443834649426
22220,3,2019,0.01640993170440197,0.018523577600717545,0.02085078655868938,0.0021136458963155746,0.004440854854287409,12.100961703024403
22260,1,2017,0.013299309648573399,0.011502478271722794,0.006306459860235214,0.001796831376850605,0.006992849788338184,14.489525175755052
22260,2,2018,0.0074709379114210606,0.010529854334890842,0.006306459860235214,0.003058916423469782,0.0011644780511858464,33.98644551074393
22260,3,2019,0.00716050248593092,0.010985531844198704,0.006306459860235214,0.003825029358267784,0.0008540426256957055,42.15827194819225
22300,1,2017,0.015617557801306248,0.017857221886515617,0.008534322820037106,0.0022396640852093697,0.007083234981269141,13.381198843045516
22300,2,2018,0.013576218858361244,0.01706148125231266,0.008534322820037106,0.003485262393951416,0.005041896038324138,22.751454866316408
22300,3,2019,0.012043704278767109,0.016813378781080246,0.008534322820037106,0.004769674502313137,0.0035093814587300026,33.057207061163126
22340,1,2017,0.004531635902822018,0.012933249585330486,0.0036384309266628764,0.008401613682508469,0.0008932049761591412,96.21143954978479
22340,2,2018,0.01022008154541254,0.012147688306868076,0.0036384309266628764,0.0019276067614555359,0.006581650618749664,17.23556628494801
22340,3,2019,0.009773124940693378,0.011990703642368317,0.0036384309266628764,0.002217578701674938,0.006134694014030502,20.378562294620487
22380,1,2017,0.01432741153985262,0.015101471915841103,0.01734218052209684,0.0007740603759884834,0.003014768982244221,5.2605469325841945
22380,2,2018,0.012736344709992409,0.015081292949616909,0.01734218052209684,0.0023449482396245003,0.004605835812104431,16.859428721784546
22380,3,2019,0.014187358319759369,0.01474092248827219,0.01734218052209684,0.0005535641685128212,0.0031548222023374713,3.8271474259317895
22420,1,2017,0.009873302653431892,0.01297366339713335,0.01047700648588216,0.003100360743701458,0.0006037038324502673,27.140228420948983
22420,2,2018,0.008843368850648403,0.01260449830442667,0.01047700648588216,0.003761129453778267,0.0016336376352337565,35.072277098419455
22420,3,2019,0.009431945160031319,0.012482922524213791,0.01047700648588216,0.0030509773641824722,0.001045061325850841,27.843891333930276
22500,1,2017,0.013850238174200058,0.010834522545337677,0.010492435800269692,0.003015715628862381,0.003357802373930366,24.433815190152636
22500,2,2018,0.014075206592679024,0.010523946955800056,0.010492435800269692,0.0035512596368789673,0.0035827707924093316,28.87301131097634
22500,3,2019,0.012503117322921753,0.010566250421106815,0.010492435800269692,0.0019368669018149376,0.002010681522652061,16.79167009449389
22520,1,2017,0.012049729004502296,0.012241275981068611,0.011180266627106415,0.0001915469765663147,0.0008694623773958816,1.5771014647193244
22520,2,2018,0.010253802873194218,0.011814085766673088,0.011180266627106415,0.0015602828934788704,0.0009264637539121972,14.140747326617703
22520,3,2019,0.014056279323995113,0.011583250015974045,0.011180266627106415,0.0024730293080210686,0.0028760126968886985,19.29074680500124
22540,1,2017,0.008753899484872818,0.009383604861795902,0.011787685609888828,0.0006297053769230843,0.00303378612501601,6.943678884408335
22540,2,2018,0.008889147080481052,0.009066613391041756,0.011787685609888828,0.00017746631056070328,0.0028985385294077754,1.9767050469057657
22540,3,2019,0.00856555812060833,0.009081904776394367,0.011787685609888828,0.0005163466557860374,0.003222127489280498,5.851791458183628
22580,1,2017,0.0070683956146240234,0.01034866739064455,0.013745226278275121,0.003280271776020527,0.0066768306636510975,37.667313848064616
22580,2,2018,0.009526758454740047,0.009780887514352798,0.013745226278275121,0.000254129059612751,0.0042184678235350735,2.6324175241111987
22580,3,2019,0.007120414637029171,0.00956626608967781,0.013745226278275121,0.0024458514526486397,0.00662481164124595,29.314997116043674
22620,1,2017,0.008887451142072678,0.008611401543021202,0.0035222415703656798,0.0002760495990514755,0.005365209571706998,3.1550576059622872
22620,2,2018,0.0050232489593327045,0.008171715773642063,0.0035222415703656798,0.0031484668143093586,0.0015010073889670248,47.722210584325175
22620,3,2019,0.0013651878107339144,0.008181383833289146,0.0035222415703656798,0.006816196022555232,0.0021570537596317654,142.79867447261034
22660,1,2017,0.019364384934306145,0.020331766456365585,0.019177435534312857,0.0009673815220594406,0.00018694939999328725,4.873929811695935
22660,2,2018,0.0168271753937006,0.019872106611728668,0.019177435534312857,0.0030449312180280685,0.002350260140612258,16.593950736584254
22660,3,2019,0.01772167906165123,0.01938718371093273,0.019177435534312857,0.0016655046492815018,0.0014557564726616276,8.976314961051454
22700,1,2017,0.012045616284012794,0.01002200972288847,0.011361514868649154,0.002023606561124325,0.0006841014153636405,18.34003932719823
22700,2,2018,0.009232171811163425,0.009453220292925835,0.011361514868649154,0.0002210484817624092,0.0021293430574857285,2.366001871739578
22700,3,2019,0.015814656391739845,0.009327035397291183,0.011361514868649154,0.006487620994448662,0.004453141523090691,51.6084475815326
22780,1,2017,0.005679022520780563,0.007720450405031443,0.008268181562517577,0.0020414278842508793,0.0025891590417370138,30.470248673825886
22780,2,2018,0.003187777940183878,0.0070882621221244335,0.008268181562517577,0.0039004841819405556,0.005080403622333699,75.91407512205889
22780,3,2019,0.006450653541833162,0.007098805159330368,0.008268181562517577,0.0006481516174972057,0.0018175280206844148,9.567188674217864
22800,1,2017,0.007949450984597206,0.008338594809174538,0.004448863349117811,0.00038914382457733154,0.003500587635479395,4.778272244452073
22800,2,2018,0.004938652738928795,0.008100987412035465,0.004448863349117811,0.0031623346731066704,0.0004897893898109839,48.5033668310928
22800,3,2019,0.004734277259558439,0.008340857923030853,0.004448863349117811,0.003606580663472414,0.00028541391044062826,55.16696928573908
22820,1,2017,0.024301767349243164,0.010267996229231358,0.007991513437057991,0.014033771120011806,0.01631025391218517,81.19099240354979
22820,2,2018,0.01301578525453806,0.009899395518004894,0.007991513437057991,0.003116389736533165,0.005024271817480068,27.199334864514693
22820,3,2019,0.023548418655991554,0.0097550880163908,0.007991513437057991,0.013793330639600754,0.015556905218933563,82.83407890698321
22840,1,2017,0.006876845844089985,0.006959105376154184,0.005458638154192459,8.225953206419945e-05,0.0014182076898975257,1.1890685548300168
22840,2,2018,0.003908493090420961,0.006616107188165188,0.005458638154192459,0.0027076140977442265,0.0015501450637714978,51.453004454773236
22840,3,2019,0.0058220080099999905,0.006649600807577372,0.005458638154192459,0.0008275927975773811,0.0003633698558075313,13.271617897926467
22900,1,2017,0.010135713964700699,0.0118279242888093,0.011101473001755222,0.0016922103241086006,0.0009657590370545227,15.409191629520558
22900,2,2018,0.012190895155072212,0.011138806119561195,0.011101473001755222,0.0010520890355110168,0.0010894221533169907,9.019306095356285
22900,3,2019,0.014518109150230885,0.0107652572914958,0.011101473001755222,0.0037528518587350845,0.003416636148475663,29.686318735036718
23060,1,2017,0.014208907261490822,0.018820714205503464,0.013368462861132286,0.004611806944012642,0.0008404444003585355,27.925270365920426
23060,2,2018,0.013987777754664421,0.018263181671500206,0.013368462861132286,0.004275403916835785,0.0006193148935321347,26.51333583397482
23060,3,2019,0.01367819681763649,0.018190011382102966,0.013368462861132286,0.0045118145644664764,0.0003097339565042035,28.31544918004461
23140,1,2017,0.006917568389326334,0.005850848276168108,0.004125286478227655,0.001066720113158226,0.002792281911098679,16.70871660391713
23140,2,2018,0.006572340615093708,0.005130375735461712,0.004125286478227655,0.0014419648796319962,0.002447054136866053,24.64322990110009
23140,3,2019,0.005672902800142765,0.005186444614082575,0.004125286478227655,0.0004864581860601902,0.00154761632191511,8.959244410225391
23180,1,2017,0.00961343850940466,0.010921603068709373,0.009530681988372569,0.0013081645593047142,8.275652103209054e-05,12.740796431199982
23180,2,2018,0.006191616877913475,0.010706223547458649,0.009530681988372569,0.004514606669545174,0.0033390651104590937,53.434094348077444
23180,3,2019,0.011464492417871952,0.01054307445883751,0.009530681988372569,0.0009214179590344429,0.0019338104294993833,8.373642988470722
23240,1,2017,0.0149650564417243,0.018080370500683784,0.01918649270913277,0.003115314058959484,0.004221436267408469,18.85473062068378
23240,2,2018,0.017102085053920746,0.017651772126555443,0.01918649270913277,0.000549687072634697,0.0020844076552120235,3.1633145731966006
23240,3,2019,0.018664268776774406,0.017444932833313942,0.01918649270913277,0.0012193359434604645,0.0005222239323583629,6.75360047528593
23300,1,2017,0.010357114486396313,0.006011064164340496,0.00833986586534274,0.004346050322055817,0.0020172486210535724,53.10361964651697
23300,2,2018,0.007204897236078978,0.005766707472503185,0.00833986586534274,0.0014381897635757923,0.0011349686292637627,22.1744138395395
23300,3,2019,0.018407773226499557,0.005911444313824177,0.00833986586534274,0.01249632891267538,0.010067907361156817,102.76912695483608
23340,1,2017,0.01404118537902832,0.010312461294233799,0.014719707754707352,0.0037287240847945213,0.0006785223756790321,30.62147204274492
23340,2,2018,0.01236120518296957,0.009961631149053574,0.014719707754707352,0.0023995740339159966,0.0023585025717377823,21.498817831968836
23340,3,2019,0.0072263251058757305,0.009900872595608234,0.014719707754707352,0.002674547489732504,0.007493382648831622,31.231564845223087
23380,1,2017,0.011252772063016891,0.009956625290215015,0.008537833168391566,0.001296146772801876,0.0027149388946253253,12.22237614861377
23380,2,2018,0.007458141539245844,0.009478071704506874,0.008537833168391566,0.00201993016526103,0.0010796916291457223,23.853371984880084
23380,3,2019,0.00510411849245429,0.009599979966878891,0.008537833168391566,0.004495861474424601,0.003433714675937276,61.15109238834442
23420,1,2017,0.013978957198560238,0.010960125364363194,0.012545170053465034,0.0030188318341970444,0.0014337871450952038,24.209636550169396
23420,2,2018,0.013935292139649391,0.010350971482694149,0.012545170053465034,0.003584320656955242,0.001390122086184357,29.517254995082013
23420,3,2019,0.01433540042489767,0.010342002846300602,0.012545170053465034,0.003993397578597069,0.0017902303714326367,32.364798811858286
23460,1,2017,0.006485684309154749,0.011088487692177296,0.011359355530441335,0.004602803383022547,0.004873671221286586,52.38142387137762
23460,2,2018,0.009048507548868656,0.01054919883608818,0.011359355530441335,0.0015006912872195244,0.0023108479815726786,15.314960761157371
23460,3,2019,0.010450737550854683,0.010568189434707165,0.011359355530441335,0.00011745188385248184,0.0009086179795866518,1.1175815782992347
23500,1,2017,0.01766885071992874,0.008067439310252666,0.011211282692136035,0.009601411409676075,0.006457568027792706,74.61376653533205
23500,2,2018,0.007217264734208584,0.007404680363833904,0.011211282692136035,0.00018741562962532043,0.003994017957927452,2.5634824942173524
23500,3,2019,0.005793290678411722,0.007557806093245745,0.011211282692136035,0.0017645154148340225,0.005417992013724313,26.432496496542775
23540,1,2017,0.016118183732032776,0.012796898372471333,0.012626951598218309,0.0033212853595614433,0.003491232133814467,22.97267701972207
23540,2,2018,0.012959553860127926,0.012553955428302288,0.012626951598218309,0.0004055984318256378,0.0003326022619096168,3.1794785128648813
23540,3,2019,0.013522793538868427,0.012263529933989048,0.012626951598218309,0.0012592636048793793,0.0008958419406501182,9.766907002927514
23580,1,2017,0.01783081144094467,0.018997859209775925,0.011759922595520422,0.001167047768831253,0.00607088884542425,6.337711523795345
23580,2,2018,0.010948853567242622,0.01862100511789322,0.011759922595520422,0.007672151550650597,0.0008110690282777996,51.891684960422076
23580,3,2019,0.022467004135251045,0.018038500100374222,0.011759922595520422,0.004428504034876823,0.010707081539730623,21.866178560853232
23620,1,2017,0.008591492660343647,0.017783261835575104,0.010138551779935275,0.009191769175231457,0.0015470591195916282,69.7012417051443
23620,2,2018,0.008177398703992367,0.017301980406045914,0.010138551779935275,0.009124581702053547,0.0019611530759429084,71.62323761097298
23620,3,2019,0.011981833726167679,0.017038268968462944,0.010138551779935275,0.005056435242295265,0.0018432819462324036,34.84779880424668
23660,1,2017,0.008273513987660408,0.006689663976430893,0.011053809477473971,0.001583850011229515,0.0027802954898135633,21.1699540904043
23660,2,2018,0.009583652019500732,0.00601150281727314,0.011053809477473971,0.0035721492022275925,0.001470157457973239,45.81098359158547
23660,3,2019,0.009813074953854084,0.006049647927284241,0.011053809477473971,0.0037634270265698433,0.0012407345236198873,47.44991994468706
23700,1,2017,0.008072488009929657,0.006959573831409216,0.005807138333849823,0.001112914178520441,0.0022653496760798343,14.807196110650258
23700,2,2018,0.00663665821775794,0.006674494128674269,0.005807138333849823,3.783591091632843e-05,0.0008295198839081176,0.5684839525147793
23700,3,2019,0.014093929901719093,0.006899913307279348,0.005807138333849823,0.007194016594439745,0.00828679156786927,68.53450410290785
23780,1,2017,0.009858591482043266,0.01078126486390829,0.013461810967833356,0.0009226733818650246,0.00360321948579009,8.940691440533518
23780,2,2018,0.00747619429603219,0.010462144389748573,0.013461810967833356,0.002985950093716383,0.005985616671801166,33.29124821933318
23780,3,2019,0.01652056910097599,0.010662684217095375,0.013461810967833356,0.005857884883880615,0.003058758133142634,43.09920273616529
23820,1,2017,0.011374227702617645,0.020583486184477806,0.016242555495397944,0.00920925848186016,0.004868327792780298,57.634007443057385
23820,2,2018,0.01382800005376339,0.020134519785642624,0.016242555495397944,0.006306519731879234,0.002414555441634554,37.138103443412575
23820,3,2019,0.010624492540955544,0.019935673102736473,0.016242555495397944,0.00931118056178093,0.0056180629544424,60.936695327553636
23900,1,2017,0.008204097859561443,0.00850838515907526,0.00819807964127309,0.00030428729951381683,6.018218288352667e-06,3.6414351727715917
23900,2,2018,0.008231362327933311,0.008156201802194118,0.00819807964127309,7.516052573919296e-05,3.32826866602208e-05,0.9172867825630822
23900,3,2019,0.005206726491451263,0.008402109146118164,0.00819807964127309,0.0031953826546669006,0.0029913531498218272,46.96037768031593
23940,1,2017,0.022885700687766075,0.01199228223413229,0.01348102757482913,0.010893418453633785,0.009404673112936945,62.465856209256145
23940,2,2018,0.006373309530317783,0.011387757956981659,0.01348102757482913,0.005014448426663876,0.007107718044511347,56.46558808438956
23940,3,2019,0.010442661121487617,0.011235245503485203,0.01348102757482913,0.0007925843819975853,0.0030383664533415126,7.312366734398574
23980,1,2017,0.012648177333176136,0.007218507584184408,0.008048550335818824,0.005429669748991728,0.004599626997357312,54.661027126832266
23980,2,2018,0.004736552946269512,0.0068703265860676765,0.008048550335818824,0.0021337736397981644,0.0033119973895493118,36.767363622327906
23980,3,2019,0.01815752312541008,0.006888230796903372,0.008048550335818824,0.011269292328506708,0.010108972789591256,89.98960753172966
24020,1,2017,0.008960223756730556,0.00974010769277811,0.008649206634707874,0.000779883936047554,0.0003110171220226821,8.340852365217584
24020,2,2018,0.009856617078185081,0.009361736476421356,0.008649206634707874,0.0004948806017637253,0.0012074104434772071,5.1500805503818
24020,3,2019,0.00776173360645771,0.009262102656066418,0.008649206634707874,0.0015003690496087074,0.0008874730282501641,17.626675270342197
24100,1,2017,0.005217487458139658,0.009572859853506088,0.005162967777880954,0.00435537239536643,5.45196802587038e-05,58.89475559778483
24100,2,2018,0.006528070196509361,0.00927355233579874,0.005162967777880954,0.002745482139289379,0.001365102418628407,34.74934800155555
24100,3,2019,0.0036171083338558674,0.00939537025988102,0.005162967777880954,0.005778261926025152,0.0015458594440250868,88.8110200351118
24140,1,2017,0.009647226892411709,0.010510637424886227,0.009358778117928923,0.0008634105324745178,0.00028844877448278537,8.566483934604209
24140,2,2018,0.006915665697306395,0.009959849528968334,0.009358778117928923,0.0030441838316619396,0.002443112420622529,36.078092869337524
24140,3,2019,0.007609405554831028,0.009963678196072578,0.009358778117928923,0.0023542726412415504,0.0017493725630978955,26.794059994364893
24180,1,2017,0.012483297847211361,0.020870156586170197,0.008754111916018048,0.008386858738958836,0.003729185931193313,50.29078017193868
24180,2,2018,0.014344576746225357,0.020298104733228683,0.008754111916018048,0.005953527987003326,0.005590464830207309,34.37104758753665
24180,3,2019,0.017668023705482483,0.01990858092904091,0.008754111916018048,0.002240557223558426,0.008913911789464435,11.92527451102485
24220,1,2017,0.0074668037705123425,0.010105225257575512,0.010377187371717153,0.0026384214870631695,0.0029103836012048107,30.029770396546585
24220,2,2018,0.008127763867378235,0.009869932197034359,0.010377187371717153,0.0017421683296561241,0.0022494235043389182,19.359893126613127
24220,3,2019,0.007040368393063545,0.009905137121677399,0.010377187371717153,0.0028647687286138535,0.003336818978653608,33.81152643154213
24260,1,2017,0.020521245896816254,0.013388395309448242,0.009200052198877724,0.0071328505873680115,0.01132119369793853,42.06973727910408
24260,2,2018,0.019136395305395126,0.013082732446491718,0.009200052198877724,0.006053662858903408,0.009936343106517403,37.57805628146512
24260,3,2019,0.0088919997215271,0.012865191325545311,0.009200052198877724,0.003973191604018211,0.00030805247735062394,36.52300307766686
24300,1,2017,0.014526196755468845,0.017106857150793076,0.01397986313327514,0.00258066039532423,0.0005463336221937058,16.316221552053804
24300,2,2018,0.012370433658361435,0.017031731083989143,0.01397986313327514,0.0046612974256277084,0.0016094294749137046,31.707160891834477
24300,3,2019,0.023347282782197,0.016923025250434875,0.01397986313327514,0.006424257531762123,0.009367419648921859,31.90567070543825
24330,1,2017,0.005633989814668894,0.008919700980186462,0.006576608602915038,0.0032857111655175686,0.0009426187882461438,45.15292999123697
24330,2,2018,0.023061683401465416,0.008529475890100002,0.006576608602915038,0.014532207511365414,0.016485074798550377,92.00170704188143
24330,3,2019,0.008914479054510593,0.008522487245500088,0.006576608602915038,0.0003919918090105057,0.002337870451595556,4.496098432045991
24340,1,2017,0.014259405434131622,0.016222262755036354,0.018358686254299424,0.0019628573209047318,0.004099280820167802,12.878932116029334
24340,2,2018,0.013912618160247803,0.015772903338074684,0.018358686254299424,0.0018602851778268814,0.004446068094051622,12.533278563208512
24340,3,2019,0.014212796464562416,0.015506739728152752,0.018358686254299424,0.0012939432635903358,0.004145889789737008,8.70769193580423
24420,1,2017,0.020038947463035583,0.009559147991240025,0.014163776695741526,0.010479799471795559,0.005875170767294057,70.81398833438979
24420,2,2018,0.009751580655574799,0.009135880507528782,0.014163776695741526,0.0006157001480460167,0.004412196040166728,6.519667378751884
24420,3,2019,0.009721792303025723,0.009042797610163689,0.014163776695741526,0.0006789946928620338,0.004441984392715804,7.236974899579677
24460,1,2017,0.022379809990525246,0.012059212662279606,0.007892866494594695,0.01032059732824564,0.01448694349593055,59.93546585522395
24460,2,2018,0.014636595733463764,0.011700212955474854,0.007892866494594695,0.0029363827779889107,0.006743729238869069,22.298690002541438
24460,3,2019,0.03313217684626579,0.011394617147743702,0.007892866494594695,0.02173755969852209,0.025239310351671096,97.63808649480703
24500,1,2017,0.01301471795886755,0.013699261471629143,0.01107360053632141,0.0006845435127615929,0.0019411174225461396,5.124981534806762
24500,2,2018,0.016395196318626404,0.013322287239134312,0.01107360053632141,0.003072909079492092,0.0053215957823049935,20.680809258152276
24500,3,2019,0.008554117754101753,0.013002723455429077,0.01107360053632141,0.004448605701327324,0.002519482782219657,41.27324216405485
24540,1,2017,0.016605211421847343,0.013955513015389442,0.01356158896334467,0.002649698406457901,0.0030436224585026726,17.340541418594775
24540,2,2018,0.011170667596161366,0.01392370741814375,0.01356158896334467,0.0027530398219823837,0.0023909213671833053,21.941480697080294
24540,3,2019,0.010111263953149319,0.013804389163851738,0.01356158896334467,0.0036931252107024193,0.003450325010195352,30.884572948153522
24580,1,2017,0.014976536855101585,0.014370113611221313,0.014360276660728715,0.0006064232438802719,0.0006162601943728706,4.132826251737773
24580,2,2018,0.022413678467273712,0.013918887823820114,0.014360276660728715,0.008494790643453598,0.008053401806544997,46.76128978795219
24580,3,2019,0.01658480428159237,0.013996892608702183,0.014360276660728715,0.0025879116728901863,0.0022245276208636543,16.924573125847918
24620,1,2017,0.009287165477871895,0.009526513516902924,0.0048410708332729405,0.00023934803903102875,0.004446094644598954,2.544403057768241
24620,2,2018,0.00630553113296628,0.008988454937934875,0.0048410708332729405,0.0026829238049685955,0.0014644602996933395,35.08466711421761
24620,3,2019,0.007930021733045578,0.00882700551301241,0.0048410708332729405,0.0008969837799668312,0.0030889508997726375,10.705756235969963
24660,1,2017,0.013397363014519215,0.01654243841767311,0.012630306414315137,0.0031450754031538963,0.0007670566002040777,21.009320050507746
24660,2,2018,0.013642209582030773,0.016069477424025536,0.012630306414315137,0.0024272678419947624,0.0010119031677156363,16.338803142075648
24660,3,2019,0.010961676947772503,0.015405946411192417,0.012630306414315137,0.004444269463419914,0.001668629466542634,33.710036869189665
24700,1,2017,0.0077218604274094105,0.010871285572648048,0.0054714916418248365,0.003149425145238638,0.002250368785584574,33.87725187944322
24700,2,2018,0.0038353074342012405,0.010429264977574348,0.0054714916418248365,0.006593957543373108,0.001636184207623596,92.45216373007477
24700,3,2019,0.011148610152304173,0.010329203680157661,0.0054714916418248365,0.0008194064721465111,0.005677118510479336,7.6302560123251455
24740,1,2017,0.006352410651743412,0.013758808374404907,0.007964748231205262,0.007406397722661495,0.0016123375794618502,73.65435213364441
24740,2,2018,0.010712754912674427,0.01310646627098322,0.007964748231205262,0.002393711358308792,0.002748006681469165,20.098980860063318
24740,3,2019,0.005368686746805906,0.013319567777216434,0.007964748231205262,0.007950881030410528,0.002596061484399356,85.0895600304702
24780,1,2017,0.010269616730511189,0.016965476796030998,0.015620393192834314,0.00669586006551981,0.005350776462323126,49.17080677879051
24780,2,2018,0.012188499793410301,0.01652735471725464,0.015620393192834314,0.0043388549238443375,0.003431893399424013,30.219218524540025
24780,3,2019,0.00893104262650013,0.016298502683639526,0.015620393192834314,0.007367460057139397,0.006689350566334185,58.403407960016196
24820,1,2017,0.005802225321531296,0.00864449143409729,0.005224539971572356,0.0028422661125659943,0.00057768534995894,39.34823660257324
24820,2,2018,0.011954572051763535,0.008131349459290504,0.005224539971572356,0.00382322259247303,0.006730032080191179,38.068661046354435
24820,3,2019,0.006295136641710997,0.008235001005232334,0.005224539971572356,0.0019398643635213375,0.0010705966701386408,26.701234022620845
24860,1,2017,0.015217771753668785,0.013398557901382446,0.015435517872317794,0.0018192138522863388,0.00021774611864900859,12.714511179386417
24860,2,2018,0.01666521094739437,0.01278647966682911,0.015435517872317794,0.003878731280565262,0.0012296930750765774,26.339608237712813
24860,3,2019,0.01804836094379425,0.012637247331440449,0.015435517872317794,0.005411113612353802,0.002612843071476457,35.26807616401149
24900,1,2017,0.0073536778800189495,0.009115281514823437,0.0069120998909919735,0.0017616036348044872,0.00044157798902697606,21.393003928420335
24900,2,2018,0.010527394711971283,0.008601502515375614,0.0069120998909919735,0.0019258921965956688,0.0036152948209793095,20.13593535382295
24900,3,2019,0.016935570165514946,0.008508051745593548,0.0069120998909919735,0.008427518419921398,0.010023470274522973,66.24461829478054
24940,1,2017,0.00973172765225172,0.011568991467356682,0.009089330168471025,0.0018372638151049614,0.0006423974837806955,17.250712919621765
24940,2,2018,0.011285637505352497,0.011149805970489979,0.009089330168471025,0.0001358315348625183,0.002196307336881472,1.210865071292415
24940,3,2019,0.013884286396205425,0.010786201804876328,0.009089330168471025,0.0030980845913290977,0.0047949562277344,25.115703510140325
24980,1,2017,0.010163256898522377,0.0164654403924942,0.009393328445747801,0.006302183493971825,0.0007699284527745761,47.333754696368004
24980,2,2018,0.03572411090135574,0.016217248514294624,0.009393328445747801,0.01950686238706112,0.026330782455607944,75.11108238583921
24980,3,2019,0.017716718837618828,0.015941306948661804,0.009393328445747801,0.0017754118889570236,0.008323390391871027,10.549705872501924
25060,1,2017,0.00955838244408369,0.012200571596622467,0.01240465971796444,0.0026421891525387764,0.002846277273880749,24.285982987019334
25060,2,2018,0.0096296900883317,0.01182169932872057,0.01240465971796444,0.0021920092403888702,0.0027749696296327404,20.43698126888995
25060,3,2019,0.009592905640602112,0.01178076583892107,0.01240465971796444,0.0021878601983189583,0.002811754077362328,20.4724693817021
25100,1,2017,0.005628176499158144,0.013699006289243698,0.008602345270973876,0.008070829790085554,0.002974168771815732,83.51786913336758
25100,2,2018,0.009460823610424995,0.013585918582975864,0.008602345270973876,0.004125094972550869,0.0008584783394511193,35.797625087772985
25100,3,2019,0.006801137235015631,0.013321510516107082,0.008602345270973876,0.006520373281091452,0.0018012080359582454,64.80628316334264
25180,1,2017,0.008940204046666622,0.0083048390224576,0.01290735185518891,0.0006353650242090225,0.003967147808522288,7.3686641805305735
25180,2,2018,0.012272720225155354,0.007820319384336472,0.01290735185518891,0.004452400840818882,0.0006346316300335567,44.31782061310989
25180,3,2019,0.013160600326955318,0.007898769341409206,0.01290735185518891,0.005261830985546112,0.00025324847176640825,49.971376825030156
25200,1,2017,0.021470611914992332,0.020221088081598282,0.020850040096230954,0.0012495238333940506,0.0006205718187613785,5.994111699885813
25200,2,2018,0.021176951006054878,0.020009223371744156,0.020850040096230954,0.0011677276343107224,0.00032691090982392423,5.670482235495324
25200,3,2019,0.01669877953827381,0.019975071772933006,0.020850040096230954,0.003276292234659195,0.004151260557957143,17.867179061715127
25220,1,2017,0.008082421496510506,0.010582310147583485,0.010101872845296145,0.002499888651072979,0.0020194513487856395,26.787283732523655
25220,2,2018,0.012919780798256397,0.010211781598627567,0.010101872845296145,0.00270799919962883,0.002817907952960252,23.413879118685614
25220,3,2019,0.017418459057807922,0.010240130126476288,0.010101872845296145,0.0071783289313316345,0.007316586212511777,51.90667020772625
25260,1,2017,0.004098744597285986,0.006055429112166166,0.0057354450504115435,0.0019566845148801804,0.0016367004531255575,38.53947438549444
25260,2,2018,0.004789283964782953,0.0058185746893286705,0.0057354450504115435,0.0010292907245457172,0.0009461610856285902,19.40617400361123
25260,3,2019,0.005917197093367577,0.005918586160987616,0.0057354450504115435,1.3890676200389862e-06,0.00018175204295603313,0.023472319770841788
25300,1,2017,0.008554471656680107,0.010638058185577393,0.006480366793883354,0.0020835865288972855,0.0020741048627967535,21.712462717516036
25300,2,2018,0.009125497192144394,0.010544869117438793,0.006480366793883354,0.0014193719252943993,0.0026451303982610403,14.431568597931673
25300,3,2019,0.01034606620669365,0.010292397812008858,0.006480366793883354,5.3668394684791565e-05,0.0038656994128102957,0.5200810354114114
25420,1,2017,0.018908316269516945,0.013802777044475079,0.014634324681451873,0.005105539225041866,0.004273991588065072,31.21594020253053
25420,2,2018,0.013057268224656582,0.01352678518742323,0.014634324681451873,0.00046951696276664734,0.0015770564567952911,3.532319009992269
25420,3,2019,0.014803924597799778,0.013184661976993084,0.014634324681451873,0.001619262620806694,0.00016959991634790499,11.57087399133858
25460,1,2017,0.015370204113423824,0.009196792729198933,0.016661820946928186,0.006173411384224892,0.0012916168335043617,50.2577413990399
25460,2,2018,0.015111886896193027,0.008717053569853306,0.016661820946928186,0.006394833326339722,0.0015499340507351585,53.67280724723201
25460,3,2019,0.01907576620578766,0.008977060206234455,0.016661820946928186,0.010098705999553204,0.0024139452588594727,71.99775346228716
25500,1,2017,0.008366486988961697,0.010281405411660671,0.014143995190139787,0.0019149184226989746,0.0057775082011780905,20.537628110227182
25500,2,2018,0.01558866910636425,0.00981036014854908,0.014143995190139787,0.00577830895781517,0.001444673916224463,45.500216758768794
25500,3,2019,0.009824329055845737,0.009597375988960266,0.014143995190139787,0.00022695306688547134,0.00431966613429405,2.3371063406284085
25540,1,2017,0.01602163538336754,0.011976916342973709,0.019231623617997014,0.004044719040393829,0.003209988234629476,28.892334398652544
25540,2,2018,0.015581377781927586,0.011566966772079468,0.019231623617997014,0.004014411009848118,0.003650245836069429,29.573880817433164
25540,3,2019,0.012914743274450302,0.011398916132748127,0.019231623617997014,0.0015158271417021751,0.006316880343546712,12.46892944306787
25580,1,2017,0.011669346131384373,0.01139218918979168,0.01635558367605188,0.00027715694159269333,0.004686237544667508,2.4036285316768993
25580,2,2018,0.021457720547914505,0.010928234085440636,0.01635558367605188,0.01052948646247387,0.005102136871862624,65.02499821561146
25580,3,2019,0.015188006684184074,0.01093974057585001,0.01635558367605188,0.0042482661083340645,0.0011675769918678067,32.519179247216584
25620,1,2017,0.012407693080604076,0.014972759410738945,0.009654928955961522,0.0025650663301348686,0.0027527641246425545,18.73647189813448
25620,2,2018,0.010337555781006813,0.014330384321510792,0.009654928955961522,0.003992828540503979,0.0006826268250452912,32.37260107881012
25620,3,2019,0.01607561483979225,0.013996378518640995,0.009654928955961522,0.0020792363211512566,0.00642068588383073,13.828385800363815
25700,1,2017,0.012515990063548088,0.013744539581239223,0.01440307999037503,0.0012285495176911354,0.0018870899268269414,9.356620498352942
25700,2,2018,0.014671280980110168,0.013534179888665676,0.01440307999037503,0.0011371010914444923,0.000268200989735139,8.062982509561941
25700,3,2019,0.013372133485972881,0.013156400993466377,0.01440307999037503,0.00021573249250650406,0.0010309465044021481,1.6264178584973317
25720,1,2017,0.02202438749372959,0.017849458381533623,0.029941556791552557,0.004174929112195969,0.007917169297822966,20.94068416787349
25720,2,2018,0.028179911896586418,0.01743975095450878,0.029941556791552557,0.010740160942077637,0.001761644894966139,47.08565524848912
25720,3,2019,0.02498159371316433,0.017161039635539055,0.029941556791552557,0.007820554077625275,0.004959963078388228,37.114682213525136
25740,1,2017,0.01761220581829548,0.01149842981249094,0.018471023739434753,0.006113776005804539,0.0008588179211392738,42.00371289147101
25740,2,2018,0.013520989567041397,0.011030321940779686,0.018471023739434753,0.002490667626261711,0.0049500341723933555,20.289479126150358
25740,3,2019,0.010626022703945637,0.011110479012131691,0.018471023739434753,0.00048445630818605423,0.007845001035489116,4.4575349947041225
25780,1,2017,0.015285523608326912,0.008541543036699295,0.00682333348753296,0.006743980571627617,0.008462190120793953,56.607704521195565
25780,2,2018,0.011654414236545563,0.008226151578128338,0.00682333348753296,0.003428262658417225,0.0048310807490126026,34.48856502322046
25780,3,2019,0.005478682462126017,0.008157988078892231,0.00682333348753296,0.0026793056167662144,0.0013446510254069436,39.29556916299443
25820,1,2017,0.01185435988008976,0.009350084699690342,0.00712175564465077,0.002504275180399418,0.00473260423543899,23.620274419012084
25820,2,2018,0.005089599173516035,0.008949074894189835,0.00712175564465077,0.0038594757206737995,0.0020321564711347348,54.98344007259215
25820,3,2019,0.005971423350274563,0.009046484716236591,0.00712175564465077,0.0030750613659620285,0.001150332294376207,40.95189962208128
25840,1,2017,0.0069076200015842915,0.0088996896520257,0.006343013209966,0.001992069650441408,0.0005646067916182914,25.20439510421958
25840,2,2018,0.005395366344600916,0.008877163752913475,0.006343013209966,0.003481797408312559,0.0009476468653650842,48.79015766673412
25840,3,2019,0.013832702301442623,0.00893045961856842,0.006343013209966,0.004902242682874203,0.007489689091476623,43.071701080152664
25860,1,2017,0.009149867109954357,0.0116720050573349,0.014756178821551707,0.0025221379473805428,0.00560631171159735,24.22584017253511
25860,2,2018,0.01555961649864912,0.011480854824185371,0.014756178821551707,0.004078761674463749,0.0008034376770974135,30.167818581094668
25860,3,2019,0.011785031296312809,0.011250385083258152,0.014756178821551707,0.000534646213054657,0.002971147525238898,4.641947617942159
25880,1,2017,0.005381614901125431,0.005959612317383289,0.0027701435239715568,0.0005779974162578583,0.0026114713771538743,10.192845897175586
25880,2,2018,0.006465141195803881,0.0057380166836082935,0.0027701435239715568,0.0007271245121955872,0.003694997671832324,11.916979580725275
25880,3,2019,0.005785287823528051,0.005873465444892645,0.0027701435239715568,8.81776213645935e-05,0.0030151442995564946,1.5126410809529733
25940,1,2017,0.015159744769334793,0.014780026860535145,0.014965337279950149,0.0003797179087996483,0.00019440748938464453,2.536544277402586
25940,2,2018,0.013650012202560902,0.014512426219880581,0.014965337279950149,0.0008624140173196793,0.001315325077389247,6.124567043201098
25940,3,2019,0.01627422496676445,0.014197482727468014,0.014965337279950149,0.0020767422392964363,0.0013088876868143015,13.630621418427696
25980,1,2017,0.008919360116124153,0.007660398725420237,0.0069936260623229465,0.0012589613907039165,0.0019257340538012067,15.186718255676782
25980,2,2018,0.00906931608915329,0.007266344968229532,0.0069936260623229465,0.0018029711209237576,0.0020756900268303433,22.07403803113327
25980,3,2019,0.007976097986102104,0.007203883491456509,0.0069936260623229465,0.0007722144946455956,0.0009824719237791577,10.174109725782142
26020,1,2017,0.01102459616959095,0.018191805109381676,0.01682107982720542,0.007167208939790726,0.005796483657614471,49.06289736514659
26020,2,2018,0.01355077512562275,0.017701467499136925,0.01682107982720542,0.004150692373514175,0.003270304701582672,26.56251645825862
26020,3,2019,0.023485012352466583,0.01767413318157196,0.01682107982720542,0.005810879170894623,0.006663932525261162,28.236143795948568
26090,1,2017,0.007505631074309349,0.008336281403899193,0.008234493570031956,0.0008306503295898438,0.0007288624957226073,10.486736451746308
26090,2,2018,0.011580538004636765,0.008077829144895077,0.008234493570031956,0.0035027088597416878,0.003346044434604808,35.635788581104755
26090,3,2019,0.008558866567909718,0.008125092834234238,0.008234493570031956,0.0004337737336754799,0.0003243729978777612,5.199886468501174
26140,1,2017,0.01254125963896513,0.010249924845993519,0.010850525496302063,0.002291334792971611,0.0016907341426630664,20.10719354339947
26140,2,2018,0.01330855954438448,0.00963658932596445,0.010850525496302063,0.0036719702184200287,0.002458034048082416,32.006491993961845
26140,3,2019,0.013000992126762867,0.009392952546477318,0.010850525496302063,0.003608039580285549,0.0021504666304608035,32.22333556472722
26220,1,2017,0.011976046487689018,0.017768682911992073,0.014680226373345815,0.005792636424303055,0.002704179885656797,38.94898083635697
26220,2,2018,0.011442996561527252,0.017574554309248924,0.014680226373345815,0.006131557747721672,0.003237229811818563,42.26101411505482
26220,3,2019,0.013651163317263126,0.01736362837255001,0.014680226373345815,0.0037124650552868843,0.001029063056082689,23.939956749787953
26300,1,2017,0.018054602667689323,0.011708773672580719,0.015284595723964461,0.006345828995108604,0.0027700069437248623,42.641848091879645
26300,2,2018,0.021239155903458595,0.011409983038902283,0.015284595723964461,0.009829172864556313,0.005954560179494134,60.21089788226228
26300,3,2019,0.014925668947398663,0.011037624441087246,0.015284595723964461,0.0038880445063114166,0.0003589267765657985,29.9503067705604
26340,1,2017,0.010750525631010532,0.009090227074921131,0.009408568337903449,0.0016602985560894012,0.0013419572931070833,16.73623721726214
26340,2,2018,0.008105725049972534,0.008952604606747627,0.009408568337903449,0.0008468795567750931,0.001302843287930915,9.929214376282669
26340,3,2019,0.00650693429633975,0.00884011760354042,0.009408568337903449,0.0023331833072006702,0.002901634041563699,30.405602354661614
26380,1,2017,0.01562581956386566,0.012778855860233307,0.015469482456555708,0.0028469637036323547,0.00015633710730995377,20.045733026967074
26380,2,2018,0.00874057412147522,0.012534055858850479,0.015469482456555708,0.0037934817373752594,0.006728908335080488,35.66200641593357
26380,3,2019,0.014175652526319027,0.012436852790415287,0.015469482456555708,0.00173879973590374,0.001293829930236681,13.067533941899574
26420,1,2017,0.021946266293525696,0.023467520251870155,0.019269667805997797,0.0015212539583444595,0.0026765984875278988,6.699523378644667
26420,2,2018,0.017064189538359642,0.02343582920730114,0.019269667805997797,0.006371639668941498,0.002205478267638155,31.464864921233726
26420,3,2019,0.01784735731780529,0.022777104750275612,0.019269667805997797,0.004929747432470322,0.0014223104881925068,24.269841213979387
26460,1,2017,0.013425967656075954,0.009350231848657131,0.010525976433418766,0.004075735807418823,0.002899991222657189,35.789412690218285
26460,2,2018,0.007774634752422571,0.008741269819438457,0.010525976433418766,0.0009666350670158863,0.0027513416809961944,11.705498509453296
26460,3,2019,0.010389185510575771,0.008740381337702274,0.010525976433418766,0.001648804172873497,0.0001367909228429942,17.23827124824159
26500,1,2017,0.005555554758757353,0.004801547154784203,0.007284841754580789,0.0007540076039731503,0.0017292869958234359,14.560190336213557
26500,2,2018,0.004523576702922583,0.004705503117293119,0.007284841754580789,0.0001819264143705368,0.002761265051658206,3.94245625331415
26500,3,2019,0.012093042954802513,0.004815005697309971,0.007284841754580789,0.007278037257492542,0.004808201200221724,86.08956719680207
26540,1,2017,0.009341941215097904,0.00885775126516819,0.0049950598309364365,0.0004841899499297142,0.004346881384161468,5.320855661840851
26540,2,2018,0.006454092916101217,0.008402152918279171,0.0049950598309364365,0.0019480600021779537,0.0014590330851647808,26.225450394705078
26540,3,2019,0.004656100645661354,0.008206350728869438,0.0049950598309364365,0.003550250083208084,0.0003389591852750824,55.203276881950494
26580,1,2017,0.011907914653420448,0.009091605432331562,0.00844518499622789,0.0028163092210888863,0.0034627296571925585,26.82259278744267
26580,2,2018,0.013462175615131855,0.008819201029837132,0.00844518499622789,0.0046429745852947235,0.005016990618903965,41.67581362215696
26580,3,2019,0.012289862148463726,0.008793631568551064,0.00844518499622789,0.0034962305799126625,0.0038446771522358363,33.16555565753654
26620,1,2017,0.012393719516694546,0.01726774126291275,0.014890831889195077,0.0048740217462182045,0.0024971123725005314,32.864329502966974
26620,2,2018,0.013886569999158382,0.01706928387284279,0.014890831889195077,0.0031827138736844063,0.0010042618900366947,20.562914262994248
26620,3,2019,0.011776075698435307,0.016754547134041786,0.014890831889195077,0.00497847143560648,0.0031147561907597706,34.899130803291314
26660,1,2017,0.005361825693398714,0.008006052114069462,0.009795896458716334,0.0026442264206707478,0.00443407076531762,39.560870928218144
26660,2,2018,0.007622628007084131,0.007656370289623737,0.009795896458716334,3.3742282539606094e-05,0.002173268451632203,0.4416815788610634
26660,3,2019,0.012217833660542965,0.0077232783660292625,0.009795896458716334,0.004494555294513702,0.002421937201826631,45.07825877124219
26700,1,2017,0.007374700624495745,0.008300199173390865,0.022924045651318378,0.0009254985488951206,0.015549345026822634,11.80866187848688
26700,2,2018,0.0023440930526703596,0.007897259667515755,0.022924045651318378,0.005553166614845395,0.02057995259864802,108.44585367335722
26700,3,2019,0.009782557375729084,0.007791907526552677,0.022924045651318378,0.001990649849176407,0.013141488275589294,22.65387569466389
26740,1,2017,0.016690285876393318,0.010197771713137627,0.009958899778691115,0.0064925141632556915,0.006731386097702203,48.2929027282243
26740,2,2018,0.008765745908021927,0.009880862198770046,0.009958899778691115,0.0011151162907481194,0.0011931538706691884,11.960520501483769
26740,3,2019,0.007047589868307114,0.009813453070819378,0.009958899778691115,0.0027658632025122643,0.0029113099103840016,32.80771624996218
26780,1,2017,0.011203409172594547,0.009382701478898525,0.009620670698185816,0.001820707693696022,0.0015827384744087312,17.68869156573188
26780,2,2018,0.012938449159264565,0.008911571465432644,0.009620670698185816,0.004026877693831921,0.0033177784610787485,36.85924073058569
26780,3,2019,0.01175030879676342,0.008873841725289822,0.009620670698185816,0.0028764670714735985,0.002129638098577604,27.89414937299209
26820,1,2017,0.02377181500196457,0.021390363574028015,0.015404649100933698,0.002381451427936554,0.00836716590103087,10.546217989101136
26820,2,2018,0.010757314041256905,0.021040232852101326,0.015404649100933698,0.010282918810844421,0.004647335059676794,64.67741433929022
26820,3,2019,0.027345746755599976,0.021033667027950287,0.015404649100933698,0.006312079727649689,0.011941097654666277,26.094067411343957
26860,1,2017,0.007155887316912413,0.012347444891929626,0.01135506973237844,0.005191557575017214,0.004199182415466027,53.237619680011235
26860,2,2018,0.0060271029360592365,0.012332521378993988,0.01135506973237844,0.0063054184429347515,0.005327966796319203,68.68784350203406
26860,3,2019,0.012298221699893475,0.012347185052931309,0.01135506973237844,4.896335303783417e-05,0.0009431519675150348,0.3973424635411948
26900,1,2017,0.019161991775035858,0.02012176252901554,0.021413621393052293,0.0009597707539796829,0.0022516296180164347,4.88634819489893
26900,2,2018,0.01648475043475628,0.019886452704668045,0.021413621393052293,0.003401702269911766,0.004928870958296014,18.70546498887338
26900,3,2019,0.015417953953146935,0.019742438569664955,0.021413621393052293,0.004324484616518021,0.005995667439905358,24.598606990988326
26980,1,2017,0.009885150007903576,0.01605043187737465,0.01581018327051011,0.006165281869471073,0.005925033262606533,47.54302039253371
26980,2,2018,0.011842218227684498,0.015443447977304459,0.01581018327051011,0.003601229749619961,0.0039679650428256115,26.39648526622555
26980,3,2019,0.009493889287114143,0.015526782721281052,0.01581018327051011,0.006032893434166908,0.006316293983395966,48.223253324131534
27020,1,2017,0.009824147447943687,0.008716749027371407,0.008101282429728754,0.0011073984205722809,0.0017228650182149335,11.94546148050144
27020,2,2018,0.005070994608104229,0.00836875382810831,0.008101282429728754,0.0032977592200040817,0.003030287821624525,49.07467996029583
27020,3,2019,0.007227655034512281,0.00859104935079813,0.008101282429728754,0.0013633943162858486,0.0008736273952164725,17.237738580727203
27060,1,2017,0.008336560800671577,0.009690159931778908,0.007089516967577276,0.0013535991311073303,0.0012470438330943016,15.01768846716808
27060,2,2018,0.007508795242756605,0.009040171280503273,0.007089516967577276,0.0015313760377466679,0.00041927827517932933,18.507199349691405
27060,3,2019,0.009986985474824905,0.009237275458872318,0.007089516967577276,0.0007497100159525871,0.0028974685072476296,7.799619746707371
27100,1,2017,0.006627787835896015,0.008104505017399788,0.007008762513418379,0.0014767171815037727,0.0003809746775223638,20.047336743059315
27100,2,2018,0.01591755449771881,0.00786388386040926,0.007008762513418379,0.008053670637309551,0.008908791984300432,67.73069929155052
27100,3,2019,0.010046915151178837,0.007947195321321487,0.007008762513418379,0.0020997198298573494,0.003038152637760458,23.337843414644965
27140,1,2017,0.013222374953329563,0.013526566326618195,0.014511405505210354,0.00030419137328863144,0.001289030551880791,2.274417191949258
27140,2,2018,0.012567773461341858,0.01325305923819542,0.014511405505210354,0.0006852857768535614,0.0019436320438684963,5.308004737318988
27140,3,2019,0.011577512137591839,0.012997906655073166,0.014511405505210354,0.001420394517481327,0.0029338933676185154,11.559468845607855
27180,1,2017,0.011604766361415386,0.012968510389328003,0.010203341608323339,0.0013637440279126167,0.0014014247530920471,11.099402711127853
27180,2,2018,0.013474763371050358,0.01250302791595459,0.010203341608323339,0.000971735455095768,0.0032714217627270187,7.481275604197233
27180,3,2019,0.012081337161362171,0.012297864072024822,0.010203341608323339,0.00021652691066265106,0.001877995553038832,1.7763241688978062
27220,1,2017,0.027393655851483345,0.025125280022621155,0.03556565626752457,0.0022683758288621902,0.008172000416041228,8.638314387725202
27220,2,2018,0.03037574328482151,0.024099376052618027,0.03556565626752457,0.006276367232203484,0.005189912982703063,23.043055825807382
27220,3,2019,0.03660858795046806,0.022912681102752686,0.03556565626752457,0.013695906847715378,0.0010429316829434904,46.02020341488034
27260,1,2017,0.020130787044763565,0.022921016439795494,0.017828546311471564,0.002790229395031929,0.0023022407332920006,12.962192154960771
27260,2,2018,0.017361491918563843,0.0228660237044096,0.017828546311471564,0.0055045317858457565,0.0004670543929077217,27.366991633719508
27260,3,2019,0.018188832327723503,0.022536050528287888,0.017828546311471564,0.0043472182005643845,0.0003602860162519386,21.3491940466711
27300,1,2017,0.010268687270581722,0.00932594109326601,0.005614694748609029,0.000942746177315712,0.004653992521972693,9.622491212239836
27300,2,2018,0.004721507895737886,0.00896240770816803,0.005614694748609029,0.004240899812430143,0.0008931868528711424,61.983672451706816
27300,3,2019,0.016360778361558914,0.00905084703117609,0.005614694748609029,0.007309931330382824,0.010746083612949885,57.53215971666804
27340,1,2017,0.00902730505913496,0.011923170648515224,0.008971069078266627,0.0028958655893802643,5.62359808683327e-05,27.64485396462978
27340,2,2018,0.007149175740778446,0.011709806509315968,0.008971069078266627,0.004560630768537521,0.0018218933374881813,48.36558293314627
27340,3,2019,0.008791833184659481,0.012042192742228508,0.008971069078266627,0.003250359557569027,0.00017923589360714642,31.20239946763438
27380,1,2017,0.0037945762742310762,0.009311863221228123,0.013485868636914337,0.0055172869469970465,0.00969129236268326,84.1919384637089
27380,2,2018,0.008868384175002575,0.008944109082221985,0.013485868636914337,7.572490721940994e-05,0.004617484461911762,0.8502444168109469
27380,3,2019,0.009620161727070808,0.008794676512479782,0.013485868636914337,0.0008254852145910263,0.0038657069098435286,8.9654305466182
27420,1,2017,0.007103176321834326,0.009759941138327122,0.02018348623853211,0.002656764816492796,0.013080309916697785,31.50975194570889
27420,2,2018,0.009867819026112556,0.009107373654842377,0.02018348623853211,0.0007604453712701797,0.010315667212419555,8.015148866192876
27420,3,2019,0.007282783277332783,0.009122512303292751,0.02018348623853211,0.0018397290259599686,0.012900702961199328,22.42846397366308
27460,1,2017,0.008112805895507336,0.007656820118427277,0.0052468637889577716,0.00045598577708005905,0.002865942106549564,5.783085629587566
27460,2,2018,0.007267498876899481,0.0073389932513237,0.0052468637889577716,7.149437442421913e-05,0.0020206350879417093,0.9789390203979811
27460,3,2019,0.008943580090999603,0.007438508793711662,0.0052468637889577716,0.001505071297287941,0.0036967163020418317,18.374584451966182
27500,1,2017,0.009147070348262787,0.010577154345810413,0.012689774589530318,0.0014300839975476265,0.003542704241267531,14.500780585188863
27500,2,2018,0.00802361685782671,0.010038847103714943,0.012689774589530318,0.002015230245888233,0.004666157731703608,22.314000287878958
27500,3,2019,0.015284859575331211,0.010048199445009232,0.012689774589530318,0.0052366601303219795,0.0025950849858008933,41.3424850034345
27540,1,2017,0.009677941910922527,0.009684580378234386,0.00821181056887092,6.638467311859131e-06,0.0014661313420516065,0.06857023877581028
27540,2,2018,0.006354334764182568,0.009356483817100525,0.00821181056887092,0.0030021490529179573,0.0018574758046883532,38.21757760751755
27540,3,2019,0.009586266241967678,0.009480811655521393,0.00821181056887092,0.00010545458644628525,0.0013744556730967573,1.1061425532125697
27600,1,2017,0.028858732432127,0.020607488229870796,0.012373057628777683,0.008251244202256203,0.016485674803349316,33.36111966418813
27600,2,2018,0.027200493961572647,0.020602412521839142,0.012373057628777683,0.006598081439733505,0.014827436332794965,27.605350991599526
27600,3,2019,0.006603220012038946,0.020321231335401535,0.012373057628777683,0.013718011323362589,0.005769837616738736,101.8999871257715
27620,1,2017,0.010247188620269299,0.011040273122489452,0.010996636245283143,0.0007930845022201538,0.0007494476250138448,7.451185484156269
27620,2,2018,0.00849804189056158,0.01078585721552372,0.010996636245283143,0.002287815324962139,0.0024985943547215627,23.727713218065187
27620,3,2019,0.011166661977767944,0.010767696425318718,0.010996636245283143,0.0003989655524492264,0.00017002573248480098,3.6378120866528607
27700,1,2017,0.014894472435116768,0.010056199505925179,0.007468879668049793,0.004838272929191589,0.007425592767066975,38.782690915016666
27700,2,2018,0.01133748795837164,0.009743716567754745,0.007468879668049793,0.0015937713906168938,0.0038686082903218464,15.120299531525566
27700,3,2019,0.006070659030228853,0.010082208551466465,0.007468879668049793,0.004011549521237612,0.0013982206378209397,49.66978175806346
27740,1,2017,0.010364341549575329,0.011690447106957436,0.008505157173338053,0.0013261055573821068,0.0018591843762372755,12.025551246547483
27740,2,2018,0.008437158539891243,0.011307156644761562,0.008505157173338053,0.0028699981048703194,6.79986334468103e-05,29.071625168543704
27740,3,2019,0.018870117142796516,0.011230827309191227,0.008505157173338053,0.0076392898336052895,0.010364959969458463,50.75779139023827
27780,1,2017,0.01564529910683632,0.008293773978948593,0.009784992459071336,0.007351525127887726,0.005860306647764983,61.41860238793423
27780,2,2018,0.010519145056605339,0.007979441434144974,0.009784992459071336,0.0025397036224603653,0.0007341525975340032,27.458338514819438
27780,3,2019,0.00869902316480875,0.008159217424690723,0.009784992459071336,0.0005398057401180267,0.0010859692942625856,6.404054053559465
27860,1,2017,0.017253397032618523,0.01569216139614582,0.019533726017655333,0.001561235636472702,0.0022803289850368107,9.477667018242173
27860,2,2018,0.011872399598360062,0.015599568374454975,0.019533726017655333,0.0037271687760949135,0.007661326419295272,27.134331425157242
27860,3,2019,0.018876275047659874,0.01522790640592575,0.019533726017655333,0.0036483686417341232,0.0006574509699954594,21.395426698207462
27900,1,2017,0.01303234975785017,0.014993070624768734,0.01151409832389708,0.001960720866918564,0.0015182514339530905,13.992440723654923
27900,2,2018,0.024170396849513054,0.014849191531538963,0.01151409832389708,0.00932120531797409,0.012656298525615974,47.77704386880867
27900,3,2019,0.01121452171355486,0.014626982621848583,0.01151409832389708,0.003412460908293724,0.0002995766103422205,26.41068835210309
27940,1,2017,0.009274428710341454,0.011603775434195995,0.013470487386725447,0.0023293467238545418,0.004196058676383993,22.3136587040323
27940,2,2018,0.01525513082742691,0.01134338229894638,0.013470487386725447,0.00391174852848053,0.0017846434407014639,29.413276142402847
27940,3,2019,0.005565174389630556,0.01105763204395771,0.013470487386725447,0.005492457654327154,0.00790531299709489,66.08335809122005
28020,1,2017,0.01062865275889635,0.013123495504260063,0.013099188398855028,0.0024948427453637123,0.0024705356399586775,21.007293044469414
28020,2,2018,0.010789977386593819,0.01277389470487833,0.013099188398855028,0.0019839173182845116,0.0023092110122612097,16.838628801342526
28020,3,2019,0.011421816423535347,0.012725599110126495,0.013099188398855028,0.0013037826865911484,0.0016773719753196813,10.79852330240056
28060,1,2017,0.013879395090043545,0.016367295756936073,0.01659896127937471,0.0024879006668925285,0.002719566189331165,16.450724192889723
28060,2,2018,0.016123134642839432,0.01596236787736416,0.01659896127937471,0.00016076676547527313,0.000475826636535278,1.0021143678103417
28060,3,2019,0.013946392573416233,0.015559549443423748,0.01659896127937471,0.001613156870007515,0.0026525687059584767,10.93445057517097
28100,1,2017,0.013852233998477459,0.013029292225837708,0.004483246814535158,0.0008229417726397514,0.009368987183942301,6.12272874416586
28100,2,2018,0.016402186825871468,0.012890803627669811,0.004483246814535158,0.0035113831982016563,0.01191894001133631,23.974213251187514
28100,3,2019,0.017179273068904877,0.01265899557620287,0.004483246814535158,0.004520277492702007,0.012696026254369719,30.298513841669934
28140,1,2017,0.019652828574180603,0.019806265830993652,0.017494353467291588,0.00015343725681304932,0.002158475106889015,0.7777026829475083
28140,2,2018,0.015531640499830246,0.018951835110783577,0.017494353467291588,0.003420194610953331,0.001962712967461342,19.836710531957443
28140,3,2019,0.018376125022768974,0.019022928550839424,0.017494353467291588,0.0006468035280704498,0.0008817715554773863,3.458929001243139
28260,1,2017,0.016858255490660667,0.014327862299978733,0.016054675587924012,0.0025303931906819344,0.000803579902736655,16.227684358052546
28260,2,2018,0.01345011219382286,0.013975311070680618,0.016054675587924012,0.0005251988768577576,0.0026045633941011517,3.83001334412841
28260,3,2019,0.012578841298818588,0.013885080814361572,0.016054675587924012,0.001306239515542984,0.003475834289105424,9.871847539182745
28300,1,2017,0.007830020971596241,0.008931192569434643,0.00759234733349943,0.0011011715978384018,0.00023767363809681138,13.139513295586953
28300,2,2018,0.013831060379743576,0.008555569685995579,0.00759234733349943,0.005275490693747997,0.006238713046244146,47.130705440890935
28300,3,2019,0.02029850147664547,0.008572116494178772,0.00759234733349943,0.011726384982466698,0.012706154143146041,81.23401399039201
28340,1,2017,0.003971035126596689,0.00889652967453003,0.01756951508986097,0.00492549454793334,0.013598479963264281,76.55668801710873
28340,2,2018,0.02590816095471382,0.008290547877550125,0.01756951508986097,0.017617613077163696,0.008338645864852851,103.03083670223803
28340,3,2019,0.013967183418571949,0.008286556228995323,0.01756951508986097,0.005680627189576626,0.003602331671289021,51.05321376883215
28380,1,2017,0.01474209688603878,0.011262994259595871,0.009341460182854115,0.0034791026264429092,0.005400636703184665,26.75707821291769
28380,2,2018,0.004153542220592499,0.010628931224346161,0.009341460182854115,0.006475389003753662,0.005187917962261616,87.6089464652268
28380,3,2019,0.007570712361484766,0.011012532748281956,0.009341460182854115,0.0034418203867971897,0.0017707478213693489,37.04216905453003
28420,1,2017,0.010527440346777439,0.012138498947024345,0.01614401204556488,0.0016110586002469063,0.005616571698787442,14.215672852382717
28420,2,2018,0.019597835838794708,0.011798564344644547,0.01614401204556488,0.007799271494150162,0.0034538237932298273,49.68256847570467
28420,3,2019,0.01924561709165573,0.011508611030876637,0.01614401204556488,0.007737006060779095,0.0031016050460908502,50.31505596043693
28500,1,2017,0.012833893299102783,0.012852419167757034,0.012861485696468937,1.85258686542511e-05,2.7592397366153765e-05,0.14424695226927053
28500,2,2018,0.011610749177634716,0.012690036557614803,0.012861485696468937,0.0010792873799800873,0.001250736518834221,8.882732826847533
28500,3,2019,0.018377777189016342,0.012212341651320457,0.012861485696468937,0.006165435537695885,0.005516291492547405,40.30996776689616
28540,1,2017,0.007935942150652409,0.009354079142212868,0.012916726800404099,0.0014181369915604591,0.00498078464975169,16.404099767542384
28540,2,2018,0.006852247752249241,0.008960745297372341,0.012916726800404099,0.0021084975451231003,0.006064479048154858,26.667895256917163
28540,3,2019,0.01003629993647337,0.008750365115702152,0.012916726800404099,0.0012859348207712173,0.002880426863930729,13.68986068263638
28580,1,2017,0.01823459565639496,0.02652488648891449,0.018728270481774462,0.008290290832519531,0.0004936748253795038,37.04372161152105
28580,2,2018,0.023908574134111404,0.02649000845849514,0.018728270481774462,0.0025814343243837357,0.005180303652336942,10.244073064700743
28580,3,2019,0.024928485974669456,0.026097485795617104,0.018728270481774462,0.001168999820947647,0.006200215492894994,4.5819787503956615
28620,1,2017,0.03615466132760048,0.021335314959287643,0.016314590306883068,0.014819346368312836,0.01984007102071741,51.5545308859909
28620,2,2018,0.02226698212325573,0.020381927490234375,0.016314590306883068,0.0018850546330213547,0.005952391816372662,8.839870506005036
28620,3,2019,0.015678444877266884,0.019760021939873695,0.016314590306883068,0.0040815770626068115,0.0006361454296161841,23.034720615490276
28660,1,2017,0.011316865682601929,0.013452337123453617,0.010143249367884459,0.0021354714408516884,0.0011736163147174697,17.24294960500005
28660,2,2018,0.018422728404402733,0.013051733374595642,0.010143249367884459,0.005370995029807091,0.008279479036518274,34.12921473326161
28660,3,2019,0.009658974595367908,0.01273870188742876,0.010143249367884459,0.003079727292060852,0.00048427477251655054,27.50040540505239
28700,1,2017,0.013115781359374523,0.012180495075881481,0.012756752517694113,0.000935286283493042,0.0003590288416804102,7.394652854574831
28700,2,2018,0.008982867002487183,0.011851686984300613,0.012756752517694113,0.002868819981813431,0.0037738855152069303,27.539045056404234
28700,3,2019,0.00886407308280468,0.012063072063028812,0.012756752517694113,0.0031989989802241325,0.003892679434889433,30.57270764164081
28740,1,2017,0.012425780296325684,0.009700903668999672,0.009550982638582886,0.0027248766273260117,0.002874797657742798,24.629767389526457
28740,2,2018,0.009701954200863838,0.009152392856776714,0.009550982638582886,0.0005495613440871239,0.00015097156228095245,5.829542130840459
28740,3,2019,0.01168776024132967,0.008968806825578213,0.009550982638582886,0.002718953415751457,0.002136777602746784,26.325304593734046
28780,1,2017,0.015666047111153603,0.009739950299263,0.012862036748676425,0.005926096811890602,0.0028040103624771776,46.65114605501429
28780,2,2018,0.010686056688427925,0.009342174045741558,0.012862036748676425,0.001343882642686367,0.0021759800602485,13.419877067820696
28780,3,2019,0.004993638023734093,0.009185134433209896,0.012862036748676425,0.004191496409475803,0.007868398724942332,59.12350263083469
28820,1,2017,0.005362837575376034,0.011463797651231289,0.004857615544369742,0.006100960075855255,0.0005052220310062918,72.51546572347104
28820,2,2018,0.006707416847348213,0.011079655960202217,0.004857615544369742,0.004372239112854004,0.0018498013029784712,49.161958261059354
28820,3,2019,0.008409427478909492,0.011066598817706108,0.004857615544369742,0.0026571713387966156,0.0035518119345397505,27.28657205530428
28860,1,2017,0.009849048219621181,0.011073756031692028,0.00704393098989349,0.0012247078120708466,0.002805117229727691,11.706912821194484
28860,2,2018,0.009286146610975266,0.010553475469350815,0.00704393098989349,0.0012673288583755493,0.002242215621081775,12.775729441397178
28860,3,2019,0.014635138213634491,0.010305515490472317,0.00704393098989349,0.004329622723162174,0.0075912072237410005,34.71938657710416
28900,1,2017,0.0066489544697105885,0.009072750806808472,0.010008990110878035,0.0024237963370978832,0.0033600356411674463,30.83373912410065
28900,2,2018,0.008522394113242626,0.008673103526234627,0.010008990110878035,0.00015070941299200058,0.0014865959976354086,1.752892861924048
28900,3,2019,0.009621377103030682,0.008702130988240242,0.010008990110878035,0.0009192461147904396,0.00038761300784735317,10.03351114356534
28940,1,2017,0.013852663338184357,0.014385675080120564,0.014992786711979249,0.0005330117419362068,0.0011401233737948924,3.7750914751848095
28940,2,2018,0.01283936481922865,0.014282760210335255,0.014992786711979249,0.0014433953911066055,0.0021534218927506,10.643670858015145
28940,3,2019,0.014968539588153362,0.014082320965826511,0.014992786711979249,0.0008862186223268509,2.4247123825886854e-05,6.101150192247452
29020,1,2017,0.010200144723057747,0.009647282771766186,0.009090361082645127,0.0005528619512915611,0.00110978364041262,5.571116688849565
29020,2,2018,0.00892072543501854,0.009272261522710323,0.009090361082645127,0.0003515360876917839,0.00016963564762658735,3.8645209308677657
29020,3,2019,0.012351153418421745,0.009002609178423882,0.009090361082645127,0.0033485442399978638,0.0032607923357766185,31.362554085571833
29060,1,2017,0.009446952491998672,0.01057962141931057,0.009451278418239195,0.0011326689273118973,4.325926240522984e-06,11.311653872953
29060,2,2018,0.012491467408835888,0.01033198181539774,0.009451278418239195,0.0021594855934381485,0.0030401889905966924,18.923385558883528
29060,3,2019,0.0077638025395572186,0.010308915749192238,0.009451278418239195,0.0025451132096350193,0.001687475878681977,28.165235142935117
29100,1,2017,0.022367235273122787,0.01862633042037487,0.015646721501390175,0.003740904852747917,0.006720513771732613,18.251176139003135
29100,2,2018,0.02210254967212677,0.017883263528347015,0.015646721501390175,0.004219286143779755,0.006455828170736595,21.10391036656092
29100,3,2019,0.013066256418824196,0.017128199338912964,0.015646721501390175,0.004061942920088768,0.002580465082565979,26.905214701789635
29180,1,2017,0.012321858666837215,0.013030014000833035,0.01439586351415304,0.0007081553339958191,0.0020740048473158242,5.586609430777206
29180,2,2018,0.011845957487821579,0.012681562453508377,0.01439586351415304,0.0008356049656867981,0.0025499060263314607,6.813608770924522
29180,3,2019,0.0161490049213171,0.0124611621722579,0.01439586351415304,0.0036878427490592003,0.0017531414071640609,25.779936537948803
29200,1,2017,0.013850443065166473,0.010277974419295788,0.015804474396209457,0.0035724686458706856,0.001954031331042983,29.612113331224855
29200,2,2018,0.016731953248381615,0.010020271874964237,0.015804474396209457,0.0067116813734173775,0.0009274788521721582,50.176602758401295
29200,3,2019,0.010249480605125427,0.009932237677276134,0.015804474396209457,0.00031724292784929276,0.005554993791084029,3.1438628388028405
29260,1,2017,0.01239858940243721,0.010235990397632122,0.008551638741632164,0.002162599004805088,0.003846950660805046,19.108797852377812
29260,2,2018,0.010599236935377121,0.009954569861292839,0.008551638741632164,0.0006446670740842819,0.002047598193744957,6.27296701592405
29260,3,2019,0.007354613859206438,0.009584881365299225,0.008551638741632164,0.002230267506092787,0.001197024882425726,26.332144611477236
29300,1,2017,0.014343907125294209,0.011099698953330517,0.011478724117776692,0.0032442081719636917,0.0028651830075175164,25.501156454637457
29300,2,2018,0.014851962216198444,0.010888360440731049,0.011478724117776692,0.003963601775467396,0.0033732380984217523,30.796818582687305
29300,3,2019,0.01352634746581316,0.010786972939968109,0.011478724117776692,0.002739374525845051,0.002047623348036468,22.533930811828863
29340,1,2017,0.0139691811054945,0.015158399939537048,0.019118440389158622,0.0011892188340425491,0.005149259283664123,8.165583155874476
29340,2,2018,0.01744101569056511,0.015106014907360077,0.019118440389158622,0.0023350007832050323,0.0016774246985935132,14.348467573754673
29340,3,2019,0.020508406683802605,0.015012642368674278,0.019118440389158622,0.005495764315128326,0.0013899662946439822,30.943696284557184
29380,1,2017,0.013935437425971031,0.014776187017560005,0.015009769672567943,0.000840749591588974,0.001074332246596912,5.856508052458864
29380,2,2018,0.013739073649048805,0.014321154914796352,0.015009769672567943,0.0005820812657475471,0.001270696023519138,4.148797697661364
29380,3,2019,0.006952273193746805,0.014074956998229027,0.015009769672567943,0.007122683804482222,0.008057496478821138,67.74720542927261
29420,1,2017,0.008295300416648388,0.0110744908452034,0.008702263864020995,0.0027791904285550117,0.0004069634473726075,28.696117125667566
29420,2,2018,0.00885526742786169,0.010882550850510597,0.008702263864020995,0.0020272834226489067,0.00015300356384069513,20.54211227351999
29420,3,2019,0.013286151923239231,0.010636470280587673,0.008702263864020995,0.002649681642651558,0.004583888059218236,22.15209112505344
29460,1,2017,0.009994665160775185,0.015506562776863575,0.011527798711115374,0.00551189761608839,0.0015331335503401891,43.228470943781595
29460,2,2018,0.011028449982404709,0.015411749482154846,0.011527798711115374,0.004383299499750137,0.0004993487287106649,33.156314480984044
29460,3,2019,0.011217639781534672,0.015295840799808502,0.011527798711115374,0.00407820101827383,0.00031015892958070196,30.76321471714139
29540,1,2017,0.015042079612612724,0.01299602072685957,0.013816075681494754,0.0020460588857531548,0.0012260039311179707,14.594841528051877
29540,2,2018,0.013976924121379852,0.0123972836881876,0.013816075681494754,0.0015796404331922531,0.00016084843988509873,11.978671326656189
29540,3,2019,0.010043016634881496,0.012310952879488468,0.013816075681494754,0.0022679362446069717,0.003773059046613257,20.291118573756037
29620,1,2017,0.013825013302266598,0.012863810174167156,0.012949451248961436,0.0009612031280994415,0.0008755620533051622,7.203035898501777
29620,2,2018,0.008142725564539433,0.012000971473753452,0.012949451248961436,0.0038582459092140198,0.004806725684422003,38.30720831949702
29620,3,2019,0.008976350538432598,0.011917655356228352,0.012949451248961436,0.0029413048177957535,0.003973100710528837,28.15451881174595
29660,1,2017,0.006425250321626663,0.009348234161734581,0.014237969730728474,0.002922983840107918,0.00781271940910181,37.06196928259927
29660,2,2018,0.027958547696471214,0.008955046534538269,0.014237969730728474,0.019003501161932945,0.01372057796574274,102.96204642064697
29660,3,2019,0.01109911035746336,0.008963308297097683,0.014237969730728474,0.002135802060365677,0.003138859373265114,21.291560430098958
29700,1,2017,0.011971496045589447,0.013198815286159515,0.01118944854962752,0.0012273192405700684,0.000782047495961927,9.752114201434296
29700,2,2018,0.011717000976204872,0.012753494083881378,0.01118944854962752,0.001036493107676506,0.0005275524265773521,8.471366693343212
29700,3,2019,0.009208227507770061,0.012661869637668133,0.01118944854962752,0.0034536421298980713,0.0019812210418574585,31.583220941086733
29740,1,2017,0.011533387936651707,0.01055947132408619,0.010095295096838148,0.0009739166125655174,0.0014380928398135592,8.816569736338437
29740,2,2018,0.009435751475393772,0.01012079045176506,0.010095295096838148,0.0006850389763712883,0.0006595436214443754,7.005723492799893
29740,3,2019,0.007060886826366186,0.010034558363258839,0.010095295096838148,0.0029736715368926525,0.0030344082704719614,34.789030229476765
29780,1,2017,0.00455424515530467,0.007346275728195906,0.0025656877897990726,0.0027920305728912354,0.0019885573655055977,46.92279025572263
29780,2,2018,0.0041893720626831055,0.006992252077907324,0.0025656877897990726,0.0028028800152242184,0.0016236842728840329,50.13363842856366
29780,3,2019,0.004277430009096861,0.0071883355267345905,0.0025656877897990726,0.0029109055176377296,0.0017117422192977883,50.77555388278657
29820,1,2017,0.02020464837551117,0.020137760788202286,0.018418188191450763,6.688758730888367e-05,0.001786460184060406,0.3315992877742276
29820,2,2018,0.020592771470546722,0.020007381215691566,0.018418188191450763,0.0005853902548551559,0.002174583279095959,2.8836842816572164
29820,3,2019,0.019508488476276398,0.019746294245123863,0.018418188191450763,0.00023780576884746552,0.0010903002848256342,1.211601194968596
29860,1,2017,0.0053694602102041245,0.006363030523061752,0.008821825148114424,0.0009935703128576279,0.003452364937910299,16.937059463213963
29860,2,2018,0.006022517569363117,0.006046314258128405,0.008821825148114424,2.37966887652874e-05,0.0027993075787513064,0.39434916962920347
29860,3,2019,0.007894955575466156,0.005978231783956289,0.008821825148114424,0.0019167237915098667,0.0009268695726482677,27.6320410047084
29900,1,2017,0.007667126599699259,0.013639353215694427,0.009454711645576852,0.005972226615995169,0.001787585045877593,56.06016446388372
29900,2,2018,0.006793598178774118,0.01324818842113018,0.009454711645576852,0.006454590242356062,0.0026611134668027333,64.41129376980986
29900,3,2019,0.006322107743471861,0.013115068897604942,0.009454711645576852,0.0067929611541330814,0.003132603902104991,69.89654706280844
29940,1,2017,0.012827806174755096,0.013416393660008907,0.01158041624831952,0.0005885874852538109,0.0012473899264355756,4.485465471885895
29940,2,2018,0.007477267645299435,0.012815780006349087,0.01158041624831952,0.005338512361049652,0.004103148603020086,52.61417429241841
29940,3,2019,0.015876492485404015,0.012462517246603966,0.01158041624831952,0.003413975238800049,0.004296076237084494,24.093813202325254
29980,1,2017,0.006152137648314238,0.0068029374815523624,0.006566997345256393,0.0006507998332381248,0.0004148596969421551,10.04701747173816
29980,2,2018,0.007610664702951908,0.006479588337242603,0.006566997345256393,0.0011310763657093048,0.0010436673576955154,16.054723215354404
29980,3,2019,0.012378264218568802,0.00650750519707799,0.006566997345256393,0.005870759021490812,0.005811266873312409,62.171212448101684
30020,1,2017,0.011738267727196217,0.011102518998086452,0.011394422936478644,0.0006357487291097641,0.0003438447907175724,5.566782426692222
30020,2,2018,0.0102985305711627,0.010807021521031857,0.011394422936478644,0.0005084909498691559,0.0010958923653159435,4.8185492302733826
30020,3,2019,0.008265376091003418,0.01083421241492033,0.011394422936478644,0.002568836323916912,0.003129046845475226,26.899375116395102
30060,1,2017,0.009981444105505943,0.011868142522871494,0.007421567525019678,0.001886698417365551,0.002559876580486265,17.26986954912639
30060,2,2018,0.004665195010602474,0.011752757243812084,0.007421567525019678,0.00708756223320961,0.002756372514417204,86.3391220345127
30060,3,2019,0.007028557825833559,0.011653020046651363,0.007421567525019678,0.004624462220817804,0.0003930096991861193,49.50823508561516
30140,1,2017,0.005923006683588028,0.008554477244615555,0.01106204206873808,0.002631470561027527,0.005139035385150053,36.35257005221274
30140,2,2018,0.008185844868421555,0.008265801705420017,0.01106204206873808,7.995683699846268e-05,0.002876197200316526,0.9720217127021175
30140,3,2019,0.009390492923557758,0.00825838278979063,0.01106204206873808,0.001132110133767128,0.0016715491451803222,12.829253383525268
30260,1,2017,0.006341473199427128,0.007442752365022898,0.018820407887932003,0.0011012791655957699,0.012478934688504875,15.978821029959809
30260,2,2018,0.007620138116180897,0.007195643614977598,0.018820407887932003,0.00042449450120329857,0.011200269771751106,5.7302978997816405
30260,3,2019,0.010782488621771336,0.007264861837029457,0.018820407887932003,0.0035176267847418785,0.008037919266160667,38.982174626279026
30280,1,2017,0.008726268075406551,0.007901200093328953,0.010814730735275571,0.0008250679820775986,0.00208846265986902,9.924150538101037
30280,2,2018,0.006378964986652136,0.007766390684992075,0.010814730735275571,0.0013874256983399391,0.004435765748623435,19.616681965616085
30280,3,2019,0.0046504782512784,0.007739802822470665,0.010814730735275571,0.0030893245711922646,0.006164252483997171,49.866860315130495
30300,1,2017,0.01213664747774601,0.011646603234112263,0.009081111921138547,0.0004900442436337471,0.003055535556607463,4.120917224688306
30300,2,2018,0.00818015169352293,0.011266049928963184,0.009081111921138547,0.003085898235440254,0.0009009602276156166,31.737783125551886
30300,3,2019,0.008099250495433807,0.010957987047731876,0.009081111921138547,0.002858736552298069,0.0009818614257047394,30.001568125962343
30340,1,2017,0.009904703125357628,0.012769894674420357,0.015563773848088023,0.002865191549062729,0.005659070722730395,25.27224792034359
30340,2,2018,0.018796276301145554,0.012560765258967876,0.015563773848088023,0.006235511042177677,0.0032325024530575307,39.77102904731851
30340,3,2019,0.008563533425331116,0.01243432704359293,0.015563773848088023,0.003870793618261814,0.007000240422756907,36.86843981622254
30380,1,2017,0.007622380740940571,0.010138406418263912,0.006756610901241231,0.0025160256773233414,0.0008657698396993402,28.332350792255042
30380,2,2018,0.007744225207716227,0.00972561351954937,0.006756610901241231,0.0019813883118331432,0.000987614306474996,22.683519963635913
30380,3,2019,0.0064365132711827755,0.009988128207623959,0.006756610901241231,0.003551614936441183,0.00032009763005845515,43.24737046656908
30420,1,2017,0.009150324389338493,0.010336668230593204,0.009438305709023941,0.0011863438412547112,0.0002879813196854479,12.175744668308248
30420,2,2018,0.007814896292984486,0.009687822312116623,0.009438305709023941,0.0018729260191321373,0.0016234094160394556,21.40153185699605
30420,3,2019,0.008966023102402687,0.009917760267853737,0.009438305709023941,0.0009517371654510498,0.0004722826066212542,10.079936237282881
30460,1,2017,0.018909379839897156,0.01412950549274683,0.017624955858254406,0.004779874347150326,0.0012844239816427495,28.934831501025304
30460,2,2018,0.015013638883829117,0.013684095814824104,0.017624955858254406,0.0013295430690050125,0.0026113169744252894,9.265836622119004
30460,3,2019,0.013395963236689568,0.013321842066943645,0.017624955858254406,7.412116974592209e-05,0.004228992621564839,0.5548445402707963
30580,1,2017,0.012239898554980755,0.008500359952449799,0.010999317871759891,0.0037395386025309563,0.0012405806832208634,36.06065756758359
30580,2,2018,0.007733439095318317,0.008289587683975697,0.010999317871759891,0.0005561485886573792,0.003265878776441574,6.941862473611365
30580,3,2019,0.012188540771603584,0.008367756381630898,0.010999317871759891,0.0038207843899726868,0.0011892228998436928,37.173840237851245
30620,1,2017,0.015291435644030571,0.011776858009397984,0.006730305660013499,0.0035145776346325874,0.008561129984017072,25.968214924967565
30620,2,2018,0.009603876620531082,0.011403210461139679,0.006730305660013499,0.0017993338406085968,0.0028735709605175828,17.1307233323405
30620,3,2019,0.016794010996818542,0.011356296017765999,0.006730305660013499,0.005437714979052544,0.010063705336805043,38.6334191279998
30660,1,2017,0.008400430902838707,0.005702889058738947,0.004260773174449217,0.00269754184409976,0.00413965772838949,38.25397053672851
30660,2,2018,0.008883739821612835,0.00534542603418231,0.004260773174449217,0.003538313787430525,0.004622966647163618,49.7332217029206
30660,3,2019,0.004398566670715809,0.005472544115036726,0.004260773174449217,0.0010739774443209171,0.00013779349626659183,21.759989926798195
30700,1,2017,0.013385524041950703,0.012754279188811779,0.01445975524974423,0.0006312448531389236,0.0010742312077935273,4.829757944835252
30700,2,2018,0.019460709765553474,0.012427421286702156,0.01445975524974423,0.007033288478851318,0.0050009545158092444,44.112251431187225
30700,3,2019,0.01994318887591362,0.012445686385035515,0.01445975524974423,0.007497502490878105,0.00548343362616939,46.296761561706155
30780,1,2017,0.01853802613914013,0.013342012651264668,0.016660640545015128,0.005196013487875462,0.0018773855941250014,32.597274377066505
30780,2,2018,0.014522111974656582,0.013161768205463886,0.016660640545015128,0.0013603437691926956,0.0021385285703585458,9.827692281264323
30780,3,2019,0.016253186389803886,0.012536734342575073,0.016660640545015128,0.003716452047228813,0.00040745415521124123,25.817721353869448
30820,1,2017,0.010133640840649605,0.010076340287923813,0.006834774504219956,5.730055272579193e-05,0.003298866336429649,0.5670517355624061
30820,2,2018,0.010696870274841785,0.00965616013854742,0.006834774504219956,0.001040710136294365,0.0038620957706218297,10.226581534321877
30820,3,2019,0.006545472424477339,0.009618409909307957,0.006834774504219956,0.003072937484830618,0.000289302079742617,38.02224639182548
30860,1,2017,0.01167093776166439,0.014994529075920582,0.011913653206099675,0.0033235913142561913,0.0002427154444352847,24.92804711124904
30860,2,2018,0.01579410582780838,0.014650380238890648,0.011913653206099675,0.0011437255889177322,0.003880452621708705,7.513513026538604
30860,3,2019,0.01302521862089634,0.01510855183005333,0.011913653206099675,0.00208333320915699,0.0011115654147966642,14.810190282029204
30900,1,2017,0.007956724613904953,0.0073279631324112415,0.005374089026372359,0.0006287614814937115,0.0025826355875325944,8.227332878011945
30900,2,2018,0.003274565562605858,0.006938889157027006,0.005374089026372359,0.0036643235944211483,0.0020995234637665007,71.75476089670904
30900,3,2019,0.005351542495191097,0.007067104801535606,0.005374089026372359,0.0017155623063445091,2.2546531181261327e-05,27.628788931903213
30980,1,2017,0.0157121904194355,0.016776476055383682,0.011529484051174665,0.0010642856359481812,0.004182706368260836,6.551732796952015
30980,2,2018,0.015661392360925674,0.016821926459670067,0.011529484051174665,0.0011605340987443924,0.00413190830975101,7.145413606801079
30980,3,2019,0.013171203434467316,0.016524896025657654,0.011529484051174665,0.003353692591190338,0.001641719383292651,22.586747234977526
31020,1,2017,0.01216293778270483,0.011896682903170586,0.006585244458057353,0.00026625487953424454,0.005577693324647477,2.2132914923798364
31020,2,2018,0.02020351029932499,0.01167379692196846,0.006585244458057353,0.00852971337735653,0.013618265841267636,53.51587975953535
31020,3,2019,0.01100310031324625,0.011772600933909416,0.006585244458057353,0.000769500620663166,0.004417855855188897,6.7572038678639705
31060,1,2017,0.008380038663744926,0.01008934061974287,0.0078000549299642955,0.0017093019559979439,0.0005799837337806309,18.509566610587523
31060,2,2018,0.008329380303621292,0.009448393248021603,0.0078000549299642955,0.0011190129444003105,0.0005293253736569966,12.588891535884397
31060,3,2019,0.0270074475556612,0.009777655825018883,0.0078000549299642955,0.01722979173064232,0.019207392625696908,93.67806782235762
31080,1,2017,0.01960456557571888,0.018207566812634468,0.019539566633519908,0.0013969987630844116,6.499894219897176e-05,7.389154249639693
31080,2,2018,0.01885511726140976,0.017949961125850677,0.019539566633519908,0.000905156135559082,0.0006844493721101484,4.91864671555789
31080,3,2019,0.01926029473543167,0.017440658062696457,0.019539566633519908,0.0018196366727352142,0.0002792718980882368,9.916016006141517
31140,1,2017,0.019113192334771156,0.017913229763507843,0.016600233019053105,0.0011999625712633133,0.002512959315718051,6.481653798444641
31140,2,2018,0.01717754453420639,0.017578938975930214,0.016600233019053105,0.00040139444172382355,0.0005773115151532851,2.309752228640431
31140,3,2019,0.018665987998247147,0.017295563593506813,0.016600233019053105,0.0013704244047403336,0.0020657549791940413,7.621606760561665
31180,1,2017,0.016563139855861664,0.018904587253928185,0.01573943209559296,0.0023414473980665207,0.0008237077602687055,13.203252244813957
31180,2,2018,0.015262807719409466,0.018633317202329636,0.01573943209559296,0.00337050948292017,0.0004766243761834925,19.887279129034336
31180,3,2019,0.017743198201060295,0.01800755225121975,0.01573943209559296,0.00026435405015945435,0.002003766105467337,1.4788723194423399
31220,1,2017,0.030203547328710556,0.01082830410450697,0.00782091834961243,0.019375243224203587,0.022382628979098124,94.43999149655087
31220,2,2018,0.013128877617418766,0.010603007860481739,0.00782091834961243,0.002525869756937027,0.005307959267806335,21.28670892966939
31220,3,2019,0.010881165973842144,0.01072769146412611,0.00782091834961243,0.00015347450971603394,0.0030602476242297134,1.4204771273330943
31260,1,2017,0.010461595840752125,0.01156084705144167,0.012671413200247247,0.0010992512106895447,0.0022098173594951222,9.983004309925818
31260,2,2018,0.012988668866455555,0.011104563251137733,0.012671413200247247,0.0018841056153178215,0.00031725566620830793,15.640116893541828
31260,3,2019,0.009406967088580132,0.010887249372899532,0.012671413200247247,0.0014802822843194008,0.0032644461116671155,14.588210958709016
31300,1,2017,0.0172894187271595,0.00898982584476471,0.0045420682031193675,0.00829959288239479,0.012747350524040132,63.164598978098645
31300,2,2018,0.008088979870080948,0.008508730679750443,0.0045420682031193675,0.00041975080966949463,0.0035469116669615804,5.057933207265123
31300,3,2019,0.004064592998474836,0.008367025293409824,0.0045420682031193675,0.004302432294934988,0.00047747520464453113,69.21751831565952
31340,1,2017,0.010296265594661236,0.009637112729251385,0.010152127388338188,0.0006591528654098511,0.00014413820632304744,6.613555655453857
31340,2,2018,0.009305322542786598,0.009055444970726967,0.010152127388338188,0.00024987757205963135,0.0008468048455515902,2.7218626430794775
31340,3,2019,0.013118777424097061,0.008922860957682133,0.010152127388338188,0.0041959164664149284,0.002966650035758873,38.07261955855804
31380,1,2017,0.010368622839450836,0.006904291454702616,0.004734047949142799,0.0034643313847482204,0.005634574890308037,40.11285322336333
31380,2,2018,0.007387769408524036,0.006695867516100407,0.004734047949142799,0.0006919018924236298,0.0026537214593812374,9.825606906033398
31380,3,2019,0.008389142341911793,0.00680415378883481,0.004734047949142799,0.0015849885530769825,0.0036550943927689938,20.864300889316652
31420,1,2017,0.011353631503880024,0.014670610427856445,0.01107549826783354,0.0033169789239764214,0.0002781332360464843,25.49144492358206
31420,2,2018,0.012178091332316399,0.014380291104316711,0.01107549826783354,0.002202199772000313,0.001102593064482859,16.583833357042543
31420,3,2019,0.012162531726062298,0.014201314188539982,0.01107549826783354,0.002038782462477684,0.0010870334582287582,15.466496775598394
31500,1,2017,0.00821599829941988,0.01138873491436243,0.004745824587021995,0.0031727366149425507,0.0034701737123978846,32.36703057362249
31500,2,2018,0.009946024976670742,0.011323051527142525,0.004745824587021995,0.0013770265504717827,0.005200200389648747,12.948619586693578
31500,3,2019,0.011576028540730476,0.010909074917435646,0.004745824587021995,0.0006669536232948303,0.006830203953708481,5.9324016713165095
31540,1,2017,0.014644848182797432,0.015819257125258446,0.014624135922744556,0.0011744089424610138,2.0712260052875922e-05,7.7101135587578025
31540,2,2018,0.013144255615770817,0.01567944698035717,0.014624135922744556,0.0025351913645863533,0.0014798803069737392,17.591011956779756
31540,3,2019,0.01568826287984848,0.015669647604227066,0.014624135922744556,1.8615275621414185e-05,0.0010641269571039242,0.11872774300111869
31580,1,2017,0.006021205801516771,0.008643968030810356,0.011676107385463463,0.002622762229293585,0.005654901583946692,35.768555775102
31580,2,2018,0.006471144035458565,0.008193202316761017,0.011676107385463463,0.001722058281302452,0.005204963350004898,23.48631252461078
31580,3,2019,0.011314012110233307,0.008207196369767189,0.011676107385463463,0.003106815740466118,0.00036209527523015615,31.8301415831092
31620,1,2017,0.012561842799186707,0.009283795021474361,0.004483166976822873,0.003278047777712345,0.008078675822363834,30.01099170528648
31620,2,2018,0.018188120797276497,0.008786221966147423,0.004483166976822873,0.009401898831129074,0.013704953820453624,69.70991232736935
31620,3,2019,0.030112870037555695,0.00863631721585989,0.004483166976822873,0.021476552821695805,0.025629703060732822,110.84902059385364
31680,1,2017,0.005866521038115025,0.005212594289332628,0.007734773113322009,0.0006539267487823963,0.0018682520752069847,11.804663806128174
31680,2,2018,0.009442813694477081,0.004942252300679684,0.007734773113322009,0.004500561393797398,0.001708040581155072,62.57264675296353
31680,3,2019,0.004294181242585182,0.004933984950184822,0.007734773113322009,0.0006398037075996399,0.003440591870736827,13.866308883458611
31700,1,2017,0.013824176974594593,0.013948800973594189,0.01633930123413871,0.00012462399899959564,0.002515124259544116,0.8974475431457709
31700,2,2018,0.02862933836877346,0.013892021030187607,0.01633930123413871,0.014737317338585854,0.012290037134634751,69.31722824028303
31700,3,2019,0.012679601088166237,0.014024049043655396,0.01633930123413871,0.0013444479554891586,0.003659700145972472,10.069390853930441
31740,1,2017,0.011743088252842426,0.013147854246199131,0.01458575151661155,0.0014047659933567047,0.0028426632637691233,11.287362292871645
31740,2,2018,0.008527320809662342,0.01285387109965086,0.01458575151661155,0.004326550289988518,0.006058430706949208,40.470599439070476
31740,3,2019,0.009893916547298431,0.012783176265656948,0.01458575151661155,0.0028892597183585167,0.004691834969313118,25.481735847737028
31820,1,2017,0.009022368118166924,0.007900811731815338,0.008769654525018218,0.0011215563863515854,0.0002527135931487054,13.25466884545718
31820,2,2018,0.006367698777467012,0.007785467430949211,0.008769654525018218,0.0014177686534821987,0.0024019557475512057,20.034635796297355
31820,3,2019,0.008983475156128407,0.007905910722911358,0.008769654525018218,0.0010775644332170486,0.0002138206311101884,12.76024839413395
31860,1,2017,0.011617611162364483,0.01593426987528801,0.030580128873400253,0.004316658712923527,0.01896251771103577,31.334754532996435
31860,2,2018,0.0126802371814847,0.01561913825571537,0.030580128873400253,0.002938901074230671,0.017899891691915554,20.770069941995494
31860,3,2019,0.013037819415330887,0.015181961469352245,0.030580128873400253,0.0021441420540213585,0.017542309458069366,15.196016602554877
31900,1,2017,0.012448701076209545,0.008822373114526272,0.00640849509463238,0.0036263279616832733,0.006040205981577165,34.09631525282238
31900,2,2018,0.008124914951622486,0.008556699380278587,0.00640849509463238,0.0004317844286561012,0.001716419856990106,5.176767202824236
31900,3,2019,0.005585698410868645,0.008687760680913925,0.00640849509463238,0.0031020622700452805,0.0008227966837637355,43.46612936348011
31930,1,2017,0.00858340971171856,0.009437402710318565,0.006788038553422852,0.0008539929986000061,0.0017953711582957069,9.47784711041471
31930,2,2018,0.008735943585634232,0.00922278594225645,0.006788038553422852,0.0004868423566222191,0.0019479050322113792,5.421787602254961
31930,3,2019,0.007377184461802244,0.009211065247654915,0.006788038553422852,0.0018338807858526707,0.0005891459083793918,22.11058686050296
31940,1,2017,0.00982816331088543,0.007466183044016361,0.006533837591858069,0.002361980266869068,0.00329432571902736,27.31504102723782
31940,2,2018,0.012934532947838306,0.006981680169701576,0.006533837591858069,0.00595285277813673,0.006400695355980237,59.778932411077
31940,3,2019,0.006064968183636665,0.007075578439980745,0.006533837591858069,0.00101061025634408,0.00046886940822140396,15.381544104877852
31980,1,2017,0.006450268439948559,0.016842933371663094,0.0063539553001466294,0.010392664931714535,9.631313980192936e-05,89.2334214428411
31980,2,2018,0.006225054617971182,0.016106782481074333,0.0063539553001466294,0.009881727863103151,0.00012890068217544758,88.49897475364234
31980,3,2019,0.012597203254699707,0.015589254908263683,0.0063539553001466294,0.0029920516535639763,0.006243247954553078,21.230411957007714
32000,1,2017,0.008167235180735588,0.007060149218887091,0.011924463285801727,0.0011070859618484974,0.0037572281050661394,14.540714357223584
32000,2,2018,0.010456014424562454,0.006492225453257561,0.011924463285801727,0.0039637889713048935,0.0014684488612392733,46.77520097803443
32000,3,2019,0.016572603955864906,0.006466183811426163,0.011924463285801727,0.010106420144438744,0.004648140670063179,87.7339195084837
32020,1,2017,0.01193587202578783,0.00679626502096653,0.01266785285216783,0.0051396070048213005,0.0007319808263799993,54.87472409855781
32020,2,2018,0.009788870811462402,0.006315256934612989,0.01266785285216783,0.003473613876849413,0.0028789820407054273,43.13939599400084
32020,3,2019,0.006201787386089563,0.006326806265860796,0.01266785285216783,0.0001250188797712326,0.006466065466078266,1.995735251019304
32100,1,2017,0.00956664513796568,0.009285190142691135,0.008417634945210216,0.00028145499527454376,0.0011490101927554633,2.9859675918657613
32100,2,2018,0.012266794219613075,0.008985094726085663,0.008417634945210216,0.0032816994935274124,0.0038491592744028594,30.88382362359773
32100,3,2019,0.013371349312365055,0.009103219956159592,0.008417634945210216,0.004268129356205463,0.004953714367154839,37.98183988416568
32140,1,2017,0.01803228259086609,0.016758127138018608,0.010219822599305824,0.0012741554528474808,0.007812459991560265,7.3247489554695715
32140,2,2018,0.01321913581341505,0.01630937121808529,0.010219822599305824,0.0030902354046702385,0.002999313214109227,20.930515415817506
32140,3,2019,0.018248174339532852,0.01627172715961933,0.010219822599305824,0.001976447179913521,0.008028351740227029,11.451055892550956
32180,1,2017,0.003949006088078022,0.007909990847110748,0.00990056757564119,0.003960984759032726,0.005951561487563168,66.8012891919213
32180,2,2018,0.006820229813456535,0.0078181903809309,0.00990056757564119,0.0009979605674743652,0.0030803377621846546,13.634803106920526
32180,3,2019,0.003092651255428791,0.00759452860802412,0.00990056757564119,0.004501877352595329,0.006807916320212399,84.24810282430639
32260,1,2017,0.00580232497304678,0.008366659283638,0.007381075810313757,0.002564334310591221,0.0015787508372669774,36.1964196489302
32260,2,2018,0.016142606735229492,0.007951706647872925,0.007381075810313757,0.008190900087356567,0.008761530924915734,67.99028930690724
32260,3,2019,0.007291796617209911,0.008041465654969215,0.007381075810313757,0.000749669037759304,8.927919310384568e-05,9.778330736610117
32280,1,2017,0.004662286024540663,0.006562492344528437,0.004169291220492516,0.001900206319987774,0.0004929948040481467,33.85732109166461
32280,2,2018,0.008687491528689861,0.006525344215333462,0.004169291220492516,0.0021621473133563995,0.004518200308197345,28.425284128130244
32280,3,2019,0.009849222376942635,0.00649952981621027,0.004169291220492516,0.0033496925607323647,0.0056799311564501185,40.97793485717547
32300,1,2017,0.011537695303559303,0.01032388024032116,0.007323832145684877,0.001213815063238144,0.004213863157874426,11.104547387944763
32300,2,2018,0.005939376540482044,0.009902874939143658,0.007323832145684877,0.0039634983986616135,0.0013844556052028329,50.037027904872794
32300,3,2019,0.0058633326552808285,0.00993820745497942,0.007323832145684877,0.004074874799698591,0.0014604994904040486,51.575633672201526
32340,1,2017,0.009992278181016445,0.010470818728208542,0.013195354512178589,0.0004785405471920967,0.0032030763311621437,4.677105478800636
32340,2,2018,0.004684702027589083,0.00994115974754095,0.013195354512178589,0.005256457719951868,0.008510652484589506,71.87889789776493
32340,3,2019,0.004777143243700266,0.00994828250259161,0.013195354512178589,0.005171139258891344,0.008418211268478323,70.23410849072535
32380,1,2017,0.011000177823007107,0.011056588031351566,0.014107900033218048,5.6410208344459534e-05,0.003107722210210941,0.5115000371490126
32380,2,2018,0.013352738693356514,0.010847114957869053,0.014107900033218048,0.002505623735487461,0.0007551613398615337,20.70775085016289
32380,3,2019,0.008744975551962852,0.010877886787056923,0.014107900033218048,0.0021329112350940704,0.005362924481255195,21.739031862861477
32460,1,2017,0.012095135636627674,0.005697200074791908,0.0062361643539765674,0.006397935561835766,0.005858971282651107,71.91784226325376
32460,2,2018,0.019039129838347435,0.005282014142721891,0.0062361643539765674,0.013757115695625544,0.012802965484370868,113.12880718023138
32460,3,2019,0.005499716382473707,0.005326531827449799,0.0062361643539765674,0.00017318455502390862,0.0007364479715028602,3.199342776900797
32540,1,2017,0.013808535411953926,0.014204435981810093,0.010167813920007198,0.00039590056985616684,0.0036407214919467277,2.8265507643845322
32540,2,2018,0.008242819458246231,0.013950436376035213,0.010167813920007198,0.005707616917788982,0.0019249944617609673,51.43557474062743
32540,3,2019,0.01083255372941494,0.01365297194570303,0.010167813920007198,0.0028204182162880898,0.0006647398094077415,23.03742302157742
32580,1,2017,0.008589349687099457,0.014385635033249855,0.010091193172749167,0.005796285346150398,0.0015018434856497107,50.45733778573222
32580,2,2018,0.00985245406627655,0.014102071523666382,0.010091193172749167,0.0042496174573898315,0.00023873910647261715,35.48069167472393
32580,3,2019,0.008416038006544113,0.013726821169257164,0.010091193172749167,0.005310783162713051,0.0016751551662050543,47.968337983199696
32620,1,2017,0.009495316073298454,0.017689360305666924,0.013162452372705231,0.00819404423236847,0.003667136299406777,60.284265326001716
32620,2,2018,0.011088831350207329,0.017340924590826035,0.013162452372705231,0.006252093240618706,0.0020736210224979023,43.98272749474106
32620,3,2019,0.007566951215267181,0.017187779769301414,0.013162452372705231,0.009620828554034233,0.00559550115743805,77.72917971576906
32660,1,2017,0.010224595665931702,0.007864025421440601,0.015395748078650564,0.0023605702444911003,0.005171152412718863,26.100042983783524
32660,2,2018,0.004851365461945534,0.007430525030940771,0.015395748078650564,0.0025791595689952374,0.01054438261670503,41.99935621509213
32660,3,2019,0.009299470111727715,0.007327722851186991,0.015395748078650564,0.001971747260540724,0.00609627796692285,23.717125062327156
32700,1,2017,0.009475192986428738,0.008907358162105083,0.011609409375528854,0.0005678348243236542,0.0021342163891001163,6.177972913953225
32700,2,2018,0.013404467143118382,0.008642245084047318,0.011609409375528854,0.004762222059071064,0.0017950577675895276,43.201179839814124
32700,3,2019,0.01686491072177887,0.008772000670433044,0.011609409375528854,0.008092910051345825,0.005255501346250016,63.13480411734867
32740,1,2017,0.0074831279926002026,0.0066591366194188595,0.0060215850664690354,0.0008239913731813431,0.0014615429261311671,11.652883228290015
32740,2,2018,0.004629031289368868,0.0063657257705926895,0.0060215850664690354,0.0017366944812238216,0.0013925537771001676,31.591291961939827
32740,3,2019,0.007426798343658447,0.006540333852171898,0.0060215850664690354,0.0008864644914865494,0.0014052132771894118,12.693570081232343
32780,1,2017,0.01787744089961052,0.013793117366731167,0.012432329623736471,0.004084323532879353,0.005445111275874048,25.792549717019263
32780,2,2018,0.014201441779732704,0.01330151129513979,0.012432329623736471,0.0008999304845929146,0.001769112155996233,6.544243848511851
32780,3,2019,0.011487273499369621,0.01287827081978321,0.012432329623736471,0.0013909973204135895,0.0009450561243668498,11.417735892182675
32820,1,2017,0.015069812536239624,0.015004705637693405,0.014122856144122743,6.510689854621887e-05,0.0009469563921168812,0.43297037393025506
32820,2,2018,0.016559278592467308,0.01449345052242279,0.014122856144122743,0.0020658280700445175,0.002436422448344565,13.305287255989164
32820,3,2019,0.01643781177699566,0.014448833651840687,0.014122856144122743,0.001988978125154972,0.002314955632872916,12.879206877789853
32860,1,2017,0.00630195764824748,0.011527773924171925,0.00849903061454529,0.005225816275924444,0.0021970729662978104,58.61909164189111
32860,2,2018,0.007384575437754393,0.01092170737683773,0.00849903061454529,0.003537131939083338,0.0011144551767908982,38.643891200777205
32860,3,2019,0.008844676427543163,0.010809479281306267,0.00849903061454529,0.0019648028537631035,0.0003456458129978725,19.993754839244453
32900,1,2017,0.007391367107629776,0.006328079849481583,0.006250325537788427,0.0010632872581481934,0.0011410415698413492,15.500427771626162
32900,2,2018,0.00724958349019289,0.005996038671582937,0.006250325537788427,0.001253544818609953,0.0009992579524044634,18.9276706962681
32900,3,2019,0.007066390477120876,0.0060607874765992165,0.006250325537788427,0.0010056030005216599,0.0008160649393324495,15.320920277319312
32940,1,2017,0.01071340311318636,0.010619711130857468,0.016489678105100977,9.369198232889175e-05,0.005776274991914618,0.878370943300069
32940,2,2018,0.013101617805659771,0.01006417628377676,0.016489678105100977,0.003037441521883011,0.0033880602994412062,26.223493129410222
32940,3,2019,0.0068056173622608185,0.009699515998363495,0.016489678105100977,0.0028938986361026764,0.009684060742840159,35.06662829729233
33020,1,2017,0.009005846455693245,0.008354722522199154,0.0035908722344492067,0.000651123933494091,0.005414974221244038,7.501177631497845
33020,2,2018,0.0068740686401724815,0.008022315800189972,0.0035908722344492067,0.0011482471600174904,0.003283196405723275,15.416444088057482
33020,3,2019,0.0030382981058210135,0.007885635830461979,0.0035908722344492067,0.0048473377246409655,0.0005525741286281933,88.74702676825221
33060,1,2017,0.00527047598734498,0.009514414705336094,0.00602506169278595,0.004243938717991114,0.0007545857054409699,57.409093320349164
33060,2,2018,0.009517313912510872,0.009322945028543472,0.00602506169278595,0.0001943688839673996,0.003492252219724922,2.0633344945926475
33060,3,2019,0.005953937768936157,0.009280015714466572,0.00602506169278595,0.0033260779455304146,7.112392384979287e-05,43.666613080097605
33100,1,2017,0.020259475335478783,0.02548433654010296,0.024616466074852426,0.005224861204624176,0.004356990739373644,22.84400817594662
33100,2,2018,0.020521745085716248,0.024537857621908188,0.024616466074852426,0.00401611253619194,0.004094720989136179,17.825774767533158
33100,3,2019,0.020240090787410736,0.02439906634390354,0.024616466074852426,0.0041589755564928055,0.00437637528744169,18.63375068920268
33140,1,2017,0.010549183934926987,0.007145071867853403,0.01075297627021765,0.0034041120670735836,0.0002037923352906628,38.47700837113771
33140,2,2018,0.012066432274878025,0.006744604557752609,0.01075297627021765,0.005321827717125416,0.0013134560046603756,56.58194107404902
33140,3,2019,0.005637208931148052,0.006913426797837019,0.01075297627021765,0.0012762178666889668,0.005115767339069597,20.337086939544587
33180,1,2017,0.020666612312197685,0.009535797871649265,0.006360935476498819,0.01113081444054842,0.014305676835698866,73.70809605848389
33180,2,2018,0.0080772889778018,0.0092993825674057,0.006360935476498819,0.001222093589603901,0.0017163535013029804,14.065903048570917
33180,3,2019,0.017565976828336716,0.009428141638636589,0.006360935476498819,0.008137835189700127,0.011205041351837896,60.293372313587234
33220,1,2017,0.026145199313759804,0.010538309812545776,0.013856619320223239,0.015606889501214027,0.012288579993536565,85.08938004272551
33220,2,2018,0.009596951305866241,0.010608844459056854,0.013856619320223239,0.0010118931531906128,0.004259668014356998,10.015865390008257
33220,3,2019,0.017487507313489914,0.010374843142926693,0.013856619320223239,0.007112664170563221,0.003630887993266675,51.05571856834691
33260,1,2017,0.029135333374142647,0.026916148141026497,0.03378493420572568,0.00221918523311615,0.004649600831583035,7.918380664377413
33260,2,2018,0.03435606509447098,0.02680572308599949,0.03378493420572568,0.007550342008471489,0.0005711308887452957,24.689731934279145
33260,3,2019,0.03246218338608742,0.026396535336971283,0.03378493420572568,0.006065648049116135,0.0013227508196382645,20.610870063660872
33300,1,2017,0.017862562090158463,0.008906652219593525,0.00616402315267233,0.008955909870564938,0.011698538937486132,66.91198644334504
33300,2,2018,0.011710180900990963,0.008595525287091732,0.00616402315267233,0.003114655613899231,0.005546157748318633,30.67762382818296
33300,3,2019,0.009531253017485142,0.008505967445671558,0.00616402315267233,0.0010252855718135834,0.003367229864812812,11.36854767041822
33340,1,2017,0.01895405910909176,0.01381559669971466,0.01988881978857846,0.005138462409377098,0.0009347606794867028,31.361091317545284
33340,2,2018,0.01794504001736641,0.013050446286797523,0.01988881978857846,0.004894593730568886,0.0019437797712120522,31.582612406250426
33340,3,2019,0.019232284277677536,0.013019808568060398,0.01988881978857846,0.006212475709617138,0.0006565355109009255,38.52446917542995
33380,1,2017,0.00908949039876461,0.00902231689542532,0.005243771422724715,6.717350333929062e-05,0.0038457189760398953,0.741764365752951
33380,2,2018,0.00849312823265791,0.00856153666973114,0.005243771422724715,6.840843707323074e-05,0.0032493568099331944,0.8022250493165127
33380,3,2019,0.006532623432576656,0.00854527484625578,0.005243771422724715,0.002012651413679123,0.0012888520098519414,26.696692624196988
33420,1,2017,0.003581149270758033,0.014379599131643772,0.0040598832783557475,0.01079844986088574,0.00047873400759771475,120.24492083186993
33420,2,2018,0.011235155165195465,0.013922744430601597,0.0040598832783557475,0.0026875892654061317,0.0071752718868397175,21.36575978359606
33420,3,2019,0.012398447841405869,0.013222886249423027,0.0040598832783557475,0.0008244384080171585,0.00833856456305012,6.43555939215745
33460,1,2017,0.022324757650494576,0.017318719998002052,0.020019660085983403,0.005006037652492523,0.002305097564511173,25.25528377764898
33460,2,2018,0.016422199085354805,0.016794316470623016,0.020019660085983403,0.00037211738526821136,0.0035974610006285976,2.2405557416961277
33460,3,2019,0.016383832320570946,0.0162899699062109,0.020019660085983403,9.386241436004639e-05,0.003635827765412457,0.5745421667270885
33500,1,2017,0.01467660628259182,0.01700294017791748,0.0161320814165984,0.0023263338953256607,0.0014554751340065814,14.686656981612684
33500,2,2018,0.010896898806095123,0.01684892363846302,0.0161320814165984,0.005952024832367897,0.005235182610503278,42.90391967342311
33500,3,2019,0.0170269887894392,0.016371728852391243,0.0161320814165984,0.0006552599370479584,0.0008949073728408002,3.9238616756602065
33540,1,2017,0.0177712831646204,0.015236838720738888,0.013555769062800245,0.0025344444438815117,0.004215514101820155,15.356485199973774
33540,2,2018,0.019846463575959206,0.015220572240650654,0.013555769062800245,0.004625891335308552,0.006290694513158961,26.383125396422482
33540,3,2019,0.014312218874692917,0.01523214764893055,0.013555769062800245,0.0009199287742376328,0.0007564498118926722,6.227437383910027
33580,1,2017,0.01468636654317379,0.014185498468577862,0.009121132043304066,0.0005008680745959282,0.005565234499869724,3.4695915966113113
33580,2,2018,0.014178910292685032,0.013679834082722664,0.009121132043304066,0.000499076209962368,0.005057778249380966,3.5829039822607958
33580,3,2019,0.01556020975112915,0.01333734393119812,0.009121132043304066,0.0022228658199310303,0.006439077707825085,15.384451397821168
33620,1,2017,0.013807963579893112,0.008887997828423977,0.013415605095541402,0.004919965751469135,0.0003923584843517104,43.355410199945716
33620,2,2018,0.009450655430555344,0.00891537219285965,0.013415605095541402,0.000535283237695694,0.003964949664986058,5.829055223248127
33620,3,2019,0.004394901916384697,0.008786150254309177,0.013415605095541402,0.0043912483379244804,0.009020703179156705,66.62965823327602
33660,1,2017,0.010875309817492962,0.011111274361610413,0.012073965468597514,0.00023596454411745071,0.001198655651104552,2.146440164359039
33660,2,2018,0.014858952723443508,0.010769087821245193,0.012073965468597514,0.004089864902198315,0.002784987254845994,31.91709720617763
33660,3,2019,0.017790190875530243,0.010621089488267899,0.012073965468597514,0.007169101387262344,0.005716225406932729,50.46656660407977
33700,1,2017,0.010060497559607029,0.009604023769497871,0.00896142554006279,0.00045647379010915756,0.001099072019544239,4.642610418419116
33700,2,2018,0.008923359215259552,0.009337367489933968,0.00896142554006279,0.0004140082746744156,3.806632480323792e-05,4.534409332528932
33700,3,2019,0.008221947588026524,0.009316687472164631,0.00896142554006279,0.0010947398841381073,0.0007394779520362663,12.483745242361106
33740,1,2017,0.011911123059689999,0.010797640308737755,0.011580954917506504,0.0011134827509522438,0.0003301681421834946,9.806630528977232
33740,2,2018,0.013697183690965176,0.01060796994715929,0.011580954917506504,0.0030892137438058853,0.0021162287734586716,25.42022584007805
33740,3,2019,0.011236493475735188,0.01061931625008583,0.011580954917506504,0.0006171772256493568,0.0003444614417713165,5.647715193406432
33780,1,2017,0.007307115476578474,0.009316958487033844,0.009241462836681499,0.00200984301045537,0.001934347360103025,24.179894842381948
33780,2,2018,0.007930516265332699,0.009163012728095055,0.009241462836681499,0.0012324964627623558,0.0013109465713488002,14.420611942749067
33780,3,2019,0.004671928938478231,0.009223402477800846,0.009241462836681499,0.004551473539322615,0.004569533898203268,65.51078383709722
33860,1,2017,0.011544182896614075,0.013095171190798283,0.011634931469233726,0.001550988294184208,9.074857261965122e-05,12.589515611537795
33860,2,2018,0.011793221347033978,0.012794683687388897,0.011634931469233726,0.0010014623403549194,0.00015828987780025158,8.145972026931771
33860,3,2019,0.010940976440906525,0.012493157759308815,0.011634931469233726,0.0015521813184022903,0.0006939550283272013,13.24717732502497
33940,1,2017,0.011851624585688114,0.010162398219108582,0.009367527367658996,0.0016892263665795326,0.0024840972180291184,15.346814293939477
33940,2,2018,0.010123759508132935,0.009929012507200241,0.009367527367658996,0.00019474700093269348,0.0007562321404739388,1.942343967872208
33940,3,2019,0.013873300515115261,0.009919581934809685,0.009367527367658996,0.003953718580305576,0.004505773147456265,33.23445090693921
33980,1,2017,0.01211197767406702,0.016755154356360435,0.009605154273554795,0.004643176682293415,0.002506823400512226,32.16928560090408
33980,2,2018,0.013125560246407986,0.016591504216194153,0.009605154273554795,0.003465943969786167,0.003520405972853191,23.326279806903145
33980,3,2019,0.010083713568747044,0.016439136117696762,0.009605154273554795,0.0063554225489497185,0.00047855929519224905,47.92411243798165
34020,1,2017,0.007022195961326361,0.009314270690083504,0.023223965763195437,0.002292074728757143,0.016201769801869076,28.0608209183139
34020,2,2018,0.01580910012125969,0.009171269834041595,0.023223965763195437,0.006637830287218094,0.007414865641935747,53.144350078705884
34020,3,2019,0.004595312289893627,0.009090968407690525,0.023223965763195437,0.004495656117796898,0.01862865347330181,65.69575668286006
34060,1,2017,0.013942715711891651,0.015284152701497078,0.019139852726282915,0.0013414369896054268,0.0051971370143912635,9.179474938321974
34060,2,2018,0.012648056261241436,0.014875562861561775,0.019139852726282915,0.002227506600320339,0.006491796465041479,16.186140209794203
34060,3,2019,0.012637199833989143,0.014817307703197002,0.019139852726282915,0.002180107869207859,0.006502652892293771,15.881596653483216
34100,1,2017,0.010544341057538986,0.009892553091049194,0.013929276611021361,0.0006517879664897919,0.003384935553482375,6.378539153982562
34100,2,2018,0.009865081869065762,0.009641144424676895,0.013929276611021361,0.00022393744438886642,0.0040641947419555995,2.296059998624159
34100,3,2019,0.007530089933425188,0.00950285792350769,0.013929276611021361,0.0019727679900825024,0.006399186677596173,23.164126943219458
34140,1,2017,0.010224741883575916,0.009793305769562721,0.014375374358707258,0.00043143611401319504,0.004150632475131342,4.310469292164817
34140,2,2018,0.01205251645296812,0.009095813147723675,0.014375374358707258,0.002956703305244446,0.0023228579057391376,27.96156446388564
34140,3,2019,0.014063692651689053,0.008999120444059372,0.014375374358707258,0.005064572207629681,0.00031168170701820555,43.91979409115202
34180,1,2017,0.0111470315605402,0.007842366583645344,0.008178264933299345,0.0033046649768948555,0.002968766627240854,34.80534992773565
34180,2,2018,0.015439297072589397,0.007547279819846153,0.008178264933299345,0.007892017252743244,0.007261032139290052,68.66628168569346
34180,3,2019,0.0069204154424369335,0.007602503057569265,0.008178264933299345,0.0006820876151323318,0.0012578494908624116,9.393251714102162
34220,1,2017,0.0075449408032000065,0.009744683280587196,0.007029453629694514,0.00219974247738719,0.0005154871735054923,25.445795633696232
34220,2,2018,0.013800795190036297,0.009336544200778008,0.007029453629694514,0.004464250989258289,0.006771341560341783,38.5891306203867
34220,3,2019,0.012474104762077332,0.009217760525643826,0.007029453629694514,0.003256344236433506,0.005444651132382817,30.023630444499034
34260,1,2017,0.013210363686084747,0.012284224852919579,0.01272745107656089,0.0009261388331651688,0.000482912609523857,7.265372951437253
34260,2,2018,0.008673045784235,0.011943887919187546,0.01272745107656089,0.003270842134952545,0.00405440529232589,31.729650931816472
34260,3,2019,0.009803449735045433,0.011711526662111282,0.01272745107656089,0.0019080769270658493,0.0029240013415154573,17.737189248867093
34300,1,2017,0.005075227934867144,0.0069974614307284355,0.009876726570622309,0.0019222334958612919,0.004801498635755165,31.84430321091596
34300,2,2018,0.004840133711695671,0.006713861133903265,0.009876726570622309,0.001873727422207594,0.005036592858926638,32.434250240449224
34300,3,2019,0.00666900584474206,0.006770923733711243,0.009876726570622309,0.00010191788896918297,0.003207720725880249,1.5166420708107364
34340,1,2017,0.009546471759676933,0.012705724686384201,0.00990195532282324,0.0031592529267072678,0.00035548356314630755,28.39496329827092
34340,2,2018,0.011609409004449844,0.012619033455848694,0.00990195532282324,0.0010096244513988495,0.0017074536816266035,8.334205026534402
34340,3,2019,0.007729360833764076,0.012311786413192749,0.00990195532282324,0.004582425579428673,0.0021725944890591646,45.730149441589724
34380,1,2017,0.017449725419282913,0.017563488334417343,0.01099854431031187,0.00011376291513442993,0.0064511811089710425,0.6498282816497711
34380,2,2018,0.006911782082170248,0.01692875660955906,0.01099854431031187,0.010016974527388811,0.004086762228141623,84.03308713162184
34380,3,2019,0.0145425945520401,0.016487037762999535,0.01099854431031187,0.0019444432109594345,0.0035440502417282294,12.532810989039277
34420,1,2017,0.011745389550924301,0.019789300858974457,0.011667465808160376,0.008043911308050156,7.79237427639256e-05,51.01625322893613
34420,2,2018,0.011417241767048836,0.01916201412677765,0.011667465808160376,0.007744772359728813,0.0002502240411115398,50.65374941713281
34420,3,2019,0.019823484122753143,0.01859533227980137,0.011667465808160376,0.0012281518429517746,0.008156018314592768,6.393489640121403
34460,1,2017,0.006385669112205505,0.008315485902130604,0.006958701618654507,0.0019298167899250984,0.0005730325064490019,26.253930053069976
34460,2,2018,0.004928001202642918,0.00805842038244009,0.006958701618654507,0.0031304191797971725,0.0020307004160115896,48.21061365915113
34460,3,2019,0.004805647302418947,0.008111842907965183,0.006958701618654507,0.003306195605546236,0.00215305431623556,51.189402774515905
34500,1,2017,0.01285740826278925,0.008487499319016933,0.007142857142857143,0.004369908943772316,0.005714551119932107,40.94566237629425
34500,2,2018,0.008027095347642899,0.008018250577151775,0.007142857142857143,8.8447704911232e-06,0.0008842382047857559,0.1102471086659473
34500,3,2019,0.016335148364305496,0.008134870789945126,0.007142857142857143,0.00820027757436037,0.009192291221448354,67.02303068515897
34540,1,2017,0.006852762773633003,0.00792055856436491,0.009402030838661151,0.0010677957907319069,0.002549268065028148,14.455721141046512
34540,2,2018,0.008007720112800598,0.00762236537411809,0.009402030838661151,0.00038535473868250847,0.0013943107258605533,4.930932622964764
34540,3,2019,0.0067315855994820595,0.007472021039575338,0.009402030838661151,0.0007404354400932789,0.002670445239179092,10.426012738997956
34580,1,2017,0.010137000121176243,0.00999780185520649,0.014144581837089514,0.00013919826596975327,0.004007581715913271,1.3826626852341788
34580,2,2018,0.009907929226756096,0.009563575498759747,0.014144581837089514,0.00034435372799634933,0.004236652610333418,3.53699989806239
34580,3,2019,0.010550924576818943,0.009394891560077667,0.014144581837089514,0.0011560330167412758,0.003593657260270571,11.591728603337199
34620,1,2017,0.009216227568686008,0.012099549174308777,0.020578357395210887,0.0028833216056227684,0.011362129826524878,27.053391370321737
34620,2,2018,0.009111231192946434,0.01219989638775587,0.020578357395210887,0.003088665194809437,0.011467126202264453,28.98639439694941
34620,3,2019,0.012254901230335236,0.011889344081282616,0.020578357395210887,0.00036555714905261993,0.008323456164875651,3.028108710205026
34660,1,2017,0.01245269738137722,0.01230174582451582,0.006524413070217659,0.0001509515568614006,0.0059282843111595615,1.2195911225012646
34660,2,2018,0.009278183802962303,0.012142586521804333,0.006524413070217659,0.0028644027188420296,0.0027537707327446445,26.74414914315905
34660,3,2019,0.0059368000365793705,0.011749601922929287,0.006524413070217659,0.0058128018863499165,0.0005876130336382882,65.73183865283437
34700,1,2017,0.012700533494353294,0.011940369382500648,0.0050202652910832715,0.0007601641118526459,0.007680268203270023,6.169934658278786
34700,2,2018,0.01497006043791771,0.011784170754253864,0.0050202652910832715,0.003185889683663845,0.009949795146834438,23.81595995027549
34700,3,2019,0.006145458668470383,0.011685581877827644,0.0050202652910832715,0.005540123209357262,0.0011251933773871112,62.14017727079426
34740,1,2017,0.01192378904670477,0.01032335963100195,0.009986135142258023,0.0016004294157028198,0.001937653904446746,14.387719698395168
34740,2,2018,0.014477874152362347,0.009965469129383564,0.009986135142258023,0.004512405022978783,0.004491739010104323,36.92132557236824
34740,3,2019,0.006601299624890089,0.009661323390901089,0.009986135142258023,0.0030600237660109997,0.003384835517367934,37.632574787117015
34780,1,2017,0.03195756673812866,0.013122336938977242,0.013560316994423246,0.01883522979915142,0.018397249743705414,83.56373498876951
34780,2,2018,0.024739818647503853,0.012648624368011951,0.013560316994423246,0.012091194279491901,0.011179501653080607,64.67876204706403
34780,3,2019,0.00834032241255045,0.01254427433013916,0.013560316994423246,0.004203951917588711,0.005219994581872797,40.25885638531595
34820,1,2017,0.012015173211693764,0.013213519006967545,0.012354532185654632,0.0011983457952737808,0.0003393589739608682,9.499860792580774
34820,2,2018,0.011540037579834461,0.013056178577244282,0.012354532185654632,0.0015161409974098206,0.0008144946058201707,12.328240826273898
34820,3,2019,0.010842337273061275,0.012807904742658138,0.012354532185654632,0.001965567469596863,0.0015121949125933565,16.621957924933955
34860,1,2017,0.006818497087806463,0.013306746259331703,0.006663304448825516,0.00648824917152524,0.00015519263898094732,64.47868317094131
34860,2,2018,0.010106458328664303,0.01302978303283453,0.006663304448825516,0.002923324704170227,0.003443153879838787,25.270513001384035
34860,3,2019,0.009783616289496422,0.012995469383895397,0.006663304448825516,0.0032118530943989754,0.003120311840670906,28.20000530706519
34900,1,2017,0.021763809025287628,0.0163413118571043,0.017378113314047837,0.005422497168183327,0.004385695711239791,28.46071929220964
34900,2,2018,0.01973877102136612,0.015907684341073036,0.017378113314047837,0.003831086680293083,0.0023606577073182824,21.49490358351163
34900,3,2019,0.014969046227633953,0.01558764185756445,0.017378113314047837,0.0006185956299304962,0.002409067086413884,4.048838184058523
34940,1,2017,0.02288248762488365,0.023002658039331436,0.020143541341872778,0.00012017041444778442,0.002738946283010874,0.5237877597155147
34940,2,2018,0.016102559864521027,0.023182230070233345,0.020143541341872778,0.007079670205712318,0.004040981477351751,36.04279628492696
34940,3,2019,0.017795627936720848,0.022707263007760048,0.020143541341872778,0.0049116350710392,0.0023479134051519295,24.25325078700804
34980,1,2017,0.021995294839143753,0.018405601382255554,0.02088269713251076,0.003589693456888199,0.0011125977066329916,17.77036107663759
34980,2,2018,0.017631372436881065,0.01795230619609356,0.02088269713251076,0.0003209337592124939,0.003251324695629696,1.8038251319178396
34980,3,2019,0.019553741440176964,0.017575645819306374,0.02088269713251076,0.00197809562087059,0.0013289556923337977,10.65514533966941
35020,1,2017,0.010199041105806828,0.00962777528911829,0.008604055916519,0.0005712658166885376,0.0015949851892878269,5.762554281856818
35020,2,2018,0.013967210426926613,0.009240036830306053,0.008604055916519,0.00472717359662056,0.005363154510407612,40.73875291874321
35020,3,2019,0.00758862029761076,0.009460434317588806,0.008604055916519,0.0018718140199780464,0.001015435618908241,21.957967339853806
35060,1,2017,0.009112673811614513,0.011917117051780224,0.007981462409886715,0.0028044432401657104,0.0011312114017277986,26.67113453315889
35060,2,2018,0.006485894788056612,0.0113510861992836,0.007981462409886715,0.004865191411226988,0.0014955676218301028,54.551705662463505
35060,3,2019,0.015665382146835327,0.011364568024873734,0.007981462409886715,0.004300814121961594,0.007683919736948612,31.82257091494382
35100,1,2017,0.010286073200404644,0.011450724676251411,0.007852413249338257,0.0011646514758467674,0.0024336599510663866,10.715938443726401
35100,2,2018,0.007266347762197256,0.01114282850176096,0.007852413249338257,0.0038764807395637035,0.0005860654871410013,42.114634335067116
35100,3,2019,0.010660737752914429,0.010921206325292587,0.007852413249338257,0.00026046857237815857,0.0028083245035761713,2.4137626410870183
35140,1,2017,0.008822906762361526,0.006252157501876354,0.009198037751946251,0.0025707492604851723,0.0003751309895847245,34.10595815880893
35140,2,2018,0.02387303300201893,0.0058785611763596535,0.009198037751946251,0.017994471825659275,0.014674995250072678,120.96471650921208
35140,3,2019,0.006385291926562786,0.006010210607200861,0.009198037751946251,0.0003750813193619251,0.002812745825383465,6.051888832192391
35220,1,2017,0.009199310094118118,0.009535083547234535,0.009735744089012517,0.00033577345311641693,0.0005364339948943989,3.5845651619810357
35220,2,2018,0.0040881396271288395,0.009206155315041542,0.009735744089012517,0.0051180156879127026,0.005647604461883678,76.99561143174971
35220,3,2019,0.006348686292767525,0.00912796426564455,0.009735744089012517,0.0027792779728770256,0.0033870577962449924,35.91573211013401
35300,1,2017,0.008450400084257126,0.009260724298655987,0.01003009490581623,0.0008103242143988609,0.001579694821559105,9.15044961976715
35300,2,2018,0.00820692628622055,0.008760714903473854,0.01003009490581623,0.0005537886172533035,0.0018231686195956803,6.527581349499411
35300,3,2019,0.009663295932114124,0.008770596235990524,0.01003009490581623,0.0008926996961236,0.00036679897370210657,9.685412106267961
35380,1,2017,0.01250109076499939,0.016124127432703972,0.015849263189115975,0.003623036667704582,0.0033481724241165856,25.313591512226008
35380,2,2018,0.010727329179644585,0.016553863883018494,0.015849263189115975,0.005826534703373909,0.0051219340094713905,42.71464634452339
35380,3,2019,0.012798318639397621,0.016542155295610428,0.015849263189115975,0.0037438366562128067,0.003050944549718354,25.51993801128679
35420,1,2017,0.006777155213057995,0.01050877757370472,0.01299659842115397,0.0037316223606467247,0.006219443208095974,43.175225172032135
35420,2,2018,0.0066601587459445,0.01027665100991726,0.01299659842115397,0.0036164922639727592,0.006336439675209469,42.70568283896517
35420,3,2019,0.02489790879189968,0.01034152414649725,0.01299659842115397,0.014556384645402431,0.011901310370745712,82.61415863382891
35440,1,2017,0.012214898131787777,0.00995660200715065,0.00788983529707218,0.002258296124637127,0.004325062834715596,20.371152984036243
35440,2,2018,0.011193498969078064,0.009621409699320793,0.00788983529707218,0.0015720892697572708,0.0033036636720058833,15.10540871960275
35440,3,2019,0.009996399283409119,0.009485192596912384,0.00788983529707218,0.0005112066864967346,0.002106563986336938,5.248097047020634
35460,1,2017,0.004038521554321051,0.0057768989354372025,0.0035033752029394174,0.0017383773811161518,0.0005351463513816332,35.42131713794994
35460,2,2018,0.0036634139250963926,0.005643720738589764,0.0035033752029394174,0.001980306813493371,0.0001600387221569752,42.55455104764768
35460,3,2019,0.008682786487042904,0.005722079426050186,0.0035033752029394174,0.0029607070609927177,0.0051794112841034865,41.10701235963621
35580,1,2017,0.02123388461768627,0.007823930121958256,0.007372524800247037,0.013409954495728016,0.013861359817439235,92.2984057883203
35580,2,2018,0.007283797487616539,0.0074524362571537495,0.007372524800247037,0.00016863876953721046,8.872731263049813e-05,2.28876194582569
35580,3,2019,0.007337040733546019,0.007278974633663893,0.007372524800247037,5.8066099882125854e-05,3.548406670101853e-05,0.7945539012595493
35620,1,2017,0.018850931897759438,0.018323417752981186,0.01727439056307073,0.0005275141447782516,0.001576541334688708,2.8380537001004775
35620,2,2018,0.01759427785873413,0.01815205067396164,0.01727439056307073,0.0005577728152275085,0.00031988729566340135,3.120726978609771
35620,3,2019,0.017270460724830627,0.017657538875937462,0.01727439056307073,0.0003870781511068344,3.929838240102068e-06,2.2164340626974766
35660,1,2017,0.00735251372680068,0.011692053638398647,0.008953896137383323,0.004339539911597967,0.0016013824105826427,45.572446459512676
35660,2,2018,0.014200250618159771,0.011516889557242393,0.008953896137383323,0.0026833610609173775,0.005246354480776448,20.86826139456111
35660,3,2019,0.009303227998316288,0.011715787462890148,0.008953896137383323,0.00241255946457386,0.00034933186093296514,22.955959295321065
35700,1,2017,0.01358338724821806,0.015117185190320015,0.007946483734208228,0.0015337979421019554,0.005636903514009832,10.688270493371093
35700,2,2018,0.009375929832458496,0.014429877512156963,0.007946483734208228,0.005053947679698467,0.0014294460982502682,42.45977028670766
35700,3,2019,0.004315153229981661,0.014151467010378838,0.007946483734208228,0.009836313780397177,0.003631330504226567,106.5306842923515
35740,1,2017,0.014179167337715626,0.012282931245863438,0.010827501029230135,0.0018962360918521881,0.0033516663084854903,14.331708192210264
35740,2,2018,0.011299089528620243,0.011884061619639397,0.010827501029230135,0.0005849720910191536,0.0004715884993901076,5.0465256854160065
35740,3,2019,0.00689161429181695,0.011836934834718704,0.010827501029230135,0.004945320542901754,0.003935886737413186,52.810475269236825
35820,1,2017,0.009256985038518906,0.011045043356716633,0.013313449023861171,0.0017880583181977272,0.004056463985342266,17.61456936873242
35820,2,2018,0.009480232372879982,0.011054515838623047,0.013313449023861171,0.0015742834657430649,0.0038332166509811895,15.33286586117379
35820,3,2019,0.008071202784776688,0.011030590161681175,0.013313449023861171,0.0029593873769044876,0.005242246239084484,30.98542462404849
35840,1,2017,0.01960522122681141,0.029200391843914986,0.019115705804249105,0.009595170617103577,0.000489515422562304,39.31993902915158
35840,2,2018,0.0268058180809021,0.029222309589385986,0.019115705804249105,0.0024164915084838867,0.007690112276652995,8.625992613584087
35840,3,2019,0.015166599303483963,0.02806629240512848,0.019115705804249105,0.012899693101644516,0.003949106500765142,59.67535183545065
35900,1,2017,0.005037066992372274,0.011441735550761223,0.00874596540286475,0.0064046685583889484,0.0037088984104924755,77.7321611205255
35900,2,2018,0.0047669741325080395,0.011121902614831924,0.00874596540286475,0.006354928482323885,0.00397899127035671,79.99211755207197
35900,3,2019,0.00910873245447874,0.010951103642582893,0.00874596540286475,0.0018423711881041527,0.0003627670516139908,18.368746990277486
35940,1,2017,0.0048162019811570644,0.00617595948278904,0.008280374150239382,0.0013597575016319752,0.0034641721690823173,24.74047109057436
35940,2,2018,0.007969892583787441,0.005824610125273466,0.008280374150239382,0.002145282458513975,0.0003104815664519405,31.103417768499344
35940,3,2019,0.008684695698320866,0.00573481060564518,0.008280374150239382,0.002949885092675686,0.00040432154808148386,40.9151739974014
35980,1,2017,0.011256206780672073,0.010092925280332565,0.015702937372990947,0.001163281500339508,0.004446730592318874,10.897688506783647
35980,2,2018,0.01258600503206253,0.009473386220633984,0.015702937372990947,0.003112618811428547,0.003116932340928417,28.2203381295135
35980,3,2019,0.015437506139278412,0.009335177950561047,0.015702937372990947,0.006102328188717365,0.00026543123371253544,49.26656880020361
36020,1,2017,0.006996918469667435,0.006019793450832367,0.005278549672972612,0.0009771250188350677,0.0017183687966948226,15.013380861985091
36020,2,2018,0.009053545072674751,0.005716213025152683,0.005278549672972612,0.003337332047522068,0.003774995399702139,45.19139400723528
36020,3,2019,0.007087673991918564,0.005737800616770983,0.005278549672972612,0.001349873375147581,0.0018091243189459517,21.049861526994658
36100,1,2017,0.012728325091302395,0.01499986369162798,0.01011844804807547,0.0022715386003255844,0.0026098770432269255,16.38432137700885
36100,2,2018,0.011435091495513916,0.014758921228349209,0.01011844804807547,0.003323829732835293,0.0013166434474384467,25.37853591924418
36100,3,2019,0.011685688979923725,0.014568574726581573,0.01011844804807547,0.0028828857466578484,0.0015672409318482558,21.96126831681141
36220,1,2017,0.0208012443035841,0.020309505984187126,0.017392249926439545,0.0004917383193969727,0.0034089943771445537,2.3922608871976747
36220,2,2018,0.0242634117603302,0.020652275532484055,0.017392249926439545,0.0036111362278461456,0.006871161833890655,16.07961779733459
36220,3,2019,0.019894951954483986,0.02058953233063221,0.017392249926439545,0.0006945803761482239,0.0025027020280444408,3.4313402620596936
36260,1,2017,0.014990545809268951,0.015620523132383823,0.012929549729154664,0.000629977323114872,0.0020609960801142874,4.11600861449974
36260,2,2018,0.01241274643689394,0.01525073777884245,0.012929549729154664,0.002837991341948509,0.000516803292260724,20.517952792341877
36260,3,2019,0.011513568460941315,0.015277108177542686,0.012929549729154664,0.0037635397166013718,0.0014159812682133493,28.09588098570913
36340,1,2017,0.0039584459736943245,0.008306007832288742,0.0072414055949386385,0.004347561858594418,0.003282959621244314,70.89689247520978
36340,2,2018,0.00747040007263422,0.007925795391201973,0.0072414055949386385,0.00045539531856775284,0.0002289944776955816,5.915682531483759
36340,3,2019,0.009123260155320168,0.008158438839018345,0.0072414055949386385,0.0009648213163018227,0.001881854560381529,11.165809083093553
36380,1,2017,0.009100150316953659,0.011112947948276997,0.0077450028117171926,0.0020127976313233376,0.0013551475052364665,19.915765600341913
36380,2,2018,0.010728146880865097,0.010705498047173023,0.0077450028117171926,2.2648833692073822e-05,0.0029831440691479045,0.2113389785187414
36380,3,2019,0.00808442197740078,0.010670043528079987,0.0077450028117171926,0.002585621550679207,0.00033941916568358717,27.573381616815574
36420,1,2017,0.016690166667103767,0.01911541260778904,0.01825880881936014,0.002425245940685272,0.0015686421522563727,13.546745018302914
36420,2,2018,0.01655908301472664,0.018933460116386414,0.01825880881936014,0.0023743771016597748,0.0016997258046335013,13.37957905078616
36420,3,2019,0.017314210534095764,0.01866506040096283,0.01825880881936014,0.0013508498668670654,0.000944598285264376,7.509043159063154
36460,1,2017,0.005208668299019337,0.007842998020350933,0.004632702026647608,0.0026343297213315964,0.0005759662723717283,40.3676839184547
36460,2,2018,0.007255248259752989,0.007585618179291487,0.004632702026647608,0.0003303699195384979,0.0026225462331053804,4.45216185035186
36460,3,2019,0.009574522264301777,0.007641369942575693,0.004632702026647608,0.0019331523217260838,0.0049418202376541685,22.457752123543326
36500,1,2017,0.010966994799673557,0.00789014995098114,0.009647705941415287,0.003076844848692417,0.00131928885825827,32.633182358389384
36500,2,2018,0.012565012089908123,0.007383208721876144,0.009647705941415287,0.005181803368031979,0.002917306148492836,51.952510645413895
36500,3,2019,0.010421494953334332,0.007619244046509266,0.009647705941415287,0.0028022509068250656,0.0007737890119190443,31.065793408570332
36540,1,2017,0.01603940688073635,0.014319837093353271,0.016640313875146726,0.0017195697873830795,0.0006009069944103752,11.328142574588043
36540,2,2018,0.01573665626347065,0.014059796929359436,0.016640313875146726,0.0016768593341112137,0.0009036576116760765,11.255425338633584
36540,3,2019,0.016758661717176437,0.013696413487195969,0.016640313875146726,0.0030622482299804688,0.00011834784202971113,20.109930472568994
36580,1,2017,0.004372592084109783,0.010451843030750751,0.0076952609878645235,0.006079250946640968,0.0033226689037547403,82.01657329550794
36580,2,2018,0.007559594232589006,0.010110343806445599,0.0076952609878645235,0.002550749573856592,0.00013566675527551704,28.871047817704298
36580,3,2019,0.007846130058169365,0.00986255519092083,0.0076952609878645235,0.002016425132751465,0.00015086907030484147,22.773277244748574
36620,1,2017,0.008878818713128567,0.008831379935145378,0.004737589175438273,4.743877798318863e-05,0.004141229537690294,0.5357224064981533
36620,2,2018,0.01135174185037613,0.008605124428868294,0.004737589175438273,0.0027466174215078354,0.006614152674937856,27.525524366399726
36620,3,2019,0.01411412563174963,0.008580045774579048,0.004737589175438273,0.005534079857170582,0.009376536456311358,48.77091407780238
36660,1,2017,0.007076114881783724,0.007411091588437557,0.0095095984178302,0.0003349767066538334,0.0024334835360464765,4.624445383864923
36660,2,2018,0.009298708289861679,0.006935677491128445,0.0095095984178302,0.0023630307987332344,0.00021089012796852123,29.111410496721483
36660,3,2019,0.008443951606750488,0.006914649624377489,0.0095095984178302,0.0015293019823729992,0.001065646811079712,19.914586799013378
36700,1,2017,0.009889223612844944,0.009902662597596645,0.006750042830221004,1.3438984751701355e-05,0.0031391807826239397,0.13580290244864324
36700,2,2018,0.006944768596440554,0.009416379034519196,0.006750042830221004,0.002471610438078642,0.00019472576621954937,30.2131486515561
36700,3,2019,0.012654355727136135,0.009648093022406101,0.006750042830221004,0.003006262704730034,0.005904312896915131,26.95902490833427
36740,1,2017,0.02136996015906334,0.02598388120532036,0.02492530705978698,0.004613921046257019,0.0035553469007236424,19.486993827612054
36740,2,2018,0.021362194791436195,0.02633429318666458,0.02492530705978698,0.004972098395228386,0.0035631122683507863,20.84890340381493
36740,3,2019,0.020523114129900932,0.026120301336050034,0.02492530705978698,0.005597187206149101,0.004402192929886049,23.99989773579116
36780,1,2017,0.015575448982417583,0.013894175179302692,0.020673979991403017,0.001681273803114891,0.005098531008985434,11.41021156821003
36780,2,2018,0.008476062677800655,0.01340439822524786,0.020673979991403017,0.004928335547447205,0.012197917313602362,45.04780147817166
36780,3,2019,0.009119637310504913,0.01290164515376091,0.020673979991403017,0.0037820078432559967,0.011554342680898104,34.34864551563537
36820,1,2017,0.006779204122722149,0.008666993118822575,0.00608190295985944,0.0018877889961004257,0.0006973011628627086,24.443398519514286
36820,2,2018,0.008894938975572586,0.008305634371936321,0.00608190295985944,0.0005893046036362648,0.0028130360157131457,6.852146717705494
36820,3,2019,0.007553616538643837,0.008251380175352097,0.00608190295985944,0.0006977636367082596,0.0014717135787843966,8.829653151496144
36830,1,2017,0.004405065439641476,0.007279221434146166,0.010173457449514218,0.00287415599450469,0.005768392009872742,49.19690120083347
36830,2,2018,0.007662071846425533,0.00702419551089406,0.010173457449514218,0.0006378763355314732,0.0025113856030886846,8.686698746208243
36830,3,2019,0.007570947054773569,0.007037482224404812,0.010173457449514218,0.0005334648303687572,0.0026025103947406487,7.303515730514928
36837,1,2017,0.008073427714407444,0.011035124771296978,0.007882210996645586,0.002961697056889534,0.0001912167177618579,30.998638009586028
36837,2,2018,0.00899981427937746,0.010595861822366714,0.007882210996645586,0.001596047542989254,0.0011176032827318744,16.28978474856456
36837,3,2019,0.008685627020895481,0.0105816088616848,0.007882210996645586,0.001895981840789318,0.000803416024249895,19.680880727260508
36840,1,2017,0.01611158438026905,0.009951318614184856,0.00804445826208612,0.006160265766084194,0.008067126118182931,47.27227357429368
36840,2,2018,0.006248554214835167,0.009772100485861301,0.00804445826208612,0.0035235462710261345,0.0017959040472509524,43.98751658379012
36840,3,2019,0.018499920144677162,0.009946057572960854,0.00804445826208612,0.008553862571716309,0.010455461882591043,60.14108321091949
36900,1,2017,0.006732291541993618,0.009765815921127796,0.011790528181894926,0.003033524379134178,0.005058236639901308,36.77418815710433
36900,2,2018,0.003558115800842643,0.009082715027034283,0.011790528181894926,0.00552459922619164,0.008232412381052283,87.40873018522956
36900,3,2019,0.009818264283239841,0.009154994040727615,0.011790528181894926,0.0006632702425122261,0.0019722638986550845,6.99162876091694
36940,1,2017,0.007358844857662916,0.010817982256412506,0.007348389007025383,0.00345913739874959,1.0455850637532994e-05,38.060938512465086
36940,2,2018,0.010049445554614067,0.01048098411411047,0.007348389007025383,0.00043153855949640274,0.002701056547588684,4.203890091587232
36940,3,2019,0.014520269818603992,0.010381123051047325,0.007348389007025383,0.004139146767556667,0.007171880811578609,33.24428578761937
36980,1,2017,0.006887110881507397,0.013165991753339767,0.014806616864116173,0.006278880871832371,0.007919505982608776,62.6225064025351
36980,2,2018,0.011599981226027012,0.012522378005087376,0.014806616864116173,0.0009223967790603638,0.0032066356380891607,7.647646632243772
36980,3,2019,0.010876834392547607,0.012586149387061596,0.014806616864116173,0.0017093149945139885,0.003929782471568565,14.570305993939181
37060,1,2017,0.020962847396731377,0.016918811947107315,0.026811767080802334,0.004044035449624062,0.005848919684070957,21.350882997883556
37060,2,2018,0.019863324239850044,0.016603533178567886,0.026811767080802334,0.003259791061282158,0.0069484428409522896,17.878097528255307
37060,3,2019,0.023767510429024696,0.01637326553463936,0.026811767080802334,0.007394244894385338,0.0030442566517776375,36.84155512589465
37100,1,2017,0.01489331480115652,0.01407852116972208,0.012147759795952555,0.0008147936314344406,0.002745555005203966,5.6247270695380625
37100,2,2018,0.013412262313067913,0.013561337254941463,0.012147759795952555,0.00014907494187355042,0.0012645025171153582,1.1053392131126036
37100,3,2019,0.013625118881464005,0.013281185179948807,0.012147759795952555,0.00034393370151519775,0.0014773590855114496,2.556527815219728
37120,1,2017,0.007533486932516098,0.01398590486496687,0.006911281710290354,0.006452417932450771,0.0006222052222257437,59.96837638121969
37120,2,2018,0.0044875675812363625,0.01383801270276308,0.006911281710290354,0.009350445121526718,0.002423714129053992,102.04795563601395
37120,3,2019,0.007209062110632658,0.014111058786511421,0.006911281710290354,0.006901996675878763,0.00029778040034230367,64.74628799585197
37140,1,2017,0.015644457191228867,0.013791894540190697,0.015569372457932266,0.0018525626510381699,7.508473329660009e-05,12.58689961715476
37140,2,2018,0.020927757024765015,0.013291175477206707,0.015569372457932266,0.007636581547558308,0.005358384566832748,44.63365019020259
37140,3,2019,0.019292570650577545,0.013214478269219398,0.015569372457932266,0.006078092381358147,0.0037231981926452787,37.39552320838574
37220,1,2017,0.013013099320232868,0.010114884935319424,0.012612494252118505,0.0028982143849134445,0.00040060506811436317,25.06239281184252
37220,2,2018,0.007201667875051498,0.00978000182658434,0.012612494252118505,0.0025783339515328407,0.005410826377067007,30.36606503989674
37220,3,2019,0.010008337907493114,0.010114938020706177,0.012612494252118505,0.00010660011321306229,0.0026041563446253906,1.059470243512077
37260,1,2017,0.005896813236176968,0.009386008605360985,0.007464042603748795,0.003489195369184017,0.001567229367571827,45.66163398723741
37260,2,2018,0.00792321003973484,0.008831699378788471,0.007464042603748795,0.0009084893390536308,0.0004591674359860458,10.844448921064403
37260,3,2019,0.011133171617984772,0.008711081929504871,0.007464042603748795,0.0024220896884799004,0.003669129014235977,24.41098086289326
37300,1,2017,0.026460746303200722,0.007781310938298702,0.005292198778456413,0.01867943536490202,0.02116854752474431,109.10226437651295
37300,2,2018,0.007183734327554703,0.007494911551475525,0.005292198778456413,0.00031117722392082214,0.00189153554909829,4.23985992294249
37300,3,2019,0.009573015384376049,0.007368689868599176,0.005292198778456413,0.0022043255157768726,0.004280816605919636,26.022459743440194
37340,1,2017,0.01633165031671524,0.018827419728040695,0.015675789940602845,0.0024957694113254547,0.0006558603761123959,14.197012027325242
37340,2,2018,0.015861405059695244,0.018640605732798576,0.015675789940602845,0.0027792006731033325,0.00018561511909239922,16.110364606283984
37340,3,2019,0.01582600176334381,0.01829339936375618,0.015675789940602845,0.0024673976004123688,0.00015021182274096642,14.463307067176146
37420,1,2017,0.007938258349895477,0.012223013676702976,0.012692967409948542,0.004284755326807499,0.004754709060053064,42.50479033183198
37420,2,2018,0.005467638373374939,0.011986914090812206,0.012692967409948542,0.006519275717437267,0.007225329036573603,74.69996146638864
37420,3,2019,0.009128517471253872,0.012153023853898048,0.012692967409948542,0.0030245063826441765,0.0035644499386946697,28.423739758761084
37460,1,2017,0.015098072588443756,0.025920800864696503,0.014947071429340627,0.010822728276252747,0.00015100115910312954,52.76949231744238
37460,2,2018,0.015935538336634636,0.02632822096347809,0.014947071429340627,0.010392682626843452,0.0009884669072940094,49.18010295317286
37460,3,2019,0.022806722670793533,0.02597068063914776,0.014947071429340627,0.003163957968354225,0.007859651241452907,12.973045324276681
37500,1,2017,0.007511133793741465,0.01044444553554058,0.009209294028452927,0.002933311741799116,0.0016981602347114627,32.672965370348045
37500,2,2018,0.008178158663213253,0.009880674071609974,0.009209294028452927,0.0017025154083967209,0.0010311353652396743,18.85519945432302
37500,3,2019,0.01022382453083992,0.009734001941978931,0.009209294028452927,0.0004898225888609886,0.0010145305023869927,4.908574028333101
37540,1,2017,0.0075243618339300156,0.007820882834494114,0.004713470602828083,0.00029652100056409836,0.002810891231101933,3.8646605347547403
37540,2,2018,0.009741464629769325,0.007330864667892456,0.004713470602828083,0.002410599961876869,0.005027994026941243,28.239831927508884
37540,3,2019,0.011557478457689285,0.007264657877385616,0.004713470602828083,0.004292820580303669,0.006844007854861203,45.61457023956971
37580,1,2017,0.014797537587583065,0.014097627252340317,0.01181918856337461,0.0006999103352427483,0.0029783490242084546,4.84447897699313
37580,2,2018,0.020755965262651443,0.014029179699718952,0.01181918856337461,0.006726785562932491,0.008936776699276833,38.676185690185015
37580,3,2019,0.015397550538182259,0.013811242766678333,0.01181918856337461,0.0015863077715039253,0.003578361974807648,10.86184705992354
37620,1,2017,0.008192417211830616,0.008833802305161953,0.007500163047022761,0.000641385093331337,0.0006922541648078546,7.534082548237938
37620,2,2018,0.014666154980659485,0.008279439061880112,0.007500163047022761,0.006386715918779373,0.0071659919336367235,55.668318052894435
37620,3,2019,0.012546630576252937,0.008440726436674595,0.007500163047022761,0.0041059041395783424,0.005046467529230176,39.127386842277446
37740,1,2017,0.013124795630574226,0.009721394628286362,0.012661106899166035,0.0034034010022878647,0.00046368873140819125,29.794022320783096
37740,2,2018,0.006416426505893469,0.009429099038243294,0.012661106899166035,0.003012672532349825,0.006244680393272566,38.02550597243256
37740,3,2019,0.006022962741553783,0.009363999590277672,0.012661106899166035,0.0033410368487238884,0.006638144157612252,43.42682597553247
37800,1,2017,0.00532026682049036,0.009749661199748516,0.005015466858876175,0.004429394379258156,0.00030479996161418554,58.78450692112329
37800,2,2018,0.005413488484919071,0.00946053396910429,0.005015466858876175,0.004047045484185219,0.0003980216260428965,54.41759652864695
37800,3,2019,0.007823930121958256,0.009223934262990952,0.005015466858876175,0.0014000041410326958,0.002808463263082081,16.424383584955265
37860,1,2017,0.011930483393371105,0.017071155831217766,0.014912002388906515,0.005140672437846661,0.00298151899553541,35.4508972785463
37860,2,2018,0.0138737503439188,0.01644517481327057,0.014912002388906515,0.0025714244693517685,0.0010382520449877149,16.96249855755254
37860,3,2019,0.01239858940243721,0.01641208305954933,0.014912002388906515,0.004013493657112122,0.002513412986469305,27.861149505275446
37900,1,2017,0.010098597034811974,0.010893070138990879,0.021977756403130152,0.0007944731041789055,0.011879159368318178,7.569410463022843
37900,2,2018,0.010738055221736431,0.010730286128818989,0.021977756403130152,7.769092917442322e-06,0.01123970118139372,0.07237717317535258
37900,3,2019,0.012773348018527031,0.010756781324744225,0.021977756403130152,0.0020165666937828064,0.009204408384603121,17.140286883676865
37940,1,2017,0.008450549095869064,0.006065115332603455,0.005492242207881368,0.0023854337632656097,0.0029583068879876964,32.86700559481518
37940,2,2018,0.003984835930168629,0.005767755676060915,0.005492242207881368,0.0017829197458922863,0.0015074062777127393,36.5629565910584
37940,3,2019,0.018150538206100464,0.005821642000228167,0.005492242207881368,0.012328896205872297,0.012658295998219096,102.8599898445448
37980,1,2017,0.0159812793135643,0.015184647403657436,0.018490881714321557,0.0007966319099068642,0.002509602400757257,5.112196159126895
37980,2,2018,0.01607135497033596,0.014705273322761059,0.018490881714321557,0.0013660816475749016,0.002419526743985597,8.877393525343566
37980,3,2019,0.014977656304836273,0.014382350258529186,0.018490881714321557,0.0005953060463070869,0.0035132254094852843,4.055216011355332
38060,1,2017,0.01957239769399166,0.019034188240766525,0.021593234393515688,0.0005382094532251358,0.002020836699524027,2.788173576011018
38060,2,2018,0.018678957596421242,0.018714137375354767,0.021593234393515688,3.5179778933525085e-05,0.0029142767970944464,0.1881618494108926
38060,3,2019,0.0188756100833416,0.018403293564915657,0.021593234393515688,0.00047231651842594147,0.0027176243101740896,2.533960741895287
38100,1,2017,0.0037262376863509417,0.007548866793513298,0.0100358034067484,0.0038226291071623564,0.006309565720397458,67.80647973001129
38100,2,2018,0.004646074026823044,0.007164884824305773,0.0100358034067484,0.002518810797482729,0.005389729379925356,42.65206062654203
38100,3,2019,0.005407141987234354,0.0071544344536960125,0.0100358034067484,0.0017472924664616585,0.004628661419514046,27.81961457938662
38180,1,2017,0.013894876465201378,0.013346447609364986,0.016495936132352233,0.0005484288558363914,0.0026010596671508547,4.026446387208527
38180,2,2018,0.013963940553367138,0.013291372917592525,0.016495936132352233,0.0006725676357746124,0.0025319955789850947,4.9353120794271845
38180,3,2019,0.008439222350716591,0.013210060074925423,0.016495936132352233,0.004770837724208832,0.008056713781635642,44.07384435860934
38220,1,2017,0.0057046241126954556,0.006565875839442015,0.004178706856731585,0.0008612517267465591,0.0015259172559638707,14.037749532920314
38220,2,2018,0.0053322394378483295,0.0061813159845769405,0.004178706856731585,0.000849076546728611,0.0011535325811167446,14.749150512053244
38220,3,2019,0.007004328537732363,0.005975023377686739,0.004178706856731585,0.0010293051600456238,0.002825621681000778,15.860643485452693
38240,1,2017,0.015626810491085052,0.016952943056821823,0.01023638891860092,0.0013261325657367706,0.005390421572484132,8.1408360363743
38240,2,2018,0.012349010445177555,0.016962870955467224,0.01023638891860092,0.004613860510289669,0.002112621526576635,31.48115177711239
38240,3,2019,0.010727190412580967,0.01662091165781021,0.01023638891860092,0.005893721245229244,0.0004908014939800469,43.10148525104345
38260,1,2017,0.02768184058368206,0.012745184823870659,0.012778004488879821,0.014936655759811401,0.01490383609480224,73.89439076712948
38260,2,2018,0.006094750016927719,0.012337044812738895,0.012778004488879821,0.006242294795811176,0.006683254471952102,67.73395067382648
38260,3,2019,0.004547791089862585,0.012196296826004982,0.012778004488879821,0.007648505736142397,0.008230213399017236,91.35763269628613
38300,1,2017,0.015614103525876999,0.016515128314495087,0.01697623999310268,0.0009010247886180878,0.0013621364672256817,5.608752258112126
38300,2,2018,0.014093621633946896,0.015807487070560455,0.01697623999310268,0.0017138654366135597,0.002882618359155785,11.463553946262273
38300,3,2019,0.01454335730522871,0.016018709167838097,0.01697623999310268,0.0014753518626093864,0.0024328826878739704,9.654788109110045
38340,1,2017,0.01491765771061182,0.01109228003770113,0.014481478343257255,0.0038253776729106903,0.00043617936735456525,29.414727856643314
38340,2,2018,0.00961211882531643,0.010793754830956459,0.014481478343257255,0.00118163600564003,0.004869359517940826,11.581326499201008
38340,3,2019,0.012197861447930336,0.010924977250397205,0.014481478343257255,0.0012728841975331306,0.002283616895326919,11.009752424018563
38380,1,2017,0.004517086781561375,0.011239403858780861,0.004727294214973705,0.006722317077219486,0.0002102074334123299,85.32753852727892
38380,2,2018,0.006111512426286936,0.010899294167757034,0.004727294214973705,0.0047877817414700985,0.0013842182113132312,56.291027711702604
38380,3,2019,0.013027030974626541,0.01052908692508936,0.004727294214973705,0.002497944049537182,0.008299736759652836,21.208443596261066
38420,1,2017,0.008254827931523323,0.006326731294393539,0.008928741409180041,0.0019280966371297836,0.0006739134776567179,26.44566722905022
38420,2,2018,0.005101845134049654,0.005877953488379717,0.008928741409180041,0.0007761083543300629,0.003826896275130387,14.13701059861174
38420,3,2019,0.007199893239885569,0.006051791366189718,0.008928741409180041,0.0011481018736958504,0.0017288481692944724,17.327623490047817
38460,1,2017,0.010205349884927273,0.012264781631529331,0.010350654837346852,0.0020594317466020584,0.00014530495241957958,18.330385192223012
38460,2,2018,0.006313648074865341,0.01159553974866867,0.010350654837346852,0.0052818916738033295,0.004037006762481511,58.98524016371668
38460,3,2019,0.00791566539555788,0.011307583190500736,0.010350654837346852,0.003391917794942856,0.002434989441788972,35.289727594912485
38500,1,2017,0.012801170349121094,0.013483774848282337,0.006416171326795562,0.0006826044991612434,0.006384999022325532,5.193879875653543
38500,2,2018,0.02111336775124073,0.012702646665275097,0.006416171326795562,0.008410721085965633,0.01469719642444517,49.74399700195282
38500,3,2019,0.012718018144369125,0.012450707145035267,0.006416171326795562,0.0002673109993338585,0.006301846817573563,2.124151223811328
38540,1,2017,0.01091639045625925,0.014377329498529434,0.013806663025669033,0.0034609390422701836,0.0028902725694097825,27.365983968805264
38540,2,2018,0.008351647295057774,0.014549114741384983,0.013806663025669033,0.0061974674463272095,0.0054550157306112596,54.124528522138675
38540,3,2019,0.008239715360105038,0.014487958513200283,0.013806663025669033,0.006248243153095245,0.0055669476655639955,54.983545071515934
38620,1,2017,0.01010055560618639,0.01021101139485836,0.012280001773285455,0.00011045578867197037,0.0021794461670990653,1.087614109591677
38620,2,2018,0.00731690926477313,0.009943691082298756,0.012280001773285455,0.0026267818175256252,0.004963092508512325,30.43671996188983
38620,3,2019,0.011768452823162079,0.009914602153003216,0.012280001773285455,0.001853850670158863,0.0005115489501233764,17.09952603284336
38700,1,2017,0.006909271236509085,0.006160618271678686,0.006195104490762411,0.0007486529648303986,0.0007141667457466741,11.45613957263248
38700,2,2018,0.008576282300055027,0.005719803739339113,0.006195104490762411,0.0028564785607159138,0.0023811778092926164,39.961658803139514
38700,3,2019,0.018035344779491425,0.005971909966319799,0.006195104490762411,0.012063434813171625,0.011840240288729015,100.49820286400137
38740,1,2017,0.008565309457480907,0.011990932747721672,0.009907674342225304,0.0034256232902407646,0.0013423648847443962,33.329259205856346
38740,2,2018,0.014926210045814514,0.011835296638309956,0.009907674342225304,0.0030909134075045586,0.0050185357035892105,23.0996878389793
38740,3,2019,0.008480938151478767,0.011879801750183105,0.009907674342225304,0.003398863598704338,0.0014267361907465363,33.38642844806927
38820,1,2017,0.0063606128096580505,0.010962424799799919,0.009845345467349205,0.004601811990141869,0.003484732657691154,53.12935799621527
38820,2,2018,0.011994220316410065,0.010553686879575253,0.009845345467349205,0.0014405334368348122,0.00214887484906086,12.777529953775959
38820,3,2019,0.011928975582122803,0.010305730625987053,0.009845345467349205,0.0016232449561357498,0.002083630114773598,14.60099549679604
38860,1,2017,0.014694780111312866,0.012855544686317444,0.016994282297544752,0.0018392354249954224,0.002299502186231886,13.351819050515644
38860,2,2018,0.011808689683675766,0.012425833381712437,0.016994282297544752,0.0006171436980366707,0.005185592613868986,5.093093366986106
38860,3,2019,0.013734967447817326,0.012476126663386822,0.016994282297544752,0.0012588407844305038,0.0032593148497274266,9.605400665990276
38900,1,2017,0.016510043293237686,0.01565627194941044,0.017443029345946014,0.0008537713438272476,0.0009329860527083275,5.308479208531189
38900,2,2018,0.01538076065480709,0.015255611389875412,0.017443029345946014,0.00012514926493167877,0.002062268691138923,0.816997677788136
38900,3,2019,0.015517709776759148,0.014591996558010578,0.017443029345946014,0.0009257132187485695,0.001925319569186866,6.1489335100748574
38920,1,2017,0.010526316240429878,0.014836247079074383,0.025050429234882956,0.0043099308386445045,0.014524112994453078,33.98654217259644
38920,2,2018,0.005621790420264006,0.014853165484964848,0.025050429234882956,0.009231375064700842,0.01942863881461895,90.17231195821773
38920,3,2019,0.030024118721485138,0.014443605206906796,0.025050429234882956,0.015580513514578342,0.004973689486602182,70.0755902680727
38940,1,2017,0.013628821820020676,0.018078472465276718,0.015518490394770146,0.0044496506452560425,0.0018896685747494708,28.067038466712766
38940,2,2018,0.015162594616413116,0.017686838284134865,0.015518490394770146,0.0025242436677217484,0.00035589577835703004,15.36856302473026
38940,3,2019,0.023178378120064735,0.016959531232714653,0.015518490394770146,0.006218846887350082,0.007659887725294589,30.987390415988028
39020,1,2017,0.00809213612228632,0.007245782297104597,0.013361185558883808,0.0008463538251817226,0.005269049436597489,11.036090429418396
39020,2,2018,0.00798451155424118,0.007063618395477533,0.013361185558883808,0.0009208931587636471,0.005376674004642628,12.239295512145484
39020,3,2019,0.00869168434292078,0.007196405436843634,0.013361185558883808,0.0014952789060771465,0.004669501215963028,18.822627334976595
39060,1,2017,0.005792978219687939,0.0097767049446702,0.006419814446653413,0.003983726724982262,0.0006268362269654746,51.17283536584699
39060,2,2018,0.006115567870438099,0.009653992019593716,0.006419814446653413,0.0035384241491556168,0.0003042465762153144,44.876609493227946
39060,3,2019,0.008226543664932251,0.009764205664396286,0.006419814446653413,0.001537661999464035,0.0018067292182788377,17.093908837492346
39150,1,2017,0.012422218918800354,0.012030938640236855,0.019688607708529635,0.00039128027856349945,0.007266388789729281,3.20024207595055
39150,2,2018,0.013432921841740608,0.01178090088069439,0.019688607708529635,0.0016520209610462189,0.006255685866789026,13.104084406622308
39150,3,2019,0.00861192774027586,0.011599184013903141,0.019688607708529635,0.002987256273627281,0.011076679968253775,29.560519301800888
39220,1,2017,0.010278263129293919,0.011800714768469334,0.006698089804018854,0.001522451639175415,0.0035801733252750646,13.790954967910004
39220,2,2018,0.011954782530665398,0.01163520198315382,0.006698089804018854,0.0003195805475115776,0.005256692726646544,2.7094584301354083
39220,3,2019,0.007578759454190731,0.011560731567442417,0.006698089804018854,0.003981972113251686,0.000880669650171877,41.60998877401151
39300,1,2017,0.013959326781332493,0.012406106106936932,0.014891117309930667,0.0015532206743955612,0.000931790528598174,11.78224603301941
39300,2,2018,0.012723051942884922,0.011907096952199936,0.014891117309930667,0.0008159549906849861,0.0021680653670457448,6.625657545780724
39300,3,2019,0.012201264500617981,0.012091792188584805,0.014891117309930667,0.00010947231203317642,0.002689852809312686,0.9012638332881382
39340,1,2017,0.015713388100266457,0.020793044939637184,0.015089485109881184,0.0050796568393707275,0.0006239029903852729,27.82882371650599
39340,2,2018,0.018757354468107224,0.020258205011487007,0.015089485109881184,0.0015008505433797836,0.00366786935822604,7.693598034829416
39340,3,2019,0.019722195342183113,0.02067924663424492,0.015089485109881184,0.0009570512920618057,0.004632710232301929,4.737707410219767
39380,1,2017,0.00909508764743805,0.012370640411973,0.010480684811237928,0.0032755527645349503,0.0013855971637998787,30.51889252975279
39380,2,2018,0.00927717424929142,0.01201348751783371,0.010480684811237928,0.0027363132685422897,0.001203510561946508,25.704339425939803
39380,3,2019,0.008741906844079494,0.012006030417978764,0.010480684811237928,0.003264123573899269,0.0017387779671584336,31.46454473468194
39420,1,2017,0.003333539701998234,0.007033063564449549,0.004784489062532645,0.003699523862451315,0.0014509493605344113,71.3738183795293
39420,2,2018,0.010426128283143044,0.006596812512725592,0.004784489062532645,0.003829315770417452,0.005641639220610398,44.990035115965945
39420,3,2019,0.005598551128059626,0.006486271973699331,0.004784489062532645,0.0008877208456397057,0.0008140620655269805,14.691487059270967
39460,1,2017,0.016812937334179878,0.018458228558301926,0.010155701577729956,0.0016452912241220474,0.006657235756449923,9.32938118727563
39460,2,2018,0.009343349374830723,0.018223974853754044,0.010155701577729956,0.00888062547892332,0.0008123522028992327,64.42861254038075
39460,3,2019,0.013496710918843746,0.017704684287309647,0.010155701577729956,0.0042079733684659,0.0033410093411137907,26.97297343285054
39500,1,2017,0.014440995641052723,0.01053682155907154,0.00855132739923038,0.003904174081981182,0.005889668241822342,31.261118516840078
39500,2,2018,0.01415286399424076,0.010332213714718819,0.00855132739923038,0.003820650279521942,0.00560153659501038,31.20797707515575
39500,3,2019,0.013723118230700493,0.010432264767587185,0.00855132739923038,0.003290853463113308,0.005171790831470112,27.247360151388047
39540,1,2017,0.013102804310619831,0.009037629701197147,0.011280554691047495,0.004065174609422684,0.0018222496195723359,36.72170808546554
39540,2,2018,0.011426779441535473,0.008834206499159336,0.011280554691047495,0.0025925729423761368,0.00014622475048797767,25.59176212230394
39540,3,2019,0.01042408961802721,0.008797779679298401,0.011280554691047495,0.0016263099387288094,0.000856465073020285,16.92144575015703
39580,1,2017,0.02104177325963974,0.024229945614933968,0.01917225825591477,0.0031881723552942276,0.0018695150037249704,14.084606152891254
39580,2,2018,0.01721753180027008,0.023960284888744354,0.01917225825591477,0.006742753088474274,0.001954726455644689,32.74943643528
39580,3,2019,0.01837225817143917,0.02342301420867443,0.01917225825591477,0.00505075603723526,0.0008000000844755988,24.16902458655685
39660,1,2017,0.01589781790971756,0.016571134328842163,0.011852495617123935,0.0006733164191246033,0.004045322292593625,4.147446500923158
39660,2,2018,0.016881437972187996,0.016317974776029587,0.011852495617123935,0.0005634631961584091,0.005028942355064061,3.39441562241416
39660,3,2019,0.01679808832705021,0.015522800385951996,0.011852495617123935,0.0012752879410982132,0.004945592709926274,7.891413864585295
39700,1,2017,0.007663387339562178,0.004076704848557711,0.0018948365703458077,0.003586682491004467,0.00576855076921637,61.10138452855927
39700,2,2018,0.01463296078145504,0.0036375040654093027,0.0018948365703458077,0.010995456716045737,0.012738124211109233,120.36311927528062
39700,3,2019,0.014802795834839344,0.0037189191207289696,0.0018948365703458077,0.011083876714110374,0.012907959264493537,119.68514531664235
39740,1,2017,0.008941610343754292,0.010219039395451546,0.010141896227984693,0.0012774290516972542,0.0012002858842304013,13.333873353884842
39740,2,2018,0.008965100161731243,0.0096379853785038,0.010141896227984693,0.0006728852167725563,0.0011767960662534497,7.234120959248211
39740,3,2019,0.011052503250539303,0.009730981662869453,0.010141896227984693,0.0013215215876698494,0.00091060702255461,12.717029481093206
39780,1,2017,0.00983834732323885,0.006057228427380323,0.00627989964626868,0.0037811188958585262,0.0035584476769701693,47.574451865811135
39780,2,2018,0.005444589536637068,0.005686997435986996,0.00627989964626868,0.0002424078993499279,0.0008353101096316125,4.35531217930512
39780,3,2019,0.016442695632576942,0.005685603711754084,0.00627989964626868,0.010757091920822859,0.010162795986308263,97.22470662747382
39820,1,2017,0.009769131429493427,0.008760622702538967,0.009412886452206596,0.0010085087269544601,0.0003562449772868317,10.885284019466297
39820,2,2018,0.012722408398985863,0.008530224673449993,0.009412886452206596,0.00419218372553587,0.003309521946779267,39.45093992542533
39820,3,2019,0.012862847186625004,0.008401865139603615,0.009412886452206596,0.004460982047021389,0.003449960734418408,41.95664517583721
39860,1,2017,0.016456980258226395,0.009396114386618137,0.008000340440018724,0.007060865871608257,0.00845663981820767,54.62296284029695
39860,2,2018,0.006590483244508505,0.009062844328582287,0.008000340440018724,0.002472361084073782,0.0014098571955102196,31.58893204122739
39860,3,2019,0.010335973463952541,0.00877776276320219,0.008000340440018724,0.001558210700750351,0.002335633023933817,16.304608026412055
39900,1,2017,0.016033824533224106,0.018733061850070953,0.02594874980721986,0.0026992373168468475,0.009914925273995755,15.52762885181657
39900,2,2018,0.020633794367313385,0.01804574392735958,0.02594874980721986,0.002588050439953804,0.0053149554399064755,13.382009635879001
39900,3,2019,0.01713147573173046,0.017639098688960075,0.02594874980721986,0.0005076229572296143,0.0088172740754894,2.9198413871211715
39940,1,2017,0.015618191100656986,0.013190322555601597,0.014601821481493815,0.0024278685450553894,0.0010163696191631717,16.85520975683834
39940,2,2018,0.012058109045028687,0.012724319472908974,0.014601821481493815,0.0006662104278802872,0.002543712436465128,5.376471951281796
39940,3,2019,0.015620202757418156,0.012582933530211449,0.014601821481493815,0.003037269227206707,0.0010183812759243412,21.53851344265733
39980,1,2017,0.010968782939016819,0.013140144757926464,0.015230013398838768,0.002171361818909645,0.004261230459821949,18.012919907167433
39980,2,2018,0.014987558126449585,0.012893686071038246,0.015230013398838768,0.002093872055411339,0.00024245527238918319,15.019927300114079
39980,3,2019,0.010659700259566307,0.012774759903550148,0.015230013398838768,0.002115059643983841,0.004570313139272461,18.05084244928
40060,1,2017,0.016349095851182938,0.018313122913241386,0.01520662643757969,0.001964027062058449,0.0011424694136032473,11.332376088142569
40060,2,2018,0.017325930297374725,0.017588328570127487,0.01520662643757969,0.00026239827275276184,0.002119303859795035,1.5031004873597626
40060,3,2019,0.014149989001452923,0.017335781827569008,0.01520662643757969,0.003185792826116085,0.0010566374361267675,20.236390791233543
40080,1,2017,0.009605356492102146,0.012608242221176624,0.00776230485216734,0.003002885729074478,0.0018430516399348057,27.03645110377247
40080,2,2018,0.011815099976956844,0.012168031185865402,0.00776230485216734,0.0003529312089085579,0.004052795124789504,2.9431608354593553
40080,3,2019,0.015838896855711937,0.012110158801078796,0.00776230485216734,0.0037287380546331406,0.008076592003544596,26.68238073087195
40100,1,2017,0.003673983970656991,0.0056918044574558735,0.001947389570646966,0.0020178204867988825,0.001726594400010025,43.089129075041555
40100,2,2018,0.004086130298674107,0.005385491065680981,0.001947389570646966,0.001299360767006874,0.0021387407280271404,27.436894807726635
40100,3,2019,0.0027059479616582394,0.005328673403710127,0.001947389570646966,0.0026227254420518875,0.0007585583910112734,65.28552021332574
40140,1,2017,0.015307755209505558,0.013334604911506176,0.013153708481843187,0.001973150297999382,0.002154046727662371,13.777842334017604
40140,2,2018,0.013649985194206238,0.01287849061191082,0.013153708481843187,0.0007714945822954178,0.0004962767123630508,5.816348418329425
40140,3,2019,0.013575843535363674,0.01225193403661251,0.013153708481843187,0.0013239094987511635,0.0004221350535204872,10.251822732099898
40180,1,2017,0.008277563378214836,0.010703738778829575,0.014297100727308956,0.0024261754006147385,0.00601953734909412,25.563832263454216
40180,2,2018,0.009741654619574547,0.01029342319816351,0.014297100727308956,0.0005517685785889626,0.004555446107734409,5.508022561303219
40180,3,2019,0.008724404498934746,0.010298745706677437,0.014297100727308956,0.001574341207742691,0.00557269622837421,16.551836716154355
40220,1,2017,0.014829585328698158,0.013395708054304123,0.011999591828925299,0.0014338772743940353,0.0028299934997728596,10.16022577286123
40220,2,2018,0.0132392393425107,0.012625803239643574,0.011999591828925299,0.0006134361028671265,0.0012396475135854016,4.743358637440929
40220,3,2019,0.01164914108812809,0.012262003496289253,0.011999591828925299,0.0006128624081611633,0.0003504507407972087,5.126163238981019
40260,1,2017,0.004001676570624113,0.006425072439014912,0.008629897039347204,0.0024233958683907986,0.0046282204687230905,46.484163797216155
40260,2,2018,0.010784242302179337,0.005794497672468424,0.008629897039347204,0.004989744629710913,0.002154345262832133,60.194461432149396
40260,3,2019,0.004387207329273224,0.005941223353147507,0.008629897039347204,0.0015540160238742828,0.00424268971007398,30.091977514461746
40300,1,2017,0.008226183243095875,0.005991294048726559,0.011759506561881522,0.002234889194369316,0.003533323318785647,31.43859598390177
40300,2,2018,0.0212516151368618,0.005677549168467522,0.011759506561881522,0.01557406596839428,0.00949210857498028,115.66686591881243
40300,3,2019,0.00587159488350153,0.005879562813788652,0.011759506561881522,7.967930287122726e-06,0.005887911678379992,0.13561086850901005
40340,1,2017,0.01201848965138197,0.012466677464544773,0.013989950300667233,0.00044818781316280365,0.001971460649285264,3.6608909222165544
40340,2,2018,0.011742041446268559,0.012266389094293118,0.013989950300667233,0.000524347648024559,0.002247908854398675,4.368027545468323
40340,3,2019,0.013236789964139462,0.012385183945298195,0.013989950300667233,0.0008516060188412666,0.0007531603365277719,6.6474635364015215
40380,1,2017,0.012113426811993122,0.010435733012855053,0.012549747699886947,0.0016776937991380692,0.0004363208878938249,14.880315436618208
40380,2,2018,0.009997067041695118,0.009857241995632648,0.012549747699886947,0.00013982504606246948,0.002552680658191829,1.4085101161070979
40380,3,2019,0.012729332782328129,0.009915126487612724,0.012549747699886947,0.0028142062947154045,0.00017958508244118182,24.85557299813682
40420,1,2017,0.013042830862104893,0.01083819568157196,0.011475716355817324,0.0022046351805329323,0.0015671145062875688,18.463479811697443
40420,2,2018,0.009517150931060314,0.010477600619196892,0.011475716355817324,0.0009604496881365776,0.0019585654247570097,9.607013174150332
40420,3,2019,0.014508247375488281,0.010478525422513485,0.011475716355817324,0.004029721952974796,0.0030325310196709573,32.25482836707621
40460,1,2017,0.004987988620996475,0.009009398519992828,0.007777425060087978,0.004021409898996353,0.002789436439091503,57.459395607491196
40460,2,2018,0.008888480253517628,0.008569962345063686,0.007777425060087978,0.00031851790845394135,0.0011110551934296496,3.648867580392827
40460,3,2019,0.007698514964431524,0.008488423191010952,0.007777425060087978,0.0007899082265794277,7.891009565645386e-05,9.759816600312515
40540,1,2017,0.008398900739848614,0.01371122058480978,0.016212534059945504,0.005312319844961166,0.00781363332009689,48.053263609850966
40540,2,2018,0.011186359450221062,0.013703448697924614,0.016212534059945504,0.0025170892477035522,0.005026174609724442,20.225854867413553
40540,3,2019,0.008210993371903896,0.013418128713965416,0.016212534059945504,0.00520713534206152,0.008001540688041608,48.14927683079277
40580,1,2017,0.008294565603137016,0.010777518153190613,0.010598047332015133,0.0024829525500535965,0.002303481728878117,26.03754555505807
40580,2,2018,0.01612546481192112,0.010274628177285194,0.010598047332015133,0.005850836634635925,0.005527417479905986,44.32434704537358
40580,3,2019,0.011067263782024384,0.00995550025254488,0.010598047332015133,0.0011117635294795036,0.0004692164500092501,10.576753835163244
40620,1,2017,0.013461539521813393,0.009984485805034637,0.009092935145977268,0.003477053716778755,0.004368604375836124,29.660056963210188
40620,2,2018,0.00490163080394268,0.009831761941313744,0.009092935145977268,0.004930131137371063,0.004191304342034588,66.92454177238007
40620,3,2019,0.011824134737253189,0.009704790078103542,0.009092935145977268,0.0021193446591496468,0.0027311995912759207,19.688337368534405
40660,1,2017,0.01375148817896843,0.014202444814145565,0.016801770131105506,0.00045095663517713547,0.003050281952137076,3.2264259484840574
40660,2,2018,0.011502707377076149,0.014130569994449615,0.016801770131105506,0.0026278626173734665,0.0052990627540293565,20.503516223148
40660,3,2019,0.014444692060351372,0.014241799712181091,0.016801770131105506,0.00020289234817028046,0.0023570780707541338,1.4145492523215317
40700,1,2017,0.014759032987058163,0.008918534964323044,0.007904370978477923,0.005840498022735119,0.00685466200858024,49.33357655692498
40700,2,2018,0.011438904330134392,0.008477477356791496,0.007904370978477923,0.0029614269733428955,0.003534533351656469,29.73858939806776
40700,3,2019,0.009060308337211609,0.0084535526111722,0.007904370978477923,0.0006067557260394096,0.001155937358733686,6.928859163432415
40740,1,2017,0.006241204682737589,0.011650663800537586,0.008039316809756393,0.005409459117799997,0.0017981121270188045,60.46831944288697
40740,2,2018,0.008795208297669888,0.011329635977745056,0.008039316809756393,0.0025344276800751686,0.0007558914879134942,25.187041311114413
40740,3,2019,0.007837401703000069,0.011144145391881466,0.008039316809756393,0.0033067436888813972,0.0002019151067563247,34.841648367963195
40760,1,2017,0.01770896464586258,0.015073721297085285,0.009109878365311212,0.002635243348777294,0.008599086280551367,16.077038650899492
40760,2,2018,0.008138250559568405,0.015039699152112007,0.009109878365311212,0.006901448592543602,0.0009716278057428068,59.551821457914194
40760,3,2019,0.013606458902359009,0.01459861546754837,0.009109878365311212,0.0009921565651893616,0.004496580537047797,7.0353029416775295
40780,1,2017,0.011198436841368675,0.01143344584852457,0.015022783368141257,0.00023500900715589523,0.0038243465267725815,2.076794993472583
40780,2,2018,0.008330738171935081,0.011132747866213322,0.015022783368141257,0.00280200969427824,0.006692045196206175,28.79246039649103
40780,3,2019,0.008592193946242332,0.010885338298976421,0.015022783368141257,0.002293144352734089,0.006430589421898924,23.546547340150145
40820,1,2017,0.012979287654161453,0.014827209524810314,0.01495269436445907,0.001847921870648861,0.0019734067102976163,13.29129083890351
40820,2,2018,0.011043474078178406,0.014788416214287281,0.01495269436445907,0.0037449421361088753,0.003909220286280664,28.994708819011283
40820,3,2019,0.010293114930391312,0.014695459045469761,0.01495269436445907,0.004402344115078449,0.004659579434067758,35.23484259317059
40860,1,2017,0.009825149551033974,0.011261721141636372,0.012493835278645405,0.001436571590602398,0.0026686857276114317,13.625264082816575
40860,2,2018,0.03214719891548157,0.01080101914703846,0.012493835278645405,0.021346179768443108,0.01965336363683616,99.40423962250237
40860,3,2019,0.009007375687360764,0.010618820786476135,0.012493835278645405,0.0016114450991153717,0.003486459591284642,16.421360911121976
40900,1,2017,0.01436191238462925,0.017110902816057205,0.015710923515837725,0.0027489904314279556,0.0013490111312084753,17.468977849297097
40900,2,2018,0.014151258394122124,0.016263023018836975,0.015710923515837725,0.0021117646247148514,0.0015596651217156011,13.886660031244773
40900,3,2019,0.015789812430739403,0.015924418345093727,0.015710923515837725,0.00013460591435432434,7.88889149016779e-05,0.8488673293853319
40940,1,2017,0.010488003492355347,0.008051091805100441,0.005816435432230523,0.0024369116872549057,0.004671568060124824,26.28942063983352
40940,2,2018,0.0048225512728095055,0.007514217868447304,0.005816435432230523,0.0026916665956377983,0.0009938841594210176,43.636455914758066
40940,3,2019,0.006600572727620602,0.00748269259929657,0.005816435432230523,0.0008821198716759682,0.0007841372953900786,12.527197703647596
40980,1,2017,0.009827202185988426,0.012867497280240059,0.010277705683882688,0.0030402950942516327,0.00045050349789426195,26.792985376400882
40980,2,2018,0.011222947388887405,0.01254627201706171,0.010277705683882688,0.001323324628174305,0.0009452417050047172,11.134770972786308
40980,3,2019,0.00893939845263958,0.012521183118224144,0.010277705683882688,0.003581784665584564,0.0013383072312431084,33.38011120296819
41060,1,2017,0.014936696738004684,0.016759462654590607,0.01156970542381226,0.0018227659165859222,0.0033669913141924253,11.501490252710147
41060,2,2018,0.011783900670707226,0.016381530091166496,0.01156970542381226,0.0045976294204592705,0.00021419524689496663,32.64731029299475
41060,3,2019,0.009262795560061932,0.016147123649716377,0.01156970542381226,0.006884328089654446,0.0023069098637503276,54.18612568983625
41100,1,2017,0.019470268860459328,0.02418524958193302,0.021061243127033353,0.004714980721473694,0.0015909742665740252,21.600841358251166
41100,2,2018,0.015211902558803558,0.023962290957570076,0.021061243127033353,0.008750388398766518,0.0058493405682297946,44.674237703947796
41100,3,2019,0.018796199932694435,0.023656202480196953,0.021061243127033353,0.004860002547502518,0.002265043194338918,22.896237322083003
41140,1,2017,0.011001725681126118,0.01241677813231945,0.014039271802210032,0.0014150524511933327,0.003037546121083914,12.084903956466192
41140,2,2018,0.010125874541699886,0.011765799485147,0.014039271802210032,0.001639924943447113,0.0039133972605101455,14.982172604318512
41140,3,2019,0.008597164414823055,0.011462961323559284,0.014039271802210032,0.002865796908736229,0.0054421073873869765,28.572058994126508
41180,1,2017,0.01991361193358898,0.016522422432899475,0.018314153166201518,0.0033911895006895065,0.0015994587673874641,18.61447673397009
41180,2,2018,0.018088562414050102,0.01624681055545807,0.018314153166201518,0.0018417518585920334,0.00022559075215141527,10.728011161125634
41180,3,2019,0.013576860539615154,0.015947403386235237,0.018314153166201518,0.002370542846620083,0.004737292626586363,16.058263465334676
41260,1,2017,0.007466272450983524,0.008692455478012562,0.01771974074901823,0.0012261830270290375,0.010253468298034706,15.176717790919923
41260,2,2018,0.005295589566230774,0.008484486490488052,0.01771974074901823,0.0031888969242572784,0.012424151182787457,46.28268518979897
41260,3,2019,0.009876146912574768,0.008566559292376041,0.01771974074901823,0.0013095876201987267,0.007843593836443463,14.201678382354304
41400,1,2017,0.004604825749993324,0.006127199623733759,0.006195988912440893,0.0015223738737404346,0.0015911631624475689,28.370645841651488
41400,2,2018,0.007720171008259058,0.005708640906959772,0.006195988912440893,0.002011530101299286,0.0015241820958181648,29.95840013366514
41400,3,2019,0.007742692716419697,0.005832683760672808,0.006195988912440893,0.0019100089557468891,0.0015467038039788036,28.13929399313814
41420,1,2017,0.01058631669729948,0.012711869552731514,0.009406200482591545,0.0021255528554320335,0.0011801162147079356,18.246501425441515
41420,2,2018,0.009924009442329407,0.012214804999530315,0.009406200482591545,0.0022907955572009087,0.0005178089597378619,20.69482562831575
41420,3,2019,0.01039003673940897,0.012156820856034756,0.009406200482591545,0.0017667841166257858,0.000983836256817425,15.672102647046348
41460,1,2017,0.010693070478737354,0.011841202154755592,0.010639342652306281,0.001148131676018238,5.372782643107282e-05,10.190088539244266
41460,2,2018,0.010846344754099846,0.011564359068870544,0.010639342652306281,0.0007180143147706985,0.00020700210179356443,6.407777284048425
41460,3,2019,0.012545488774776459,0.011331181041896343,0.010639342652306281,0.0012143077328801155,0.0019061461224701773,10.171495720541335
41500,1,2017,0.013405133038759232,0.010560941882431507,0.01116170311879176,0.0028441911563277245,0.002243429919967472,23.735133758229313
41500,2,2018,0.011136277578771114,0.01026210281997919,0.01116170311879176,0.0008741747587919235,2.5425540020645315e-05,8.17047210095743
41500,3,2019,0.01125622820109129,0.009929738007485867,0.01116170311879176,0.001326490193605423,9.452508229952986e-05,12.522341954376333
41540,1,2017,0.003013014094904065,0.0035555786453187466,0.002411988870070167,0.0005425645504146814,0.0006010252248338983,16.519938010325685
41540,2,2018,0.002516327193006873,0.0032229849603027105,0.002411988870070167,0.0007066577672958374,0.00010433832293670628,24.625129881874386
41540,3,2019,0.002641343278810382,0.0034124196972697973,0.002411988870070167,0.0007710764184594154,0.00022935440874021504,25.474242972312048
41620,1,2017,0.021860390901565552,0.02383260428905487,0.021143594260738155,0.001972213387489319,0.0007167966408273968,8.632452075593235
41620,2,2018,0.021194083616137505,0.024054184556007385,0.021143594260738155,0.0028601009398698807,5.048935539934962e-05,12.641811160145208
41620,3,2019,0.0190163254737854,0.023496413603425026,0.021143594260738155,0.0044800881296396255,0.0021272687869527546,21.07644519296091
41660,1,2017,0.012220093980431557,0.014303798787295818,0.01322972670714836,0.0020837048068642616,0.001009632726716803,15.711902016166212
41660,2,2018,0.011969578452408314,0.014133523218333721,0.01322972670714836,0.0021639447659254074,0.001260148254740046,16.579975546370505
41660,3,2019,0.009364504367113113,0.013901867903769016,0.01322972670714836,0.004537363536655903,0.0038652223400352462,39.00360171021871
41700,1,2017,0.018402835354208946,0.021328382194042206,0.018535424781730616,0.0029255468398332596,0.00013258942752166977,14.726687396106055
41700,2,2018,0.01608409732580185,0.02061336487531662,0.018535424781730616,0.0045292675495147705,0.0024513274559287666,24.684357138782584
41700,3,2019,0.0164582971483469,0.02024705894291401,0.018535424781730616,0.003788761794567108,0.002077127633383715,20.64418475024645
41740,1,2017,0.017897194251418114,0.01896427571773529,0.018026538300340168,0.0010670814663171768,0.0001293440489220539,5.789683253141962
41740,2,2018,0.017325887456536293,0.018144851550459862,0.018026538300340168,0.0008189640939235687,0.0007006508438038746,4.6176870624414414
41740,3,2019,0.017006540670990944,0.01744837686419487,0.018026538300340168,0.0004418361932039261,0.0010199976293492237,2.5647199098167732
41760,1,2017,0.011207149364054203,0.015412506647408009,0.014296745209069425,0.0042053572833538055,0.0030895958450152215,31.595868119029088
41760,2,2018,0.018527137115597725,0.014745920896530151,0.014296745209069425,0.0037812162190675735,0.0042303919065283,22.728389324899872
41760,3,2019,0.014814650639891624,0.014184455387294292,0.014296745209069425,0.000630195252597332,0.0005179054308221999,4.346306639185418
41780,1,2017,0.014954036101698875,0.011596976779401302,0.017440790684225743,0.003357059322297573,0.0024867545825268678,25.28760822007524
41780,2,2018,0.0151766836643219,0.011378013528883457,0.017440790684225743,0.0037986701354384422,0.0022641070199038438,28.61014514526766
41780,3,2019,0.015835309401154518,0.011519636027514935,0.017440790684225743,0.004315673373639584,0.001605481283071225,31.5531376747668
41820,1,2017,0.016381114721298218,0.01875033974647522,0.014427860696517412,0.002369225025177002,0.0019532540247808056,13.487766940944484
41820,2,2018,0.006395694334059954,0.01825799234211445,0.014427860696517412,0.011862298008054495,0.008032166362457458,96.23139413018208
41820,3,2019,0.005196958780288696,0.01789971999824047,0.014427860696517412,0.012702761217951775,0.009230901916228716,109.9963838085773
41860,1,2017,0.019391782581806183,0.020253172144293785,0.020565714135385434,0.0008613895624876022,0.0011739315535792515,4.345518117817937
41860,2,2018,0.018917415291070938,0.01941234990954399,0.020565714135385434,0.000494934618473053,0.0016482988443144962,2.582507285172456
41860,3,2019,0.021057045087218285,0.018998680636286736,0.020565714135385434,0.002058364450931549,0.0004913309518328503,10.277501654893756
41940,1,2017,0.020162753760814667,0.02043987438082695,0.02029693178480737,0.0002771206200122833,0.00013417802399270234,1.3650375083784099
41940,2,2018,0.019481297582387924,0.02027040347456932,0.02029693178480737,0.0007891058921813965,0.0008156342024194449,3.970173213680014
41940,3,2019,0.020987996831536293,0.019792381674051285,0.02029693178480737,0.0011956151574850082,0.0006910650467289239,5.863677131576074
42020,1,2017,0.014420895837247372,0.013752039521932602,0.016462380320375877,0.0006688563153147697,0.0020414844831285056,4.748217176354457
42020,2,2018,0.01346024964004755,0.013467222452163696,0.016462380320375877,6.972812116146088e-06,0.003002130680328327,0.051789559025743205
42020,3,2019,0.014894158579409122,0.013341077603399754,0.016462380320375877,0.001553080976009369,0.0015682217409667548,11.001008923059912
42100,1,2017,0.011025946587324142,0.011794026009738445,0.00963920380030892,0.0007680794224143028,0.001386742787015222,6.731638984800723
42100,2,2018,0.010524238459765911,0.011306753382086754,0.00963920380030892,0.0007825149223208427,0.0008850346594569906,7.168841155248012
42100,3,2019,0.011864719912409782,0.011515308171510696,0.00963920380030892,0.000349411740899086,0.002225516112100862,2.9889749507242453
42140,1,2017,0.012035023421049118,0.01409817673265934,0.014212383276740237,0.002063153311610222,0.002177359855691119,15.789513033227172
42140,2,2018,0.01301135029643774,0.01346252765506506,0.014212383276740237,0.00045117735862731934,0.0012010329803024966,3.4084707123776132
42140,3,2019,0.011452766135334969,0.01304150652140379,0.014212383276740237,0.001588740386068821,0.0027596171414052684,12.972336510795785
42200,1,2017,0.018079593777656555,0.016058193519711494,0.013142640592170027,0.0020214002579450607,0.004936953185486528,11.842593359712206
42200,2,2018,0.016538305208086967,0.015489179641008377,0.013142640592170027,0.0010491255670785904,0.0033956646159169403,6.551405734490184
42200,3,2019,0.012617443688213825,0.015055138617753983,0.013142640592170027,0.0024376949295401573,0.0005251969039562019,17.61811761317677
42220,1,2017,0.015036736615002155,0.01178554818034172,0.016845246763713694,0.0032511884346604347,0.001808510148711539,24.24243309133127
42220,2,2018,0.015750432386994362,0.011392840184271336,0.016845246763713694,0.004357592202723026,0.0010948143767193323,32.108070873756745
42220,3,2019,0.015610127709805965,0.011426088400185108,0.016845246763713694,0.004184039309620857,0.0012351190539077288,30.951356099767715
42300,1,2017,0.010853912681341171,0.007234055083245039,0.005992010652463382,0.0036198575980961323,0.0048619020288777895,40.02501158734636
42300,2,2018,0.009060601703822613,0.006848444696515799,0.005992010652463382,0.002212157007306814,0.003068591051359231,27.81003412948813
42300,3,2019,0.003807722358033061,0.007170841563493013,0.005992010652463382,0.0033631192054599524,0.0021842882944303208,61.26695925170694
42340,1,2017,0.01721404306590557,0.021025335416197777,0.01611826051218823,0.003811292350292206,0.0010957825537173393,19.933856170717544
42340,2,2018,0.016364460811018944,0.02056429721415043,0.01611826051218823,0.004199836403131485,0.00024620029883071215,22.745607978414125
42340,3,2019,0.02873161993920803,0.02005145326256752,0.01611826051218823,0.00868016667664051,0.012613359427019799,35.58678995641907
42380,1,2017,0.008775975555181503,0.0165033508092165,0.008870345122131511,0.007727375254034996,9.436956695000817e-05,61.13590279939308
42380,2,2018,0.008107662200927734,0.0172356516122818,0.008870345122131511,0.009127989411354065,0.0007626829212037771,72.03466663355611
42380,3,2019,0.007171977311372757,0.017134932801127434,0.008870345122131511,0.009962955489754677,0.0016983678107587545,81.9762885930668
42420,1,2017,0.015420563519001007,0.01000183541327715,0.010211712524820135,0.005418728105723858,0.005208850994180872,42.62954089172756
42420,2,2018,0.011981205083429813,0.009497285820543766,0.010211712524820135,0.0024839192628860474,0.0017694925586096786,23.12935408286819
42420,3,2019,0.007992636412382126,0.009306533262133598,0.010211712524820135,0.0013138968497514725,0.002219076112438009,15.190279244131311
42460,1,2017,0.004015605431050062,0.005399412475526333,0.005204672808433849,0.0013838070444762707,0.0011890673773837868,29.395707760137
42460,2,2018,0.004940579179674387,0.005099007394164801,0.005204672808433849,0.00015842821449041367,0.000264093628759462,3.1560673444437017
42460,3,2019,0.004739155527204275,0.005108427722007036,0.005204672808433849,0.0003692721948027611,0.00046551728122957384,7.499745073900892
42540,1,2017,0.016231700778007507,0.018477393314242363,0.012349984686443874,0.0022456925362348557,0.0038817160915636337,12.940077797838015
42540,2,2018,0.009856434538960457,0.017679501324892044,0.012349984686443874,0.007823066785931587,0.0024935501474834167,56.82075948733781
42540,3,2019,0.010756934992969036,0.017586752772331238,0.012349984686443874,0.006829817779362202,0.0015930496934748375,48.192849330503336
42620,1,2017,0.00613520760089159,0.011679287999868393,0.009463925214417055,0.005544080398976803,0.003328717613525465,62.242315596345115
42620,2,2018,0.008003330789506435,0.011400857008993626,0.009463925214417055,0.0033975262194871902,0.0014605944249106197,35.01846615632642
42620,3,2019,0.01097714900970459,0.011314340867102146,0.009463925214417055,0.0003371918573975563,0.0015132237952875348,3.025295375017709
42660,1,2017,0.01610109955072403,0.016531705856323242,0.01821487242869585,0.00043060630559921265,0.00211377287797182,2.6390999380716647
42660,2,2018,0.017779352143406868,0.016143346205353737,0.01821487242869585,0.001636005938053131,0.0004355202852889817,9.645491281140021
42660,3,2019,0.01762424409389496,0.016203653067350388,0.01821487242869585,0.001420591026544571,0.0005906283348008912,8.39892943878041
42680,1,2017,0.013854498974978924,0.02135653793811798,0.013749166110740493,0.007502038963139057,0.00010533286423843047,42.611848387550445
42680,2,2018,0.016327323392033577,0.021079327911138535,0.013749166110740493,0.004752004519104958,0.0025781572812930836,25.40726359185648
42680,3,2019,0.013659191317856312,0.0205254927277565,0.013749166110740493,0.0068663014099001884,8.997479288418153e-05,40.17178799809322
42700,1,2017,0.01261479128152132,0.010689319111406803,0.007728538870600152,0.0019254721701145172,0.004886252410921168,16.52473586343831
42700,2,2018,0.009035120718181133,0.01027850341051817,0.007728538870600152,0.0012433826923370361,0.0013065818475809813,12.875698939428682
42700,3,2019,0.012212999165058136,0.010230247862637043,0.007728538870600152,0.001982751302421093,0.004484460294457984,17.669015686754914
42740,1,2017,0.01050371304154396,0.011060363613069057,0.012374377758993143,0.0005566505715250969,0.0018706647174491827,5.1627558397519
42740,2,2018,0.007955393753945827,0.01100122183561325,0.012374377758993143,0.0030458280816674232,0.004418984005047316,32.13470738531654
42740,3,2019,0.009351243264973164,0.010498120449483395,0.012374377758993143,0.001146877184510231,0.0030231344940199797,11.555802223371362
42780,1,2017,0.019706392660737038,0.011485892347991467,0.016914057627541473,0.008220500312745571,0.0027923350331955643,52.708531452688796
42780,2,2018,0.006252658553421497,0.01144892256706953,0.016914057627541473,0.005196264013648033,0.010661399074119976,58.709569984733584
42780,3,2019,0.00933664757758379,0.011726771481335163,0.016914057627541473,0.0023901239037513733,0.0075774100499576835,22.694537504465025
42820,1,2017,0.007216672878712416,0.012848577462136745,0.0048093189617671225,0.00563190458342433,0.0024073539169452932,56.13587352224693
42820,2,2018,0.009261811152100563,0.012718277983367443,0.0048093189617671225,0.00345646683126688,0.004452492190333441,31.450875721387266
42820,3,2019,0.006757967174053192,0.012826330959796906,0.0048093189617671225,0.006068363785743713,0.0019486482122860697,61.97169432046439
42860,1,2017,0.004683168139308691,0.008536013774573803,0.006684368353611012,0.003852845635265112,0.0020012002143023214,58.291696805141946
42860,2,2018,0.02290402725338936,0.008188757114112377,0.006684368353611012,0.014715270139276981,0.016219658899778347,94.65389289460208
42860,3,2019,0.006990058813244104,0.00824121292680502,0.006684368353611012,0.001251154113560915,0.00030569045963309196,16.428743620060956
42900,1,2017,0.0487997867166996,0.007138087879866362,0.010412147505422993,0.04166169883683324,0.03838763921127661,148.95700521142288
42900,2,2018,0.006397088523954153,0.006685276050120592,0.010412147505422993,0.00028818752616643906,0.00401505898146884,4.405737269402733
42900,3,2019,0.007330860942602158,0.006814413703978062,0.010412147505422993,0.0005164472386240959,0.003081286562820836,7.302040949016219
42940,1,2017,0.02076549082994461,0.02136169746518135,0.02294775149467117,0.0005962066352367401,0.0021822606647265604,2.830506937869258
42940,2,2018,0.017521044239401817,0.02116382122039795,0.02294775149467117,0.003642776980996132,0.005426707255269354,18.833081082458715
42940,3,2019,0.020653672516345978,0.020950540900230408,0.02294775149467117,0.00029686838388442993,0.002294078978325193,1.4271069593677288
42980,1,2017,0.017548102885484695,0.010412227362394333,0.019818350160927648,0.0071358755230903625,0.0022702472754429527,51.042837532219686
42980,2,2018,0.007850493304431438,0.01015043631196022,0.019818350160927648,0.002299943007528782,0.01196785685649621,25.553588385291324
42980,3,2019,0.010431320406496525,0.010145398788154125,0.019818350160927648,0.0002859216183423996,0.009387029754431123,2.7790774290476725
43020,1,2017,0.007751764729619026,0.005668341647833586,0.005626034197462769,0.0020834230817854404,0.0021257305321562576,31.049255061391843
43020,2,2018,0.004983939230442047,0.005375085864216089,0.005626034197462769,0.00039114663377404213,0.0006420949670207215,7.551796672177421
43020,3,2019,0.009014198556542397,0.005508997477591038,0.005626034197462769,0.003505201078951359,0.003388164359079628,48.270348443906876
43060,1,2017,0.016976037994027138,0.012240144424140453,0.01249024199843872,0.004735893569886684,0.004485795995588418,32.419649364999046
43060,2,2018,0.005848683882504702,0.012020966038107872,0.01249024199843872,0.00617228215560317,0.006641558115934018,69.0811373358423
43060,3,2019,0.008250617422163486,0.011563194915652275,0.01249024199843872,0.0033125774934887886,0.004239624576275233,33.43703639823754
43100,1,2017,0.010403145104646683,0.014333589002490044,0.00953212918475887,0.003930443897843361,0.0008710159198878128,31.778182939681216
43100,2,2018,0.01709088496863842,0.014068858698010445,0.00953212918475887,0.0030220262706279755,0.00755875578387955,19.39698434691114
43100,3,2019,0.009849123656749725,0.013976257294416428,0.00953212918475887,0.004127133637666702,0.0003169944719908554,34.64483454752877
43140,1,2017,0.006685093976557255,0.009002381935715675,0.009512472935116109,0.0023172879591584206,0.002827378958558854,29.54313995393635
43140,2,2018,0.007580927573144436,0.008694072254002094,0.009512472935116109,0.0011131446808576584,0.001931545361971673,13.67918904725877
43140,3,2019,0.006918379571288824,0.008468139916658401,0.009512472935116109,0.0015497603453695774,0.0025940933638272847,20.144378192412468
43180,1,2017,0.012716161087155342,0.008664386346936226,0.004503840892349785,0.004051774740219116,0.008212320194805557,37.90148832844283
43180,2,2018,0.005524749401956797,0.008267827332019806,0.004503840892349785,0.0027430779300630093,0.001020908509607012,39.77612007043932
43180,3,2019,0.008759595453739166,0.008300001733005047,0.004503840892349785,0.0004595937207341194,0.004255754561389382,5.388092653050492
43220,1,2017,0.005854724906384945,0.005362603347748518,0.004194906889517668,0.0004921215586364269,0.001659818016867277,8.774301843934959
43220,2,2018,0.007093979977071285,0.004937435500323772,0.004194906889517668,0.002156544476747513,0.0028990730875536174,35.84852818644445
43220,3,2019,0.006348128896206617,0.0050290897488594055,0.004194906889517668,0.0013190391473472118,0.0021532220066889495,23.18735411754674
43260,1,2017,0.03401293605566025,0.015490000136196613,0.014084507042253521,0.018522935919463634,0.019928429013406725,74.83569098160312
43260,2,2018,0.016260696575045586,0.015227767638862133,0.014084507042253521,0.0010329289361834526,0.002176189532792064,6.560679499213284
43260,3,2019,0.016898931935429573,0.014951126649975777,0.014084507042253521,0.0019478052854537964,0.0028144248931760516,12.231090053892936
43300,1,2017,0.011459611356258392,0.017826348543167114,0.01339208298519698,0.006366737186908722,0.0019324716289385868,43.479776895035435
43300,2,2018,0.011078589595854282,0.017407605424523354,0.01339208298519698,0.006329015828669071,0.0023134933893426968,44.435654550275146
43300,3,2019,0.012424631044268608,0.017288612201809883,0.01339208298519698,0.004863981157541275,0.0009674519409283711,32.73947229715222
43320,1,2017,0.008406312204897404,0.009571033529937267,0.009075633443139637,0.0011647213250398636,0.0006693212382422337,12.957648969286248
43320,2,2018,0.008689185604453087,0.009307256899774075,0.009075633443139637,0.0006180712953209877,0.0003864478386865506,6.868812563762884
43320,3,2019,0.005731494631618261,0.009287882596254349,0.009075633443139637,0.0035563879646360874,0.003344138811521376,47.35729774695775
43340,1,2017,0.01790534518659115,0.012760690413415432,0.016936971885273214,0.005144654773175716,0.000968373301317934,33.552775863443
43340,2,2018,0.012129212729632854,0.012335979379713535,0.016936971885273214,0.00020676665008068085,0.00480775915564036,1.690291779782111
43340,3,2019,0.015366592444479465,0.012279212474822998,0.016936971885273214,0.0030873799696564674,0.001570379440793749,22.33524299188476
43380,1,2017,0.008004608564078808,0.012679247185587883,0.006064468382534331,0.004674638621509075,0.0019401401815444764,45.20082153003148
43380,2,2018,0.009385313838720322,0.012097311206161976,0.006064468382534331,0.002711997367441654,0.0033208454561859902,25.248274820809
43380,3,2019,0.0047294506803154945,0.011867821216583252,0.006064468382534331,0.007138370536267757,0.0013350177022188369,86.01854906858675
43420,1,2017,0.0071632652543485165,0.01371740736067295,0.007937909336072942,0.006554142106324434,0.0007746440817244255,62.77708662272769
43420,2,2018,0.00968976691365242,0.01351972483098507,0.007937909336072942,0.0038299579173326492,0.001751857577579478,33.00336180820903
43420,3,2019,0.01165685337036848,0.01310888584703207,0.007937909336072942,0.0014520324766635895,0.0037189440342955387,11.726134056492693
43460,1,2017,0.011375762522220612,0.015693185850977898,0.01740391588107324,0.004317423328757286,0.0060281533588526295,31.89944193073974
43460,2,2018,0.014150205068290234,0.015310550108551979,0.01740391588107324,0.0011603450402617455,0.0032537108127830075,7.877222694635512
43460,3,2019,0.010663940571248531,0.015047573484480381,0.01740391588107324,0.00438363291323185,0.00673997530982471,34.09858477257485
43500,1,2017,0.005192435812205076,0.007678907830268145,0.004969073597887275,0.0024864720180630684,0.00022336221431780087,38.635750164740166
43500,2,2018,0.003579022129997611,0.007240974344313145,0.004969073597887275,0.0036619522143155336,0.0013900514678896643,67.68854016880435
43500,3,2019,0.008820799179375172,0.007229265291243792,0.004969073597887275,0.00159153388813138,0.0038517255814878963,19.832105963680345
43580,1,2017,0.012135576456785202,0.012707475572824478,0.01361400453119791,0.0005718991160392761,0.0014784280744127073,4.604095222703603
43580,2,2018,0.008707821369171143,0.012451902031898499,0.01361400453119791,0.003744080662727356,0.004906183162026767,35.388731906594714
43580,3,2019,0.009653463028371334,0.012357480823993683,0.01361400453119791,0.002704017795622349,0.003960541502826575,24.56974662487704
43620,1,2017,0.015319782309234142,0.018504690378904343,0.015692594462350978,0.0031849080696702003,0.0003728121531168353,18.831969133334763
43620,2,2018,0.01690221019089222,0.018438154831528664,0.015692594462350978,0.001535944640636444,0.001209615728541242,8.692293953654987
43620,3,2019,0.014509784989058971,0.017841102555394173,0.015692594462350978,0.0033313175663352013,0.0011828094732920062,20.59490041509767
43660,1,2017,0.017129255458712578,0.01499148365110159,0.008697629469615144,0.0021377718076109886,0.008431625989097434,13.310846520436936
43660,2,2018,0.019157538190484047,0.014871408231556416,0.008697629469615144,0.004286129958927631,0.010459908720868903,25.191074952574898
43660,3,2019,0.006444747559726238,0.01469553541392088,0.008697629469615144,0.008250787854194641,0.0022528819098889055,78.05745988931976
43700,1,2017,0.01604519784450531,0.012686176225543022,0.012258013950936593,0.003359021618962288,0.003787183893568717,23.382247167577106
43700,2,2018,0.01171098556369543,0.012312590144574642,0.012258013950936593,0.0006016045808792114,0.0005470283872411625,5.008449514446215
43700,3,2019,0.011287586763501167,0.012235462665557861,0.012258013950936593,0.000947875902056694,0.000970427187435426,8.05912092272949
43740,1,2017,0.004491058643907309,0.00815710797905922,0.010350898092628626,0.0036660493351519108,0.005859839448721317,57.969610077947635
43740,2,2018,0.006629155948758125,0.007771313656121492,0.010350898092628626,0.001142157707363367,0.0037217421438705007,15.86277316730959
43740,3,2019,0.009890081360936165,0.008029576390981674,0.010350898092628626,0.0018605049699544907,0.00046081673169246114,20.764949392048536
43760,1,2017,0.008234887383878231,0.008197985589504242,0.008194010655888297,3.6901794373989105e-05,4.0876727989934414e-05,0.4491213676110467
43760,2,2018,0.011146350763738155,0.00782790407538414,0.008194010655888297,0.0033184466883540154,0.0029523401078498587,34.97839538438232
43760,3,2019,0.006018760148435831,0.008033547550439835,0.008194010655888297,0.0020147874020040035,0.0021752505074524656,28.675517379815684
43780,1,2017,0.013313865289092064,0.013829892501235008,0.010900544561525517,0.0005160272121429443,0.002413320727566547,3.8021782099597483
43780,2,2018,0.011736465618014336,0.013413157314062119,0.010900544561525517,0.001676691696047783,0.0008359210564888187,13.333726981830335
43780,3,2019,0.009525100700557232,0.01333454716950655,0.010900544561525517,0.003809446468949318,0.001375443860968285,33.3289893541061
43900,1,2017,0.016988281160593033,0.013982430100440979,0.015092160195376314,0.003005851060152054,0.0018961209652167185,19.410920622852153
43900,2,2018,0.016843318939208984,0.013037302531301975,0.015092160195376314,0.003806016407907009,0.00175115874383267,25.474805722651123
43900,3,2019,0.012961816042661667,0.01264158170670271,0.015092160195376314,0.00032023433595895767,0.0021303441527146475,2.501497762280552
43940,1,2017,0.011471223086118698,0.020329469814896584,0.014673718535014117,0.008858246728777885,0.0032024954488954187,55.71101215184192
43940,2,2018,0.01233500987291336,0.01983172632753849,0.014673718535014117,0.00749671645462513,0.0023387086621007563,46.61159327653614
43940,3,2019,0.01593017391860485,0.01891765370965004,0.014673718535014117,0.002987479791045189,0.001256455383590734,17.14585463186914
43980,1,2017,0.010237036272883415,0.009909904561936855,0.011135318324860808,0.0003271317109465599,0.0008982820519773931,3.247456288831294
43980,2,2018,0.01312112994492054,0.009484224952757359,0.011135318324860808,0.0036369049921631813,0.0019858116200597315,32.177361512414926
43980,3,2019,0.006270929239690304,0.009355190210044384,0.011135318324860808,0.00308426097035408,0.0048643890851705045,39.47568692906799
44020,1,2017,0.03264952450990677,0.014862715266644955,0.018256636142343803,0.017786809243261814,0.014392888367562966,74.87251951617736
44020,2,2018,0.019346266984939575,0.014558435417711735,0.018256636142343803,0.00478783156722784,0.001089630842595772,28.242867896165592
44020,3,2019,0.021241266280412674,0.014343619346618652,0.018256636142343803,0.006897646933794022,0.002984630138068871,38.76727365503001
44060,1,2017,0.013295062817633152,0.013300337828695774,0.014895290531904434,5.27501106262207e-06,0.001600227714271282,0.03966858141632193
44060,2,2018,0.014354930259287357,0.012760709971189499,0.014895290531904434,0.0015942202880978584,0.0005403602726170766,11.758672755750636
44060,3,2019,0.010907139629125595,0.012813854962587357,0.014895290531904434,0.0019067153334617615,0.003988150902778839,16.07617692656981
44100,1,2017,0.010114500299096107,0.012869074009358883,0.011566637891588714,0.0027545737102627754,0.0014521375924926062,23.969922822259257
44100,2,2018,0.00981227494776249,0.012514336034655571,0.011566637891588714,0.0027020610868930817,0.0017543629438262244,24.204836809125048
44100,3,2019,0.010508507490158081,0.012701672501862049,0.011566637891588714,0.002193165011703968,0.0010581304014306327,18.898294347939398
44140,1,2017,0.006921111606061459,0.006628119852393866,0.0070131542950939265,0.000292991753667593,9.204268903246788e-05,4.324843638899847
44140,2,2018,0.00677704531699419,0.0063714864663779736,0.0070131542950939265,0.00040555885061621666,0.00023610897809973625,6.168879519842911
44140,3,2019,0.005962568335235119,0.006373303476721048,0.0070131542950939265,0.0004107351414859295,0.0010505859598588076,6.659193850055167
44180,1,2017,0.013400032185018063,0.012485065497457981,0.012695625270983078,0.0009149666875600815,0.0007044069140349843,7.0694447076185405
44180,2,2018,0.013098930940032005,0.012173120863735676,0.012695625270983078,0.0009258100762963295,0.000403305669048927,7.326747484910829
44180,3,2019,0.015043787658214569,0.01211459469050169,0.012695625270983078,0.002929192967712879,0.002348162387231491,21.571180871840802
44220,1,2017,0.01415194571018219,0.00841766782104969,0.008712708359351468,0.0057342778891325,0.005439237350830722,50.81412085759779
44220,2,2018,0.007607907056808472,0.008473274298012257,0.008712708359351468,0.0008653672412037849,0.0011048013025429966,10.76247676070803
44220,3,2019,0.008138553239405155,0.008545612916350365,0.008712708359351468,0.0004070596769452095,0.0005741551199463131,4.879589775906155
44260,1,2017,0.009858577512204647,0.016858326271176338,0.013865359627625454,0.006999748758971691,0.004006782115420807,52.39938127378935
44260,2,2018,0.007212091237306595,0.01633535884320736,0.013865359627625454,0.009123267605900764,0.006653268390318859,77.48833695614135
44260,3,2019,0.015078653581440449,0.016381623223423958,0.013865359627625454,0.001302969641983509,0.0012132939538149947,8.28326613845137
44300,1,2017,0.008158699609339237,0.010181616060435772,0.011471486857149998,0.0020229164510965347,0.003312787247810761,22.059765868065426
44300,2,2018,0.008028009906411171,0.01010019052773714,0.011471486857149998,0.0020721806213259697,0.003443476950738827,22.86139195982169
44300,3,2019,0.009364982135593891,0.010213714092969894,0.011471486857149998,0.0008487319573760033,0.002106504721556107,8.669949356896426
44420,1,2017,0.008138095028698444,0.010799438692629337,0.018366809784664987,0.002661343663930893,0.010228714755966543,28.10653486105109
44420,2,2018,0.006653909105807543,0.010311329737305641,0.018366809784664987,0.0036574206314980984,0.011712900678857444,43.11661638824448
44420,3,2019,0.007910058833658695,0.01011565700173378,0.018366809784664987,0.0022055981680750847,0.010456750951006292,24.471671079613554
44460,1,2017,0.037614382803440094,0.037928517907857895,0.025898628896117264,0.0003141351044178009,0.01171575390732283,0.83167328730112
44460,2,2018,0.04157460853457451,0.03820176050066948,0.025898628896117264,0.0033728480339050293,0.015675979638457245,8.455756139082112
44460,3,2019,0.028819143772125244,0.03681957721710205,0.025898628896117264,0.008000433444976807,0.0029205148760079805,24.37717281977876
44500,1,2017,0.012623636983335018,0.014597446657717228,0.009942489521395847,0.0019738096743822098,0.002681147461939171,14.502060059816987
44500,2,2018,0.008898884057998657,0.013997972942888737,0.009942489521395847,0.0050990888848900795,0.00104360546339719,44.53962094196082
44500,3,2019,0.012561261653900146,0.014225021004676819,0.009942489521395847,0.0016637593507766724,0.0026187721325042993,12.422468252574227
44540,1,2017,0.016481757164001465,0.008377057500183582,0.0156759695541863,0.008104699663817883,0.0008057876098151659,65.20581542613797
44540,2,2018,0.009945915080606937,0.00800585001707077,0.0156759695541863,0.0019400650635361671,0.0057300544735793615,21.614186374105582
44540,3,2019,0.011697506532073021,0.007943063043057919,0.0156759695541863,0.0037544434890151024,0.003978463022113278,38.23149387881617
44580,1,2017,0.0064451186917722225,0.010340148583054543,0.011132343402114268,0.00389502989128232,0.004687224710342046,46.41007506171826
44580,2,2018,0.010810809209942818,0.009958353824913502,0.011132343402114268,0.000852455385029316,0.0003215341921714507,8.208852452610067
44580,3,2019,0.00557043356820941,0.010148926638066769,0.011132343402114268,0.004578493069857359,0.005561909833904859,58.25288176022893
44620,1,2017,0.00971551425755024,0.012073459103703499,0.028085798689900243,0.0023579448461532593,0.018370284432350004,21.643459055058756
44620,2,2018,0.005891956388950348,0.011461185291409492,0.028085798689900243,0.005569228902459145,0.022193842300949895,64.18694430893903
44620,3,2019,0.009881564415991306,0.011638376861810684,0.028085798689900243,0.001756812445819378,0.018204234273908937,16.327290179616202
44660,1,2017,0.019900374114513397,0.013190310448408127,0.011020697407325954,0.00671006366610527,0.008879676707187444,40.55559277153383
44660,2,2018,0.011705809272825718,0.012399452738463879,0.011020697407325954,0.0006936434656381607,0.0006851118654997643,5.755118343516687
44660,3,2019,0.01398832630366087,0.012436136603355408,0.011020697407325954,0.0015521897003054619,0.002967628896334916,11.748122324084818
44700,1,2017,0.014730283990502357,0.012086298316717148,0.010658114959049335,0.0026439856737852097,0.004072169031453023,19.719028006950765
44700,2,2018,0.00989580899477005,0.011613158509135246,0.010658114959049335,0.0017173495143651962,0.0007623059642792845,15.968676465939714
44700,3,2019,0.011284282431006432,0.011349821463227272,0.010658114959049335,6.553903222084045e-05,0.0006261674719570971,0.5791172786979504
44740,1,2017,0.008565003052353859,0.00776646425947547,0.011111640993848062,0.0007985387928783894,0.002546637941494203,9.779137277434003
44740,2,2018,0.012490924447774887,0.007616763468831778,0.011111640993848062,0.0048741609789431095,0.0013792834539268252,48.48054709353484
44740,3,2019,0.011578897945582867,0.0075385901145637035,0.011111640993848062,0.004040307831019163,0.0004672569517348048,42.2681651993136
44780,1,2017,0.013051996007561684,0.009617864154279232,0.012103869620273981,0.0034341318532824516,0.0009481263872877024,30.29688153276641
44780,2,2018,0.00593077065423131,0.009551675990223885,0.012103869620273981,0.0036209053359925747,0.006173098966042671,46.77429970119563
44780,3,2019,0.007521266117691994,0.009668863378465176,0.012103869620273981,0.002147597260773182,0.0045826035025819875,24.986385494466454
44860,1,2017,0.018937820568680763,0.014001144096255302,0.012083414539076203,0.004936676472425461,0.0068544060296045605,29.974682106183543
44860,2,2018,0.007699711248278618,0.013669569976627827,0.012083414539076203,0.005969858728349209,0.004383703290797585,55.873249753751196
44860,3,2019,0.007738632149994373,0.013396373018622398,0.012083414539076203,0.005657740868628025,0.004344782389081829,53.539028228654054
44900,1,2017,0.004027709364891052,0.006164208520203829,0.002047452727929664,0.0021364991553127766,0.0019802566369613883,41.92531931936618
44900,2,2018,0.003451321041211486,0.005701746791601181,0.002047452727929664,0.002250425750389695,0.0014038683132818219,49.17309328064913
44900,3,2019,0.005253029055893421,0.005750018171966076,0.002047452727929664,0.0004969891160726547,0.003205576327963757,9.03365502479237
44940,1,2017,0.003797715064138174,0.013478907756507397,0.00804554841670491,0.009681192692369223,0.004247833352566736,112.07267981988018
44940,2,2018,0.004675004165619612,0.013125021941959858,0.00804554841670491,0.008450017776340246,0.003370544251085298,94.94382736383469
44940,3,2019,0.004674054682254791,0.013153980486094952,0.00804554841670491,0.00847992580384016,0.0033714937344501185,95.13018083322599
44980,1,2017,0.01326197199523449,0.011026210151612759,0.00765719808838533,0.002235761843621731,0.0056047739068491595,18.410277966381667
44980,2,2018,0.006706166546791792,0.010609658434987068,0.00765719808838533,0.0039034918881952763,0.000951031541593538,45.0858060532784
44980,3,2019,0.007567672990262508,0.010763959027826786,0.00765719808838533,0.0031962860375642776,8.952509812282152e-05,34.8717920021594
45000,1,2017,0.005341879557818174,0.007299853954464197,0.003869729428518358,0.001957974396646023,0.0014721501292998163,30.976334787107625
45000,2,2018,0.004518670029938221,0.007169532589614391,0.003869729428518358,0.0026508625596761703,0.0006489406014198629,45.35958826145374
45000,3,2019,0.002390824491158128,0.007455962244421244,0.003869729428518358,0.005065137753263116,0.0014789049373602303,102.87889329453272
45020,1,2017,0.009022352285683155,0.014260975643992424,0.012773601224136785,0.005238623358309269,0.0037512489384536295,44.99890328553301
45020,2,2018,0.06922920793294907,0.013626957312226295,0.012773601224136785,0.05560225062072277,0.05645560670881228,134.21389644451503
45020,3,2019,0.003659032052382827,0.01349643338471651,0.012773601224136785,0.009837401332333684,0.009114569171753958,114.6852661519359
45060,1,2017,0.009476147592067719,0.011098422110080719,0.012017286334667416,0.0016222745180130005,0.002541138742599697,15.769697767810046
45060,2,2018,0.011583675630390644,0.010606715455651283,0.012017286334667416,0.0009769601747393608,0.0004336107042767715,8.805250260698374
45060,3,2019,0.013244915753602982,0.010506688617169857,0.012017286334667416,0.0027382271364331245,0.001227629418935566,23.057187555239235
45140,1,2017,0.006268142722547054,0.011666507460176945,0.004386333109469442,0.0053983647376298904,0.001881809613077612,60.20035710328091
45140,2,2018,0.004757556598633528,0.011278536170721054,0.004386333109469442,0.006520979572087526,0.0003712234891640855,81.32873262136098
45140,3,2019,0.0059768157079815865,0.011215579695999622,0.004386333109469442,0.005238763988018036,0.0015904825985121442,60.942769378913155
45180,1,2017,0.0066711558029055595,0.007342510856688023,0.012748186680342883,0.0006713550537824631,0.006077030877437323,9.581426346423685
45180,2,2018,0.0065055531449615955,0.007164249196648598,0.012748186680342883,0.0006586960516870022,0.006242633535381287,9.63723619938755
45180,3,2019,0.009897253476083279,0.007224613334983587,0.012748186680342883,0.0026726401410996914,0.002850933204259604,31.21900911437709
45220,1,2017,0.014632806181907654,0.0175319854170084,0.0133109444064495,0.002899179235100746,0.0013218617754581531,18.027030113553987
45220,2,2018,0.015755480155348778,0.017798887565732002,0.0133109444064495,0.0020434074103832245,0.002444535748899277,12.17967698503578
45220,3,2019,0.013324623927474022,0.01735365390777588,0.0133109444064495,0.004029029980301857,1.3679521024521218e-05,26.266328824729452
45300,1,2017,0.019503377377986908,0.025153672322630882,0.020533763732663628,0.005650294944643974,0.0010303863546767197,25.30527080163232
45300,2,2018,0.02611614763736725,0.025030123069882393,0.020533763732663628,0.0010860245674848557,0.005582383904703621,4.246739166435298
45300,3,2019,0.019003726541996002,0.024324288591742516,0.020533763732663628,0.005320562049746513,0.0015300371906676255,24.559448686266183
45340,1,2017,0.02488946169614792,0.015566927380859852,0.00971215633344092,0.009322534315288067,0.015177305362706998,46.086822000855044
45340,2,2018,0.01901618205010891,0.015030592679977417,0.00971215633344092,0.003985589370131493,0.00930402571666799,23.412427350941734
45340,3,2019,0.012564563192427158,0.014891786500811577,0.00971215633344092,0.0023272233083844185,0.002852406858986238,16.952162153947224
45380,1,2017,0.0035780766047537327,0.00803465861827135,0.005666133953218073,0.004456582013517618,0.0020880573484643406,76.75329007789414
45380,2,2018,0.002863571047782898,0.008035830222070217,0.005666133953218073,0.005172259174287319,0.0028025629054351754,94.90896427760951
45380,3,2019,0.01013948954641819,0.008157473988831043,0.005666133953218073,0.0019820155575871468,0.004473355593200117,21.66495517708195
45460,1,2017,0.009218174032866955,0.010633960366249084,0.011074060792258327,0.0014157863333821297,0.001855886759391372,14.26330883876878
45460,2,2018,0.010576982982456684,0.010117278434336185,0.011074060792258327,0.00045970454812049866,0.0004970778098016427,4.442819356737152
45460,3,2019,0.006365066394209862,0.009957978501915932,0.011074060792258327,0.00359291210770607,0.004708994398048465,44.022545173928584
45500,1,2017,0.012344352900981903,0.01292701717466116,0.010998535320281111,0.0005826642736792564,0.0013458175807007922,4.611258047128475
45500,2,2018,0.010797451250255108,0.012628104537725449,0.010998535320281111,0.0018306532874703407,0.00020108407002600304,15.629533169351513
45500,3,2019,0.0129664596170187,0.012283925898373127,0.010998535320281111,0.0006825337186455727,0.0019679242967375887,5.40612299105986
45520,1,2017,0.012625214643776417,0.009111731313169003,0.00856184195302557,0.0035134833306074142,0.004063372690750846,32.32728020948841
45520,2,2018,0.013948056846857071,0.008953177370131016,0.00856184195302557,0.004994879476726055,0.0053862148938315,43.621031498549456
45520,3,2019,0.010510170832276344,0.009024184197187424,0.00856184195302557,0.0014859866350889206,0.0019483288792507738,15.214076657701444
45580,1,2017,0.007896969094872475,0.006042996421456337,0.006111563819542188,0.0018539726734161377,0.0017854052753302867,26.59936771401725
45580,2,2018,0.005395485088229179,0.005771893076598644,0.006111563819542188,0.0003764079883694649,0.0007160787313130086,6.741200051682242
45580,3,2019,0.007013335824012756,0.005786661524325609,0.006111563819542188,0.0012266742996871471,0.0009017720044705684,19.16677492917827
45620,1,2017,0.01822403445839882,0.02091771923005581,0.023573796231681786,0.00269368477165699,0.005349761773282967,13.763737337423695
45620,2,2018,0.016458282247185707,0.020481165498495102,0.023573796231681786,0.004022883251309395,0.007115513984496079,21.780954550042225
45620,3,2019,0.010996459983289242,0.020117398351430893,0.023573796231681786,0.009120938368141651,0.012577336248392544,58.62940776132003
45660,1,2017,0.008128169924020767,0.00661407969892025,0.009846630184331797,0.0015140902251005173,0.0017184602603110295,20.54081618186104
45660,2,2018,0.004791783168911934,0.006347205955535173,0.009846630184331797,0.0015554227866232395,0.005054847015419863,27.927514299009232
45660,3,2019,0.008702416904270649,0.006280909292399883,0.009846630184331797,0.0024215076118707657,0.0011442132800611477,32.322676072754106
45700,1,2017,0.01331378985196352,0.015992097556591034,0.01300761421319797,0.002678307704627514,0.0003061756387655497,18.278284860477953
45700,2,2018,0.014911577105522156,0.015361903235316277,0.01300761421319797,0.0004503261297941208,0.0019039628923241854,2.975052593698708
45700,3,2019,0.012964664958417416,0.015130973421037197,0.01300761421319797,0.0021663084626197815,4.294925478055475e-05,15.42095368906972
45740,1,2017,0.025024715811014175,0.009553206153213978,0.007925568573397657,0.015471509657800198,0.01709914723761652,89.4877673644908
45740,2,2018,0.004125877749174833,0.009272539988160133,0.007925568573397657,0.0051466622389853,0.0037996908242228233,76.82486840816449
45740,3,2019,0.004612787626683712,0.009221845306456089,0.007925568573397657,0.004609057679772377,0.0033127809467139446,66.63067058610875
45780,1,2017,0.010850364342331886,0.01597941294312477,0.013214589079002338,0.005129048600792885,0.002364224736670452,38.233986324395005
45780,2,2018,0.01384156383574009,0.015157945454120636,0.013214589079002338,0.0013163816183805466,0.0006269747567377512,9.078644409397508
45780,3,2019,0.01411320362240076,0.014557033777236938,0.013214589079002338,0.0004438301548361778,0.0008986145433984224,3.0961027203538287
45820,1,2017,0.01238416787236929,0.011063444428145885,0.018461735292236176,0.001320723444223404,0.006077567419866887,11.265308075133792
45820,2,2018,0.010407759808003902,0.010258805006742477,0.018461735292236176,0.00014895480126142502,0.008053975484232274,1.441504483414834
45820,3,2019,0.009867015294730663,0.010084589011967182,0.018461735292236176,0.00021757371723651886,0.008594719997505513,2.1810136652799907
45860,1,2017,0.003244967432692647,0.006287696305662394,0.00421251719394773,0.0030427288729697466,0.0009675497612550831,63.83788969357511
45860,2,2018,0.008982392027974129,0.0059568677097558975,0.00421251719394773,0.003025524318218231,0.004769874834026399,40.50431341469238
45860,3,2019,0.005970568861812353,0.006032850593328476,0.00421251719394773,6.228173151612282e-05,0.001758051667864623,1.0377322872414398
45900,1,2017,0.01316672470420599,0.015257952734827995,0.014814518227863307,0.0020912280306220055,0.001647793523657317,14.714167289313743
45900,2,2018,0.013895664364099503,0.014660574495792389,0.014814518227863307,0.0007649101316928864,0.0009188538637638043,5.357217157238222
45900,3,2019,0.011530396528542042,0.01436248142272234,0.014814518227863307,0.002832084894180298,0.003284121699321265,21.87538832679345
45940,1,2017,0.03504118695855141,0.020871300250291824,0.021664970186665404,0.014169886708259583,0.013376216771886003,50.685937547495
45940,2,2018,0.013901808299124241,0.020989524200558662,0.021664970186665404,0.0070877159014344215,0.007763161887541163,40.62736136621189
45940,3,2019,0.015802571550011635,0.020521685481071472,0.021664970186665404,0.004719113931059837,0.005862398636653769,25.98325756729866
45980,1,2017,0.014792902395129204,0.008495723828673363,0.006377018892663448,0.006297178566455841,0.008415883502465756,54.079410283541606
45980,2,2018,0.0052971807308495045,0.008165732026100159,0.006377018892663448,0.0028685512952506542,0.0010798381618139438,42.614094235516376
45980,3,2019,0.006079853978008032,0.008241836912930012,0.006377018892663448,0.00216198293492198,0.00029716491465541645,30.191706297817735
46020,1,2017,0.01028861477971077,0.00975347962230444,0.009468962293239439,0.0005351351574063301,0.0008196524864713308,5.340109468270437
46020,2,2018,0.01068092230707407,0.009342703968286514,0.009468962293239439,0.0013382183387875557,0.0012119600138346311,13.366386807917156
46020,3,2019,0.012586263008415699,0.009049932472407818,0.009468962293239439,0.003536330536007881,0.00311730071517626,32.689008607744846
46060,1,2017,0.012746241874992847,0.01629202999174595,0.014128115963321695,0.0035457881167531013,0.0013818740883288477,24.421473233335746
46060,2,2018,0.012000148184597492,0.01580837555229664,0.014128115963321695,0.0038082273676991463,0.002127967778724203,27.388911646547516
46060,3,2019,0.013384368270635605,0.01584363356232643,0.014128115963321695,0.0024592652916908264,0.0007437476926860902,16.82813942833688
46100,1,2017,0.006564930081367493,0.006865928415209055,0.0072470103653620105,0.00030099833384156227,0.0006820802839945178,4.482187193155603
46100,2,2018,0.0035955822095274925,0.0064243776723742485,0.0072470103653620105,0.002828795462846756,0.003651428155834518,56.46315300719975
46100,3,2019,0.006257007364183664,0.0063420808874070644,0.0072470103653620105,8.507352322340012e-05,0.0009900030011783462,1.350470034038491
46140,1,2017,0.015646204352378845,0.018007613718509674,0.015081368472968752,0.002361409366130829,0.000564835879410093,14.033526059245025
46140,2,2018,0.01472034864127636,0.017940931022167206,0.015081368472968752,0.0032205823808908463,0.00036101983169239266,19.721097446409235
46140,3,2019,0.014949003234505653,0.017624514177441597,0.015081368472968752,0.0026755109429359436,0.00013236523846309883,16.427517407615028
46180,1,2017,0.013417321257293224,0.012065994553267956,0.010215073506910017,0.0013513267040252686,0.003202247750383207,10.605575693461734
46180,2,2018,0.008199029602110386,0.011764902621507645,0.010215073506910017,0.0035658730193972588,0.0020160439047996314,35.723135034709806
46180,3,2019,0.008009286597371101,0.011459387838840485,0.010215073506910017,0.0034501012414693832,0.002205786909538916,35.442571918749934
46220,1,2017,0.011098576709628105,0.01055843848735094,0.011094361680036302,0.0005401382222771645,4.215029591803088e-06,4.988110946581054
46220,2,2018,0.00837808009237051,0.010226111859083176,0.011094361680036302,0.0018480317667126656,0.002716281587665792,19.866821178731236
46220,3,2019,0.0112721873447299,0.01028402429074049,0.011094361680036302,0.0009881630539894104,0.00017782566469359828,9.168239877097989
46300,1,2017,0.01343163475394249,0.015223207883536816,0.016158221302998967,0.001791573129594326,0.002726586549056477,12.50450073682128
46300,2,2018,0.01650700345635414,0.01468869112432003,0.016158221302998967,0.001818312332034111,0.00034878215335517465,11.65745320694286
46300,3,2019,0.011934228241443634,0.014528123661875725,0.016158221302998967,0.0025938954204320908,0.0042239930615553326,19.604413467769255
46340,1,2017,0.019291553646326065,0.01927061378955841,0.015404043784611129,2.093985676765442e-05,0.0038875098617149363,0.10860308291703774
46340,2,2018,0.02529440075159073,0.019190136343240738,0.015404043784611129,0.006104264408349991,0.0098903569669796,27.44442646718203
46340,3,2019,0.013924856670200825,0.018972253426909447,0.015404043784611129,0.005047396756708622,0.001479187114410304,30.68594905456172
46380,1,2017,0.010843071155250072,0.01244774553924799,0.011833274461321088,0.0016046743839979172,0.000990203306071016,13.779454074740812
46380,2,2018,0.010003265924751759,0.0120600126683712,0.011833274461321088,0.002056746743619442,0.00183000853656933,18.644063281305414
46380,3,2019,0.01236720010638237,0.011968694627285004,0.011833274461321088,0.00039850547909736633,0.0005339256450612815,3.2750414127489256
46460,1,2017,0.005477588158100843,0.0104267792776227,0.007268615732514941,0.004949191119521856,0.0017910275744140976,62.23684189492703
46460,2,2018,0.008458100259304047,0.010072103701531887,0.007268615732514941,0.0016140034422278404,0.0011894845267891056,17.420235358739802
46460,3,2019,0.012721080332994461,0.009950418025255203,0.007268615732514941,0.002770662307739258,0.00545246460047952,24.44179949527773
46500,1,2017,0.0017847440904006362,0.006064099725335836,0.00966521558872305,0.0042793556349352,0.007880471498322415,109.0440906506719
46500,2,2018,0.006895480211824179,0.005879069212824106,0.00966521558872305,0.0010164109990000725,0.002769735376898872,15.913049761057522
46500,3,2019,0.005403170362114906,0.005922374315559864,0.00966521558872305,0.0005192039534449577,0.0042620452266081445,9.168715673916195
46520,1,2017,0.018257305026054382,0.015126680955290794,0.012289389632842032,0.003130624070763588,0.0059679153932123506,18.755238722847714
46520,2,2018,0.012732937932014465,0.015151290223002434,0.012289389632842032,0.0024183522909879684,0.00044354829917243356,17.34565798458339
46520,3,2019,0.012362943962216377,0.014871470630168915,0.012289389632842032,0.0025085266679525375,7.355432937434549e-05,18.42173429765737
46540,1,2017,0.008832411840558052,0.008652230724692345,0.006044190729302969,0.0001801811158657074,0.002788221111255083,2.061020259834108
46540,2,2018,0.007562644314020872,0.008382967673242092,0.006044190729302969,0.00082032335922122,0.001518453584717903,10.2890104867214
46540,3,2019,0.010678477585315704,0.008300887420773506,0.006044190729302969,0.002377590164542198,0.004634286856012735,25.054462159890814
46620,1,2017,0.008867263793945312,0.012410379014909267,0.019289103212257915,0.003543115220963955,0.010421839418312602,33.30362848565239
46620,2,2018,0.0085600009188056,0.011921373195946217,0.019289103212257915,0.0033613722771406174,0.010729102293452315,32.82368279709741
46620,3,2019,0.009891397319734097,0.011721845716238022,0.019289103212257915,0.0018304483965039253,0.009397705892523818,16.938203549992313
46660,1,2017,0.009979231283068657,0.013681837357580662,0.012166174160374812,0.003702606074512005,0.0021869428773061556,31.29701845587878
46660,2,2018,0.013938209041953087,0.013448426499962807,0.012166174160374812,0.0004897825419902802,0.0017720348815782744,3.5767983431242545
46660,3,2019,0.009955138899385929,0.0132256168872118,0.012166174160374812,0.0032704779878258705,0.0022110352609888834,28.217169509703954
46700,1,2017,0.008813206106424332,0.011695420369505882,0.011612224012000804,0.0028822142630815506,0.0027990179055764723,28.1073221660956
46700,2,2018,0.011870520189404488,0.01121537759900093,0.011612224012000804,0.0006551425904035568,0.00025829617740368363,5.6756926901752
46700,3,2019,0.009577097371220589,0.011061745695769787,0.011612224012000804,0.0014846483245491982,0.0020351266407802153,14.386926635218245
46780,1,2017,0.005826656706631184,0.007204560562968254,0.005823076118414171,0.0013779038563370705,3.580588217012848e-06,21.147721973226325
46780,2,2018,0.00701510813087225,0.006830104161053896,0.005823076118414171,0.00018500396981835365,0.0011920320124580788,2.6724593642131538
46780,3,2019,0.008573899045586586,0.007049630396068096,0.005823076118414171,0.0015242686495184898,0.0027508229271724152,19.512462655607507
46820,1,2017,0.008354447782039642,0.010847673751413822,0.012815184261568302,0.00249322596937418,0.00446073647952866,25.96822092412548
46820,2,2018,0.005827106535434723,0.010427037253975868,0.012815184261568302,0.004599930718541145,0.006988077726133579,56.60006393612384
46820,3,2019,0.0035206491593271494,0.010541058145463467,0.012815184261568302,0.007020408986136317,0.009294535102241153,99.85137425205625
46860,1,2017,0.010052258148789406,0.02023662067949772,0.011088625842042526,0.010184362530708313,0.0010363676932531197,67.2481753189772
46860,2,2018,0.01072271540760994,0.019887670874595642,0.011088625842042526,0.009164955466985703,0.00036591043443258593,59.88132517130116
46860,3,2019,0.01024543959647417,0.019964104518294334,0.011088625842042526,0.009718664921820164,0.0008431862455683548,64.3416641298192
46900,1,2017,0.010451344773173332,0.009949207305908203,0.005731315910132966,0.0005021374672651291,0.004720028863040366,4.9227807088709
46900,2,2018,0.006457565352320671,0.009356243535876274,0.005731315910132966,0.002898678183555603,0.0007262494421877048,36.66006552938464
46900,3,2019,0.09567829221487045,0.009395993314683437,0.005731315910132966,0.08628229890018702,0.08994697630473748,164.23102998757426
46980,1,2017,0.007761271204799414,0.017313195392489433,0.009606968254307124,0.00955192418769002,0.0018456970495077107,76.18842332065118
46980,2,2018,0.01133811566978693,0.01697804406285286,0.009606968254307124,0.005639928393065929,0.0017311474154798057,39.83539049467439
46980,3,2019,0.014640833251178265,0.01647034101188183,0.009606968254307124,0.0018295077607035637,0.00503386499687114,11.76109366480036
47020,1,2017,0.01390775665640831,0.020553821697831154,0.016248928337283777,0.006646065041422844,0.0023411716808754666,38.570857344741306
47020,2,2018,0.012250293046236038,0.02053728885948658,0.016248928337283777,0.008286995813250542,0.003998635291047738,50.549584959328236
47020,3,2019,0.01692160591483116,0.020039567723870277,0.016248928337283777,0.003117961809039116,0.0006726775775473849,16.87154740236376
47080,1,2017,0.009338979609310627,0.012676199898123741,0.010493500709772594,0.003337220288813114,0.0011545211004619672,30.31743413052301
47080,2,2018,0.004889497067779303,0.01249357033520937,0.010493500709772594,0.007604073267430067,0.005604003641993292,87.48822882331179
47080,3,2019,0.006053471472114325,0.012203074060380459,0.010493500709772594,0.006149602588266134,0.00444002923765827,67.3687057486882
47180,1,2017,0.019482281059026718,0.011891617439687252,0.018423388289717867,0.007590663619339466,0.0010588927693088515,48.38838374027011
47180,2,2018,0.043156564235687256,0.011555864475667477,0.018423388289717867,0.03160069976001978,0.02473317594596939,115.5155957376893
47180,3,2019,0.010460538789629936,0.011056318879127502,0.018423388289717867,0.0005957800894975662,0.00796284950008793,5.537795730022923
47220,1,2017,0.014008443802595139,0.009966334328055382,0.009986951401928646,0.004042109474539757,0.004021492400666493,33.71966794878266
47220,2,2018,0.013212322257459164,0.009611482731997967,0.009986951401928646,0.003600839525461197,0.003225370855530518,31.553353610029795
47220,3,2019,0.0116015849635005,0.009646615944802761,0.009986951401928646,0.0019549690186977386,0.001614633561571854,18.401257660086443
47240,1,2017,0.012243448756635189,0.013752163387835026,0.013471502590673576,0.0015087146311998367,0.0012280538340383867,11.607451614854082
47240,2,2018,0.007287973538041115,0.0133107490837574,0.013471502590673576,0.006022775545716286,0.006183529052632461,58.47714668952701
47240,3,2019,0.008502479642629623,0.013235015794634819,0.013471502590673576,0.004732536152005196,0.004969022948043952,43.54258740188508
47260,1,2017,0.01154036819934845,0.014938157983124256,0.013930646689822397,0.0033977897837758064,0.002390278490473947,25.664483567826164
47260,2,2018,0.014422689564526081,0.014456076547503471,0.013930646689822397,3.338698297739029e-05,0.0004920428747036843,0.231221592271584
47260,3,2019,0.01396621111780405,0.014246609061956406,0.013930646689822397,0.0002803979441523552,3.556442798165367e-05,1.9877335408448975
47300,1,2017,0.005921620409935713,0.008058416657149792,0.007110127982303681,0.002136796247214079,0.0011885075723679682,30.569228228779465
47300,2,2018,0.00847584381699562,0.007888690568506718,0.007110127982303681,0.000587153248488903,0.0013657158346919397,7.175919288154129
47300,3,2019,0.008334239013493061,0.007891548797488213,0.007110127982303681,0.0004426902160048485,0.00122411103118938,5.456621870454286
47340,1,2017,0.006983018945902586,0.009613786824047565,0.0042326036829969365,0.0026307678781449795,0.0027504152629056495,31.702079659258406
47340,2,2018,0.005617976654320955,0.00918000377714634,0.0042326036829969365,0.003562027122825384,0.0013853729713240188,48.142038465586324
47340,3,2019,0.00507044093683362,0.009309075772762299,0.0042326036829969365,0.0042386348359286785,0.0008378372538366836,58.95374613547053
47380,1,2017,0.016104456037282944,0.01860453002154827,0.01689974275631151,0.0025000739842653275,0.0007952867190285651,14.405913556403304
47380,2,2018,0.014936169609427452,0.018445827066898346,0.01689974275631151,0.003509657457470894,0.0019635731468840567,21.027240761771875
47380,3,2019,0.014211984351277351,0.017871303483843803,0.01689974275631151,0.003659319132566452,0.0026877584050341574,22.81136528652391
47420,1,2017,0.007984119467437267,0.01320771686732769,0.004980726752999264,0.005223597399890423,0.0030033927144380032,49.29818117188946
47420,2,2018,0.014734562486410141,0.012667172588407993,0.004980726752999264,0.0020673898980021477,0.009753835733410876,15.089476180128786
47420,3,2019,0.004250520374625921,0.012770649045705795,0.004980726752999264,0.008520128671079874,0.0007302063783733428,100.11208343063021
47460,1,2017,0.005823667626827955,0.01080340426415205,0.006415936464179055,0.004979736637324095,0.0005922688373510999,59.89910520649498
47460,2,2018,0.00955197587609291,0.010489463806152344,0.006415936464179055,0.000937487930059433,0.0031360394119138556,9.355490195801101
47460,3,2019,0.014448778703808784,0.01017878670245409,0.006415936464179055,0.004269992001354694,0.00803284223962973,34.67651143822157
47540,1,2017,0.004905351437628269,0.007310482207685709,0.010731285157940286,0.00240513077005744,0.005825933720312017,39.37723566034758
47540,2,2018,0.005893782712519169,0.007088583428412676,0.010731285157940286,0.001194800715893507,0.004837502445421117,18.406502830039663
47540,3,2019,0.014306399039924145,0.007137862965464592,0.010731285157940286,0.007168536074459553,0.0035751138819838588,66.8573507429692
47580,1,2017,0.010540696792304516,0.011561944149434566,0.011671260418795534,0.0010212473571300507,0.0011305636264910181,9.240949059205445
47580,2,2018,0.010275758802890778,0.010839767754077911,0.011671260418795534,0.0005640089511871338,0.0013955016159047564,5.342122845568855
47580,3,2019,0.009812841191887856,0.010532361455261707,0.011671260418795534,0.0007195202633738518,0.0018584192269076785,7.073116175806195
47620,1,2017,0.008072704076766968,0.007862653583288193,0.006484204177033853,0.00021005049347877502,0.0015884998997331146,2.636280479493473
47620,2,2018,0.004541047383099794,0.007896442897617817,0.006484204177033853,0.0033553955145180225,0.0019431567939340588,53.95610755836582
47620,3,2019,0.007474034558981657,0.008075290359556675,0.006484204177033853,0.0006012558005750179,0.0009898303819478038,7.733524343323324
47660,1,2017,0.008691282011568546,0.010882565751671791,0.011589496668719557,0.0021912837401032448,0.0028982146571510103,22.389901537125407
47660,2,2018,0.005062108859419823,0.010702140629291534,0.011589496668719557,0.005640031769871712,0.006527387809299734,71.55466799960362
47660,3,2019,0.014745654538273811,0.010472321882843971,0.011589496668719557,0.00427333265542984,0.0031561578695542547,33.891148833765016
47700,1,2017,0.012662345543503761,0.013207705691456795,0.014637216034233213,0.0005453601479530334,0.001974870490729452,4.21614887572078
47700,2,2018,0.008397715166211128,0.012956211343407631,0.014637216034233213,0.004558496177196503,0.006239500868022085,42.694668265433435
47700,3,2019,0.019948048517107964,0.012261131778359413,0.014637216034233213,0.00768691673874855,0.00531083248287475,47.73120136354553
47780,1,2017,0.01493441965430975,0.010582981631159782,0.008024316109422492,0.004351438023149967,0.006910103544887258,34.105638494981825
47780,2,2018,0.009583510458469391,0.010087513364851475,0.008024316109422492,0.0005040029063820839,0.0015591943490468989,5.1243153858498935
47780,3,2019,0.013517164625227451,0.00990245956927538,0.008024316109422492,0.003614705055952072,0.005492848515804959,30.869013802107403
47820,1,2017,0.008192556910216808,0.012075947597622871,0.009488493837932164,0.003883390687406063,0.0012959369277153552,38.31944058755764
47820,2,2018,0.014978363178670406,0.012126870453357697,0.009488493837932164,0.00285149272531271,0.005489869340738243,21.040155654187355
47820,3,2019,0.005649339873343706,0.011821738444268703,0.009488493837932164,0.006172398570924997,0.0038391539645884574,70.6584324767298
47900,1,2017,0.015711238607764244,0.020214790478348732,0.017929387911259483,0.004503551870584488,0.0022181493034952385,25.07124072202723
47900,2,2018,0.01617048680782318,0.02032695896923542,0.017929387911259483,0.004156472161412239,0.0017589011034363014,22.7767775748626
47900,3,2019,0.015741264447569847,0.01960022933781147,0.017929387911259483,0.003858964890241623,0.0021881234636896355,21.838147655945797
47920,1,2017,0.011300019919872284,0.010488077998161316,0.014104469872437514,0.000811941921710968,0.0028044499525652303,7.453074170235215
47920,2,2018,0.010028009302914143,0.010029531084001064,0.014104469872437514,1.521781086921692e-06,0.004076460569523372,0.015174146967761773
47920,3,2019,0.00693769846111536,0.00998774729669094,0.014104469872437514,0.0030500488355755806,0.007166771411322154,36.040965504504626
47940,1,2017,0.009739913046360016,0.012311991304159164,0.012854180252266225,0.0025720782577991486,0.003114267205906209,23.327482747443128
47940,2,2018,0.012726000510156155,0.012386742979288101,0.012854180252266225,0.00033925753086805344,0.0001281797421100704,2.701874416205733
47940,3,2019,0.010632489807903767,0.01255093328654766,0.012854180252266225,0.0019184434786438942,0.0022216904443624584,16.550124141044854
47980,1,2017,0.010615028440952301,0.013249793089926243,0.009700176366843033,0.002634764648973942,0.000914852074109268,22.08073118441953
47980,2,2018,0.009807928465306759,0.012967800721526146,0.009700176366843033,0.003159872256219387,0.00010775209846372591,27.747703205577363
47980,3,2019,0.009369181469082832,0.012787212617695332,0.009700176366843033,0.0034180311486124992,0.00033099489776020063,30.85366321380832
48020,1,2017,0.009804729372262955,0.010060991160571575,0.015741782647320107,0.00025626178830862045,0.005937053275057152,2.5799382296569977
48020,2,2018,0.013270588591694832,0.009671417996287346,0.015741782647320107,0.003599170595407486,0.0024711940556252747,31.376235664417187
48020,3,2019,0.010551412589848042,0.009617024101316929,0.015741782647320107,0.0009343884885311127,0.005190370057472065,9.265844840102957
48060,1,2017,0.008069721050560474,0.010638321749866009,0.00705707355414508,0.0025686006993055344,0.0010126474964153942,27.459840173713626
48060,2,2018,0.009014537557959557,0.010220550000667572,0.00705707355414508,0.0012060124427080154,0.0019574640038144764,12.539707054068016
48060,3,2019,0.008180132135748863,0.010179790668189526,0.00705707355414508,0.0019996585324406624,0.001123058581603783,21.782852407953428
48140,1,2017,0.01557790208607912,0.013953257352113724,0.019206169254366554,0.0016246447339653969,0.0036282671682874336,11.002914986930614
48140,2,2018,0.009495311416685581,0.013690576888620853,0.019206169254366554,0.004195265471935272,0.009710857837680973,36.18807791436853
48140,3,2019,0.013525057584047318,0.013368498533964157,0.019206169254366554,0.0001565590500831604,0.005681111670319237,1.1642862787044654
48180,1,2017,0.016937831416726112,0.013540809974074364,0.01036231884057971,0.0033970214426517487,0.006575512576146402,22.291153234405172
48180,2,2018,0.013048168271780014,0.01303328201174736,0.01036231884057971,1.4886260032653809e-05,0.0026858494312003035,0.11415204417872052
48180,3,2019,0.019547469913959503,0.012913468293845654,0.01036231884057971,0.00663400162011385,0.009185151073379793,40.873738977955796
48220,1,2017,0.008486367762088776,0.017458081245422363,0.01657952669235003,0.008971713483333588,0.008093158930261253,69.16092164986905
48220,2,2018,0.013818311505019665,0.017026517540216446,0.01657952669235003,0.003208206035196781,0.002761215187330364,20.802222572740437
48220,3,2019,0.015511169098317623,0.016881486400961876,0.01657952669235003,0.0013703173026442528,0.0010683575940324055,8.460664051710918
48260,1,2017,0.007257746532559395,0.00793401524424553,0.009011407793245189,0.0006762687116861343,0.0017536612606857942,8.903092037212852
48260,2,2018,0.010421515442430973,0.007336218375712633,0.009011407793245189,0.00308529706671834,0.001410107649185784,34.74875072323097
48260,3,2019,0.008102955296635628,0.00747052812948823,0.009011407793245189,0.000632427167147398,0.0009084524966095613,8.121840743664217
48300,1,2017,0.014123012311756611,0.009202254004776478,0.011025133567199802,0.004920758306980133,0.0030978787445568087,42.1924974452909
48300,2,2018,0.012140008620917797,0.009059331379830837,0.011025133567199802,0.00308067724108696,0.0011148750537179949,29.063883949066067
48300,3,2019,0.009397225454449654,0.009030310437083244,0.011025133567199802,0.0003669150173664093,0.0016279081127501486,3.9822450534229805
48460,1,2017,0.009291669353842735,0.010276670567691326,0.007482924869425472,0.0009850012138485909,0.0018087444844172634,10.067289452593473
48460,2,2018,0.0075570568442344666,0.009815962053835392,0.007482924869425472,0.0022589052096009254,7.413197480899466e-05,26.004736685286804
48460,3,2019,0.014408274553716183,0.009806212969124317,0.007482924869425472,0.0046020615845918655,0.006925349684290711,38.01079564216385
48540,1,2017,0.012721128761768341,0.011198708787560463,0.00984500534225096,0.0015224199742078781,0.0028761234195173804,12.729345127039469
48540,2,2018,0.01306247990578413,0.010565348900854588,0.00984500534225096,0.0024971310049295425,0.0032174745635331695,21.137193506059667
48540,3,2019,0.008445501327514648,0.010434841737151146,0.00984500534225096,0.0019893404096364975,0.0013995040147363122,21.073127211370938
48580,1,2017,0.013311561197042465,0.01160789281129837,0.009467989179440937,0.0017036683857440948,0.003843572017601528,13.67339510331247
48580,2,2018,0.013641956262290478,0.01100114919245243,0.009467989179440937,0.002640807069838047,0.00417396708284954,21.43241242924735
48580,3,2019,0.01098528690636158,0.01051644328981638,0.009467989179440937,0.00046884361654520035,0.0015172977269206425,4.360982992702512
48620,1,2017,0.01572304405272007,0.015997953712940216,0.017120818128182155,0.0002749096602201462,0.0013977740754620854,1.7332971401857593
48620,2,2018,0.012758658267557621,0.01569793000817299,0.017120818128182155,0.002939271740615368,0.004362159860624534,20.657927642195688
48620,3,2019,0.012313353829085827,0.01572926715016365,0.017120818128182155,0.0034159133210778236,0.0048074642990963284,24.36228842868185
48660,1,2017,0.014224248006939888,0.014412116259336472,0.010046273745737945,0.00018786825239658356,0.004177974261201943,1.3120952439696718
48660,2,2018,0.00911987666040659,0.013728995807468891,0.010046273745737945,0.004609119147062302,0.0009263970853313555,40.34437267155205
48660,3,2019,0.011306590400636196,0.013469881378114223,0.010046273745737945,0.0021632909774780273,0.0012603166548982511,17.462454894087315
48700,1,2017,0.0077732158824801445,0.012028012424707413,0.01407145702360541,0.004254796542227268,0.0062982411411252655,42.97505515786697
48700,2,2018,0.009811433032155037,0.011911395937204361,0.01407145702360541,0.002099962905049324,0.004260023991450373,19.334147880130892
48700,3,2019,0.021992724388837814,0.011608684435486794,0.01407145702360541,0.01038403995335102,0.007921267365232404,61.80715170178377
48780,1,2017,0.029345372691750526,0.05200665071606636,0.04818772845224476,0.022661278024315834,0.018842355760494235,55.711644995313364
48780,2,2018,0.025432486087083817,0.05990390107035637,0.04818772845224476,0.03447141498327255,0.022755242365160945,80.78947818637106
48780,3,2019,0.0224903617054224,0.05956743285059929,0.04818772845224476,0.03707707114517689,0.02569736674682236,90.36817727645638
48820,1,2017,0.00968421995639801,0.012320242822170258,0.013804322565651872,0.0026360228657722473,0.004120102609253861,23.958973180576802
48820,2,2018,0.034115828573703766,0.011984415352344513,0.013804322565651872,0.022131413221359253,0.020311506008051892,96.01427904003027
48820,3,2019,0.010831980966031551,0.011896745301783085,0.013804322565651872,0.0010647643357515335,0.0029723415996203203,9.369322809727075
48900,1,2017,0.022805841639637947,0.030512873083353043,0.021821041250286687,0.0077070314437150955,0.0009848003893512605,28.909286498339032
48900,2,2018,0.0275778416544199,0.029900899156928062,0.021821041250286687,0.0023230575025081635,0.005756800404133212,8.083187159486858
48900,3,2019,0.020738674327731133,0.028242073953151703,0.021821041250286687,0.00750339962542057,0.001082366922555554,30.6381521592292
48940,1,2017,0.018494747579097748,0.014602048322558403,0.027580452920143026,0.003892699256539345,0.009085705341045278,23.52311137277785
48940,2,2018,0.004815561696887016,0.014242015779018402,0.027580452920143026,0.009426454082131386,0.02276489122325601,98.92599568596275
48940,3,2019,0.01405770517885685,0.014107869938015938,0.027580452920143026,5.0164759159088135e-05,0.013522747741286176,0.35621315126903996
48980,1,2017,0.008036290295422077,0.013682659715414047,0.014159626780986005,0.00564636941999197,0.006123336485563928,51.99484153177553
48980,2,2018,0.01068894099444151,0.013203958980739117,0.014159626780986005,0.0025150179862976074,0.0034706857865444956,21.052420897330187
48980,3,2019,0.00947560928761959,0.012953671626746655,0.014159626780986005,0.0034780623391270638,0.004684017493366414,31.013573745207616
49020,1,2017,0.014574125409126282,0.011753227561712265,0.013930946497833371,0.0028208978474140167,0.0006431789112929104,21.429399142926535
49020,2,2018,0.01056591235101223,0.011107026599347591,0.013930946497833371,0.0005411142483353615,0.0033650341468211414,4.993452894432972
49020,3,2019,0.009778984822332859,0.01100604422390461,0.013930946497833371,0.0012270594015717506,0.004151961675500512,11.807140692322868
49080,1,2017,0.0294637568295002,0.008614115417003632,0.009225525913738394,0.020849641412496567,0.020238230915761803,109.5105094213106
49080,2,2018,0.004399601370096207,0.007979308255016804,0.009225525913738394,0.003579706884920597,0.004825924543642187,57.83552997078155
49080,3,2019,0.018561620265245438,0.008060583844780922,0.009225525913738394,0.010501036420464516,0.009336094351507044,78.88927928432258
49100,1,2017,0.01190286222845316,0.009595523588359356,0.014453621346886913,0.0023073386400938034,0.002550759118433754,21.465216844592486
49100,2,2018,0.007934767752885818,0.00929871667176485,0.014453621346886913,0.0013639489188790321,0.006518853594001095,15.82904645186816
49100,3,2019,0.006318322848528624,0.009576288051903248,0.014453621346886913,0.0032579652033746243,0.00813529849835829,40.994563176855664
49180,1,2017,0.010002889670431614,0.015601348131895065,0.013954694637733033,0.005598458461463451,0.003951804967301419,43.7307005047398
49180,2,2018,0.012103981338441372,0.015303690917789936,0.013954694637733033,0.003199709579348564,0.0018507132992916613,23.348997915510274
49180,3,2019,0.010547236539423466,0.015060617588460445,0.013954694637733033,0.00451338104903698,0.0034074580983095674,35.24996092214067
49220,1,2017,0.01388102862983942,0.008164871484041214,0.012868191985339693,0.005716157145798206,0.0010128366444997275,51.85684887827948
49220,2,2018,0.00990085955709219,0.007728756405413151,0.012868191985339693,0.002172103151679039,0.002967332428247503,24.64151146823721
49220,3,2019,0.08743485808372498,0.007648478262126446,0.012868191985339693,0.07978637982159853,0.07456666609838528,167.8240888396745
49260,1,2017,0.01049457211047411,0.016693653538823128,0.010200063011972274,0.006199081428349018,0.00029450909850183525,45.60120419957631
49260,2,2018,0.008603894151747227,0.016368785873055458,0.010200063011972274,0.007764891721308231,0.0015961688602250477,62.18706686060813
49260,3,2019,0.01033707708120346,0.016127726063132286,0.010200063011972274,0.005790648981928825,0.0001370140692311863,43.761117453181
49300,1,2017,0.006381398066878319,0.009473178535699844,0.013393085351099903,0.0030917804688215256,0.007011687284221585,39.001716617685396
49300,2,2018,0.0065549639984965324,0.00931782927364111,0.013393085351099903,0.002762865275144577,0.006838121352603371,34.812568741331006
49300,3,2019,0.007391818333417177,0.009435678832232952,0.013393085351099903,0.002043860498815775,0.006001267017682726,24.291898719115004
49340,1,2017,0.010532521642744541,0.010433956049382687,0.010248011279606091,9.856559336185455e-05,0.00028451036313844984,0.9402203631738019
49340,2,2018,0.009967123158276081,0.010128394700586796,0.010248011279606091,0.00016127154231071472,0.00028088812133001025,1.6050490780175048
49340,3,2019,0.010874987579882145,0.010127631947398186,0.010248011279606091,0.0007473556324839592,0.0006269763002760536,7.116781558358856
49380,1,2017,0.002338339341804385,0.011126835830509663,0.010449227471644191,0.008788496488705277,0.008110888129839806,130.53658566501448
49380,2,2018,0.011877121403813362,0.011010442860424519,0.010449227471644191,0.0008666785433888435,0.0014278939321691712,7.573354287204123
49380,3,2019,0.011302715167403221,0.01101757027208805,0.010449227471644191,0.0002851448953151703,0.0008534876957590302,2.5550279662576845
49420,1,2017,0.009248589165508747,0.008130721747875214,0.009019719738761017,0.0011178674176335335,0.0002288694267477305,12.86433944346645
49420,2,2018,0.010404638014733791,0.007971500977873802,0.009019719738761017,0.002433137036859989,0.0013849182759727748,26.48146831894754
49420,3,2019,0.009121129289269447,0.007969471625983715,0.009019719738761017,0.0011516576632857323,0.00010140955050843073,13.477080123073796
49460,1,2017,0.027225902304053307,0.01178409717977047,0.009909596662030598,0.015441805124282837,0.01731630564202271,79.16842537906106
49460,2,2018,0.012030077166855335,0.011658906005322933,0.009909596662030598,0.00037117116153240204,0.002120480504824737,3.1337014522704747
49460,3,2019,0.0058214194141328335,0.01121015939861536,0.009909596662030598,0.005388739984482527,0.004088177247897765,63.27935747778315
49620,1,2017,0.012086771428585052,0.008871057070791721,0.014061830070030012,0.003215714357793331,0.0019750586414449597,30.687461952614598
49620,2,2018,0.009119437076151371,0.008495071902871132,0.014061830070030012,0.0006243651732802391,0.004942392993878641,7.089210599776338
49620,3,2019,0.010803192853927612,0.008568904362618923,0.014061830070030012,0.002234288491308689,0.0032586372161024,23.06706716345539
49660,1,2017,0.011651958338916302,0.010116849094629288,0.007415121395351373,0.001535109244287014,0.004236836943564928,14.10374494593741
49660,2,2018,0.008783703669905663,0.009822437539696693,0.007415121395351373,0.0010387338697910309,0.0013685822745542892,11.165488854620893
49660,3,2019,0.007995198480784893,0.00993548147380352,0.007415121395351373,0.0019402829930186272,0.0005800770854335197,21.642033830629188
49700,1,2017,0.008012712933123112,0.00984073057770729,0.006235174907307187,0.001828017644584179,0.0017775380258159244,20.47802844951261
49700,2,2018,0.008946152403950691,0.009480725973844528,0.006235174907307187,0.000534573569893837,0.002710977496643504,5.802103523218919
49700,3,2019,0.007681958377361298,0.00930589810013771,0.006235174907307187,0.001623939722776413,0.0014467834700541103,19.118819010349238
49740,1,2017,0.0109275933355093,0.013431167230010033,0.011894587610726244,0.0025035738945007324,0.0009669942752169435,20.555831319702367
49740,2,2018,0.00920343492180109,0.013000794686377048,0.011894587610726244,0.0037973597645759583,0.0026911526889251535,34.20391629333108
49740,3,2019,0.011991406790912151,0.013021181337535381,0.011894587610726244,0.00102977454662323,9.681918018590759e-05,8.234047029700912
49780,1,2017,0.008198239840567112,0.008553970605134964,0.005813211422206236,0.000355730764567852,0.0023850284183608763,4.246968522421966
49780,2,2018,0.007145753595978022,0.008312846533954144,0.005813211422206236,0.001167092937976122,0.001332542173771786,15.099584350294283
49780,3,2019,0.0083125876262784,0.008309148252010345,0.005813211422206236,3.439374268054962e-06,0.0024993762040721648,0.041384031415706554
49820,1,2017,0.0027073239907622337,0.009180817753076553,0.006814190375834211,0.00647349376231432,0.004106866385071978,108.90664759001423
49820,2,2018,0.010427151806652546,0.008803600445389748,0.006814190375834211,0.0016235513612627983,0.0036129614308183346,16.884940284573258
49820,3,2019,0.016563892364501953,0.008699964731931686,0.006814190375834211,0.007863927632570267,0.009749701988667741,62.254346118535224
